"deal_id","title","url","merchant","category","active","first_seen","last_seen","observation_date","current_price","current_price_amount","original_price","original_price_amount","verified_at","expires_at","price_note"
"amazon-audible-standard-trial-20260801","Audible Standard — 30-day free trial","https://dealdesk.fyi/deals/amazon-audible-standard-trial/","Audible","Subscriptions","true","2026-08-01","2026-08-01","2026-08-01","$0","0","$8.99/mo","8.99","2026-08-01","","Auto-renews at $8.99/mo after the trial"
"amazon-B00JH98GR4-20260801","Shark Navigator Lift-Away vacuum","https://dealdesk.fyi/deals/amazon-b00jh98gr4/","Amazon","Home","true","2026-08-01","2026-08-01","2026-08-01","$149.00","149","$199.99","199.99","2026-08-01","",""
"amazon-B01MSP50CY-20260801","Filterbuy 16×25×1 air filters, 4-pack","https://dealdesk.fyi/deals/amazon-b01msp50cy/","Amazon","Home","false","2026-08-01","2026-08-01","2026-08-01","$31.46","31.46","$34.96","34.96","2026-08-01","",""
"amazon-B07D5DN269-20260801","Niagara queen cooling mattress topper","https://dealdesk.fyi/deals/amazon-b07d5dn269/","Amazon","Home","true","2026-08-01","2026-08-01","2026-08-01","$37.89","37.89","$69.99","69.99","2026-08-01","",""
"amazon-B07MJL8NXR-20260801","Premier Protein chocolate shakes, 12-pack","https://dealdesk.fyi/deals/amazon-b07mjl8nxr/","Amazon","Grocery","true","2026-08-01","2026-08-11","2026-08-01","$27.99","27.99","$31.98","31.98","2026-08-01","",""
"amazon-B07MJL8NXR-20260801","Premier Protein chocolate shakes, 12-pack","https://dealdesk.fyi/deals/amazon-b07mjl8nxr/","Amazon","Grocery","true","2026-08-01","2026-08-11","2026-08-11","$26.70","26.7","$31.98","31.98","2026-08-11","",""
"amazon-B07VVK39F7-20260801","Levoit Core 300 air purifier","https://dealdesk.fyi/deals/amazon-b07vvk39f7/","Amazon","Home","false","2026-08-01","2026-08-01","2026-08-01","$84.99","84.99","$99.99","99.99","2026-08-01","",""
"amazon-B0BJZ9GT1J-20260801","True Classic men's T-shirts, 6-pack","https://dealdesk.fyi/deals/amazon-b0bjz9gt1j/","Amazon","Fashion","false","2026-08-01","2026-08-01","2026-08-01","$89.99","89.99","$119.99","119.99","2026-08-01","",""
"amazon-B0C5C89QKZ-20260812","Anker SOLIX C1000 portable power station","https://dealdesk.fyi/deals/amazon-b0c5c89qkz/","Amazon","Electronics","true","2026-08-12","2026-08-12","2026-08-12","$429.98","429.98","$599.99","599.99","2026-08-12","","Limited-time deal · In stock"
"amazon-B0CP1LR1PW-20260801","Zinus 5-inch twin memory-foam mattress","https://dealdesk.fyi/deals/amazon-b0cp1lr1pw/","Amazon","Home","false","2026-08-01","2026-08-01","2026-08-01","$67.00","67","$74.99","74.99","2026-08-01","",""
"amazon-B0CXZTT4MT-20260812","Amazon Fire TV Soundbar Plus","https://dealdesk.fyi/deals/amazon-b0cxztt4mt/","Amazon","Electronics","true","2026-08-12","2026-08-12","2026-08-12","$149.99","149.99","$249.99","249.99","2026-08-12","","Limited-time deal · In stock"
"amazon-B0DGF616XN-20260801","Heavy-duty moving bags, 6-pack","https://dealdesk.fyi/deals/amazon-b0dgf616xn/","Amazon","Home","false","2026-08-01","2026-08-01","2026-08-01","$23.98","23.98","$39.99","39.99","2026-08-01","",""
"amazon-B0DSP8J476-20260801","Roborock Qrevo S5V robot vacuum and mop","https://dealdesk.fyi/deals/amazon-b0dsp8j476/","Amazon","Home","true","2026-08-01","2026-08-11","2026-08-01","$499.98","499.98","$899.99","899.99","2026-08-01","",""
"amazon-B0DSP8J476-20260801","Roborock Qrevo S5V robot vacuum and mop","https://dealdesk.fyi/deals/amazon-b0dsp8j476/","Amazon","Home","true","2026-08-01","2026-08-11","2026-08-11","$499.99","499.99","$899.99","899.99","2026-08-11","",""
"amazon-B0FMTSRKYL-20260812","Keurig K-Mini Mate coffee maker","https://dealdesk.fyi/deals/amazon-b0fmtsrkyl/","Amazon","Home","true","2026-08-12","2026-08-12","2026-08-12","$49.99","49.99","$59.99","59.99","2026-08-12","","Limited-time deal · In stock"
"amazon-B0FWK41WF2-20260812","eufy C28 robot vacuum and mop","https://dealdesk.fyi/deals/amazon-b0fwk41wf2/","Amazon","Home","true","2026-08-12","2026-08-12","2026-08-12","$499.99","499.99","$799.99","799.99","2026-08-12","","Limited-time deal · In stock"
"amazon-B0GT2DG9SK-20260801","Dyson V8 cordless vacuum","https://dealdesk.fyi/deals/amazon-b0gt2dg9sk/","Amazon","Home","false","2026-08-01","2026-08-01","2026-08-01","$299.99","299.99","$389.99","389.99","2026-08-01","",""
"amazon-kids-plus-trial-20260801","Amazon Kids+ — 1-month free trial","https://dealdesk.fyi/deals/amazon-kids-plus-trial/","Amazon Kids+","Subscriptions","true","2026-08-01","2026-08-11","2026-08-01","$0","0","$7.99/mo","7.99","2026-08-01","","$7.99/mo with Prime · $8.99/mo without Prime"
"amazon-kids-plus-trial-20260801","Amazon Kids+ — 1-month free trial","https://dealdesk.fyi/deals/amazon-kids-plus-trial/","Amazon Kids+","Subscriptions","true","2026-08-01","2026-08-11","2026-08-11","$0","0","$7.99/mo","7.99","2026-08-11","","$7.99/mo with Prime · $8.99/mo without Prime · tax may apply · D.C. residents excluded · cancel anytime"
"amazon-kindle-unlimited-two-months-20260801","Kindle Unlimited — 2 months for $0.99","https://dealdesk.fyi/deals/amazon-kindle-unlimited-two-months/","Kindle Unlimited","Subscriptions","false","2026-08-01","2026-08-01","2026-08-01","$0.99","0.99","$23.98","23.98","2026-08-01","","Two-month offer · renews at $11.99/mo"
"amazon-music-unlimited-20260731","Amazon Music Unlimited — 2 months free for new subscribers","https://dealdesk.fyi/deals/amazon-music-unlimited/","Amazon Music Unlimited","Streaming","false","2026-08-02","2026-08-11","2026-08-02","$11.99/mo","11.99","","","2026-08-02","","The current Amazon page shows $11.99 per month plus taxes until canceled; eligibility and terms can vary."
"amazon-music-unlimited-20260731","Amazon Music Unlimited — 2 months free for new subscribers","https://dealdesk.fyi/deals/amazon-music-unlimited/","Amazon Music Unlimited","Streaming","false","2026-08-02","2026-08-11","2026-08-11","$0","0","$12.99/mo","12.99","2026-08-11","2026-08-17","New subscribers · renews at $12.99/mo, or $11.99/mo for Prime, until canceled · offer ends Aug. 17 at 8:00 AM PT"
"amazon-prime-video-channels-paid-20260731","Prime Video Channels — trials and subscriptions","https://dealdesk.fyi/deals/amazon-prime-video-channels-paid/","Prime Video Channels","Streaming","true","2026-08-02","2026-08-02","2026-08-02","See terms","","","","2026-08-02","","Browse channel trials and subscriptions; prices and availability vary."
"amazon-prime-video-free-trial-20260731","Prime with Prime Video — 30-day free trial for eligible customers","https://dealdesk.fyi/deals/amazon-prime-video-free-trial/","Amazon Prime Video","Streaming","true","2026-08-02","2026-08-11","2026-08-02","See terms","","","","2026-08-02","","Eligible customers may see a Prime membership trial that includes Prime Video."
"amazon-prime-video-free-trial-20260731","Prime with Prime Video — 30-day free trial for eligible customers","https://dealdesk.fyi/deals/amazon-prime-video-free-trial/","Amazon Prime Video","Streaming","true","2026-08-02","2026-08-11","2026-08-11","$0","0","","","2026-08-11","","Eligibility required · Amazon shows renewal price and terms before signup"
"amazon-prime-young-adults-20260801","Prime for Young Adults — 6-month $0 trial","https://dealdesk.fyi/deals/amazon-prime-young-adults/","Amazon Prime","Subscriptions","true","2026-08-01","2026-08-11","2026-08-01","$0","0","$7.49/mo","7.49","2026-08-01","","For eligible students and ages 18–24 · then $7.49/mo or $69/year"
"amazon-prime-young-adults-20260801","Prime for Young Adults — 6-month $0 trial","https://dealdesk.fyi/deals/amazon-prime-young-adults/","Amazon Prime","Subscriptions","true","2026-08-01","2026-08-11","2026-08-11","$0","0","$7.49/mo","7.49","2026-08-11","","Eligible students and ages 18–24 · then $7.49/mo or $69/year · cancel anytime"
"cj-curiositystream-standard-monthly-20260811","CuriosityStream Standard — $5.99/month","https://dealdesk.fyi/deals/cj-curiositystream-standard-monthly/","CuriosityStream","Streaming","true","2026-08-11","2026-08-11","2026-08-11","$5.99/mo","5.99","","","2026-08-11","","Standard Monthly is $5.99 per month with no trial; cancel anytime. Tax is not included in the pre-checkout price."
"cj-magzter-gold-annual-50off-20260803","Magzter GOLD annual subscription","https://dealdesk.fyi/deals/cj-magzter-gold-annual-50off/","Magzter","Subscriptions","true","2026-08-04","2026-08-04","2026-08-04","$74.99","74.99","$149.99","149.99","2026-08-04","2026-11-30","Annual GOLD subscription"
"cj-malwarebytes-standard-2-year-25off-20260811","Malwarebytes Standard 2-year plan","https://dealdesk.fyi/deals/cj-malwarebytes-standard-2-year-25off/","Malwarebytes","Subscriptions","true","2026-08-11","2026-08-11","2026-08-11","$67.48","67.48","$89.98","89.98","2026-08-11","","1 device · initial 2-year term · then $89.98 per billing cycle · renewal price may change · tax may apply · cancel anytime · 60-day money-back guarantee"
"cj-nordpass-premium-20260801","NordPass Premium 2-year plan","https://dealdesk.fyi/deals/cj-nordpass-premium/","NordPass","Subscriptions","true","2026-08-01","2026-08-11","2026-08-01","$1.39/mo","1.39","$2.99/mo","2.99","2026-08-01","","$37.53 for 27 months · was $80.73"
"cj-nordpass-premium-20260801","NordPass Premium 2-year plan","https://dealdesk.fyi/deals/cj-nordpass-premium/","NordPass","Subscriptions","true","2026-08-01","2026-08-11","2026-08-11","$1.39/mo","1.39","$2.99/mo","2.99","2026-08-11","","$37.53 for the first 27 months · was $80.73 · VAT excluded · 30-day money-back guarantee"
"cj-nordvpn-2-year-20260801","NordVPN Basic 2-year plan","https://dealdesk.fyi/deals/cj-nordvpn-2-year/","NordVPN","Subscriptions","true","2026-08-01","2026-08-11","2026-08-01","$3.49/mo","3.49","$11.59/mo","11.59","2026-08-01","","$94.23 for 27 months · 30-day money-back guarantee"
"cj-nordvpn-2-year-20260801","NordVPN Basic 2-year plan","https://dealdesk.fyi/deals/cj-nordvpn-2-year/","NordVPN","Subscriptions","true","2026-08-01","2026-08-11","2026-08-11","$3.49/mo","3.49","$11.59/mo","11.59","2026-08-11","","$94.23 for the first 27 months · renews at $139.08/year · sales tax may apply · 30-day money-back guarantee"
"cj-proton-vpn-plus-2-year-70off-20260804","Proton VPN Plus 2-year plan","https://dealdesk.fyi/deals/cj-proton-vpn-plus-2-year-70off/","Proton VPN","Subscriptions","true","2026-08-04","2026-08-04","2026-08-04","$71.76","71.76","$239.76","239.76","2026-08-04","","$2.99/mo for the first 24 months · then $83.88/year · 30-day money-back guarantee"
"cj-surfshark-starter-20260801","Surfshark Starter 24-month plan","https://dealdesk.fyi/deals/cj-surfshark-starter/","Surfshark","Subscriptions","true","2026-08-01","2026-08-11","2026-08-01","$2.49/mo","2.49","$16.45/mo","16.45","2026-08-01","","$67.23 for 27 months · was $444.15"
"cj-surfshark-starter-20260801","Surfshark Starter 24-month plan","https://dealdesk.fyi/deals/cj-surfshark-starter/","Surfshark","Subscriptions","true","2026-08-01","2026-08-11","2026-08-11","$2.49/mo","2.49","$16.45/mo","16.45","2026-08-11","","$67.23 for the first 27 months · was $444.15 · VAT may apply · 30-day money-back guarantee"
"ebay-item-115896378894","Dell Precision 15.6 Laptop: i5 Quad Core! 16GB RAM - 256GB SSD! Windows 11 Pro","https://dealdesk.fyi/deals/ebay-item-115896378894/","eBay","Electronics","true","2026-08-04","2026-08-04","2026-08-04","$249.59","249.59","$349.59","349.59","2026-08-04","","Refurbished · Free shipping"
"ebay-item-116396531355","Melissa & Doug 9286 Wooden Scoop & Serve Ice Cream Counter","https://dealdesk.fyi/deals/ebay-item-116396531355/","eBay","Collectibles","true","2026-08-04","2026-08-26","2026-08-04","$25.00","25","$47.29","47.29","2026-08-04","2027-02-06","Free shipping"
"ebay-item-116396531355","Melissa & Doug 9286 Wooden Scoop & Serve Ice Cream Counter","https://dealdesk.fyi/deals/ebay-item-116396531355/","eBay","Collectibles","true","2026-08-04","2026-08-26","2026-08-11","$24.00","24","$47.29","47.29","2026-08-11","","Free shipping"
"ebay-item-116396531355","Melissa & Doug 9286 Wooden Scoop & Serve Ice Cream Counter","https://dealdesk.fyi/deals/ebay-item-116396531355/","eBay","Collectibles","true","2026-08-04","2026-08-26","2026-08-23","$20.00","20","$47.29","47.29","2026-08-23","","Free shipping"
"ebay-item-116396531355","Melissa & Doug 9286 Wooden Scoop & Serve Ice Cream Counter","https://dealdesk.fyi/deals/ebay-item-116396531355/","eBay","Collectibles","true","2026-08-04","2026-08-26","2026-08-24","$18.00","18","$47.29","47.29","2026-08-24","","Free shipping"
"ebay-item-116396531355","Melissa & Doug 9286 Wooden Scoop & Serve Ice Cream Counter","https://dealdesk.fyi/deals/ebay-item-116396531355/","eBay","Collectibles","true","2026-08-04","2026-08-26","2026-08-26","$16.00","16","$47.29","47.29","2026-08-26","","Free shipping"
"ebay-item-117063460661","Lenovo ThinkStation P320 Tiny PC i5-7400T | 16GB | 128GB M.2 | P600 | Win 10P","https://dealdesk.fyi/deals/ebay-item-117063460661/","eBay","Electronics","true","2026-08-04","2026-08-30","2026-08-04","$159.99","159.99","$199.99","199.99","2026-08-04","2028-01-31","Refurbished · Free shipping"
"ebay-item-117063460661","Lenovo ThinkStation P320 Tiny PC i5-7400T | 16GB | 128GB M.2 | P600 | Win 10P","https://dealdesk.fyi/deals/ebay-item-117063460661/","eBay","Electronics","true","2026-08-04","2026-08-30","2026-08-11","$159.99","159.99","$199.99","199.99","2026-08-11","","Refurbished · Free shipping"
"ebay-item-117063460661","Lenovo ThinkStation P320 Tiny PC i5-7400T | 16GB | 128GB M.2 | P600 | Win 10P","https://dealdesk.fyi/deals/ebay-item-117063460661/","eBay","Electronics","true","2026-08-04","2026-08-30","2026-08-30","$199.99","199.99","","","2026-08-30","","Refurbished · Free shipping"
"ebay-item-117276570983","Lenovo ThinkBook G7 16"" WUXGA Ryzen 5 7535HS 16GB 512GB SSD Cam FPReader W11Pro","https://dealdesk.fyi/deals/ebay-item-117276570983/","eBay","Electronics","true","2026-08-04","2026-08-11","2026-08-04","$689.00","689","$1,149.00","1149","2026-08-04","2027-08-31","Refurbished · Free shipping"
"ebay-item-117276570983","Lenovo ThinkBook G7 16"" WUXGA Ryzen 5 7535HS 16GB 512GB SSD Cam FPReader W11Pro","https://dealdesk.fyi/deals/ebay-item-117276570983/","eBay","Electronics","true","2026-08-04","2026-08-11","2026-08-11","$649.00","649","$1149.00","1149","2026-08-11","","Refurbished · Free shipping"
"ebay-item-117313896189","Lenovo Thinkpad L14 G2 14"" AMD Ryzen 5 Pro 5650U 2.3Ghz 16GB RAM 256GB SSD Black","https://dealdesk.fyi/deals/ebay-item-117313896189/","eBay","Electronics","true","2026-08-04","2026-08-04","2026-08-04","$289.99","289.99","","","2026-08-04","","Refurbished · Free shipping"
"ebay-item-117339667282","2024 Select TJ Watt Zebra Shock Prizm PSA 10 #294 SSP Case Hit","https://dealdesk.fyi/deals/ebay-item-117339667282/","eBay","Sports collectibles","true","2026-08-04","2026-08-04","2026-08-04","$249.99","249.99","","","2026-08-04","","Confirm condition, shipping, seller, and availability on eBay"
"ebay-item-117351100001","1935 Mickey Mouse Gum Card - #63 RARE- Type 2 - Mail Must Go Through","https://dealdesk.fyi/deals/ebay-item-117351100001/","eBay","Collectibles","true","2026-08-11","2026-08-11","2026-08-11","$475.00","475","","","2026-08-11","","Pre-Owned"
"ebay-item-117351106363","1935 Mickey Mouse Gum Card - #33 RARE- Type 2 - Mickey Mouse Clubs","https://dealdesk.fyi/deals/ebay-item-117351106363/","eBay","Collectibles","true","2026-08-11","2026-08-11","2026-08-11","$375.00","375","","","2026-08-11","","Pre-Owned"
"ebay-item-117351751745","2014 TOPPS FINEST TOM BRADY #97 REFRACTOR HOLO PSA 9 MINT NICE 🔥","https://dealdesk.fyi/deals/ebay-item-117351751745/","eBay","Sports collectibles","true","2026-08-11","2026-08-11","2026-08-11","$295.00","295","","","2026-08-11","","Free shipping"
"ebay-item-121952240942","Hobbywing LED Program Card [HWA30501003]","https://dealdesk.fyi/deals/ebay-item-121952240942/","eBay","Collectibles","true","2026-08-04","2026-08-11","2026-08-04","$9.99","9.99","$15.00","15","2026-08-04","2027-02-06","Confirm condition, shipping, seller, and availability on eBay"
"ebay-item-121952240942","Hobbywing LED Program Card [HWA30501003]","https://dealdesk.fyi/deals/ebay-item-121952240942/","eBay","Collectibles","true","2026-08-04","2026-08-11","2026-08-11","$9.99","9.99","$15.00","15","2026-08-11","","Confirm condition, shipping, seller, and availability on eBay"
"ebay-item-126209199569","Hobbywing Quicrun 1060 1/10 Brushed ESC [HWA30120203]","https://dealdesk.fyi/deals/ebay-item-126209199569/","eBay","Collectibles","true","2026-08-04","2026-08-04","2026-08-04","$23.99","23.99","$30.00","30","2026-08-04","","Confirm condition, shipping, seller, and availability on eBay"
"ebay-item-126617721818","LEGO 76925 Speed Champions Aston Martin Safety Car & AMR23 Racing Car Toy, 2","https://dealdesk.fyi/deals/ebay-item-126617721818/","eBay","Collectibles","true","2026-08-04","2026-08-04","2026-08-04","$19.00","19","$25.00","25","2026-08-04","","Free shipping"
"ebay-item-126995399789-428156245809","Samsung Galaxy S23 128GB - 5G SM-S911U1 - FACTORY UNLOCKED - EXCELLENT","https://dealdesk.fyi/deals/ebay-item-126995399789-428156245809/","eBay","Electronics","true","2026-08-11","2026-08-11","2026-08-11","$250.99","250.99","","","2026-08-11","","Refurbished · Free shipping"
"ebay-item-126997322141","Bandai 1/60 PG 00 Gundam Seven Sword/G ""Gundam 00"" Plastic Model Kit","https://dealdesk.fyi/deals/ebay-item-126997322141/","eBay","Collectibles","true","2026-08-11","2026-08-11","2026-08-11","$136.99","136.99","$272.00","272","2026-08-11","","Free shipping"
"ebay-item-127199857496","Samsung Galaxy S22+ Green 128 Good - Refurbished - Unlocked","https://dealdesk.fyi/deals/ebay-item-127199857496/","eBay","Electronics","true","2026-08-04","2026-08-04","2026-08-04","$161.14","161.14","$999.99","999.99","2026-08-04","","Refurbished · Free shipping"
"ebay-item-127239280933","Samsung Galaxy S22 Purple 128GB Good - Refurbished  - Unlocked","https://dealdesk.fyi/deals/ebay-item-127239280933/","eBay","Electronics","true","2026-08-04","2026-08-27","2026-08-04","$138.86","138.86","$799.99","799.99","2026-08-04","2028-01-31","Refurbished · Free shipping"
"ebay-item-127239280933","Samsung Galaxy S22 Purple 128GB Good - Refurbished  - Unlocked","https://dealdesk.fyi/deals/ebay-item-127239280933/","eBay","Electronics","true","2026-08-04","2026-08-27","2026-08-11","$144.99","144.99","$799.99","799.99","2026-08-11","","Refurbished · Free shipping"
"ebay-item-127239280933","Samsung Galaxy S22 Purple 128GB Good - Refurbished  - Unlocked","https://dealdesk.fyi/deals/ebay-item-127239280933/","eBay","Electronics","true","2026-08-04","2026-08-27","2026-08-24","$157.29","157.29","$799.99","799.99","2026-08-24","","Refurbished · Free shipping"
"ebay-item-127239280933","Samsung Galaxy S22 Purple 128GB Good - Refurbished  - Unlocked","https://dealdesk.fyi/deals/ebay-item-127239280933/","eBay","Electronics","true","2026-08-04","2026-08-27","2026-08-25","$156.45","156.45","$799.99","799.99","2026-08-25","","Refurbished · Free shipping"
"ebay-item-127239280933","Samsung Galaxy S22 Purple 128GB Good - Refurbished  - Unlocked","https://dealdesk.fyi/deals/ebay-item-127239280933/","eBay","Electronics","true","2026-08-04","2026-08-27","2026-08-27","$165.86","165.86","$799.99","799.99","2026-08-27","","Refurbished · Free shipping"
"ebay-item-127244140495","Samsung Galaxy S22 Gold 128GB Good - Refurbished  - Unlocked","https://dealdesk.fyi/deals/ebay-item-127244140495/","eBay","Electronics","true","2026-08-11","2026-08-11","2026-08-11","$144.99","144.99","$799.99","799.99","2026-08-11","","Refurbished · Free shipping"
"ebay-item-127257209493","Samsung Galaxy S22 Purple 128GB Very Good - Refurbished  - Unlocked","https://dealdesk.fyi/deals/ebay-item-127257209493/","eBay","Electronics","true","2026-08-11","2026-08-29","2026-08-11","$151.99","151.99","$799.99","799.99","2026-08-11","","Refurbished · Free shipping"
"ebay-item-127257209493","Samsung Galaxy S22 Purple 128GB Very Good - Refurbished  - Unlocked","https://dealdesk.fyi/deals/ebay-item-127257209493/","eBay","Electronics","true","2026-08-11","2026-08-29","2026-08-27","$174.87","174.87","$799.99","799.99","2026-08-27","","Refurbished · Free shipping"
"ebay-item-127257209493","Samsung Galaxy S22 Purple 128GB Very Good - Refurbished  - Unlocked","https://dealdesk.fyi/deals/ebay-item-127257209493/","eBay","Electronics","true","2026-08-11","2026-08-29","2026-08-28","$174.86","174.86","$799.99","799.99","2026-08-28","","Refurbished · Free shipping"
"ebay-item-127257209493","Samsung Galaxy S22 Purple 128GB Very Good - Refurbished  - Unlocked","https://dealdesk.fyi/deals/ebay-item-127257209493/","eBay","Electronics","true","2026-08-11","2026-08-29","2026-08-29","$174.88","174.88","$799.99","799.99","2026-08-29","","Refurbished · Free shipping"
"ebay-item-127293998532","Reward Round Jumbo Booster Box Sealed Pokémon Chinese CSV4C US Seller In Stock","https://dealdesk.fyi/deals/ebay-item-127293998532/","eBay","Toys & hobbies","true","2026-08-11","2026-08-11","2026-08-11","$64.99","64.99","","","2026-08-11","","Free shipping"
"ebay-item-127435922815","Samsung Galaxy S22 Gold 128GB Very Good - Refurbished  - Unlocked","https://dealdesk.fyi/deals/ebay-item-127435922815/","eBay","Electronics","true","2026-08-11","2026-08-27","2026-08-11","$151.99","151.99","$799.99","799.99","2026-08-11","","Refurbished · Free shipping"
"ebay-item-127435922815","Samsung Galaxy S22 Gold 128GB Very Good - Refurbished  - Unlocked","https://dealdesk.fyi/deals/ebay-item-127435922815/","eBay","Electronics","true","2026-08-11","2026-08-27","2026-08-24","$151.98","151.98","$799.99","799.99","2026-08-24","","Refurbished · Free shipping"
"ebay-item-127435922815","Samsung Galaxy S22 Gold 128GB Very Good - Refurbished  - Unlocked","https://dealdesk.fyi/deals/ebay-item-127435922815/","eBay","Electronics","true","2026-08-11","2026-08-27","2026-08-27","$151.97","151.97","$799.99","799.99","2026-08-27","","Refurbished · Free shipping"
"ebay-item-127450619690","Lenovo ThinkPad T16 Gen 1, Core i7-1270P (12-cores), 32GB DDR4, 512GB SSD, FHD+","https://dealdesk.fyi/deals/ebay-item-127450619690/","eBay","Electronics","true","2026-08-04","2026-08-11","2026-08-04","$689.00","689","","","2026-08-04","2028-01-31","Refurbished · Free shipping"
"ebay-item-127450619690","Lenovo ThinkPad T16 Gen 1, Core i7-1270P (12-cores), 32GB DDR4, 512GB SSD, FHD+","https://dealdesk.fyi/deals/ebay-item-127450619690/","eBay","Electronics","true","2026-08-04","2026-08-11","2026-08-11","$689.00","689","","","2026-08-11","","Refurbished · Free shipping"
"ebay-item-127517805514","Samsung Galaxy S23 Lavender 128 Good - Refurbished  - Unlocked","https://dealdesk.fyi/deals/ebay-item-127517805514/","eBay","Electronics","true","2026-08-11","2026-08-11","2026-08-11","$208.98","208.98","$799.99","799.99","2026-08-11","","Refurbished · Free shipping"
"ebay-item-127606304592","Samsung Q-Series HW-Q60CF 3.1.2 Ch Soundbar W/ Subwoofer (2025)","https://dealdesk.fyi/deals/ebay-item-127606304592/","eBay","Electronics","true","2026-08-04","2026-08-11","2026-08-04","$174.99","174.99","","","2026-08-04","2026-11-30","Refurbished · Free shipping"
"ebay-item-127606304592","Samsung Q-Series HW-Q60CF 3.1.2 Ch Soundbar W/ Subwoofer (2025)","https://dealdesk.fyi/deals/ebay-item-127606304592/","eBay","Electronics","true","2026-08-04","2026-08-11","2026-08-11","$174.99","174.99","","","2026-08-11","","Refurbished · Free shipping"
"ebay-item-127658009691","Gem Pack Volume 4 Booster Box Pokemon CBB4C Chinese Vol 4 V4 US Seller","https://dealdesk.fyi/deals/ebay-item-127658009691/","eBay","Toys & hobbies","true","2026-08-11","2026-08-11","2026-08-11","$37.99","37.99","","","2026-08-11","","Free shipping"
"ebay-item-127706712770","Apple iPhone 12 A2172 64GB Red Unlocked Excellent Condition","https://dealdesk.fyi/deals/ebay-item-127706712770/","eBay","Electronics","true","2026-08-11","2026-08-29","2026-08-11","$171.78","171.78","$799.99","799.99","2026-08-11","","Refurbished · Free shipping"
"ebay-item-127706712770","Apple iPhone 12 A2172 64GB Red Unlocked Excellent Condition","https://dealdesk.fyi/deals/ebay-item-127706712770/","eBay","Electronics","true","2026-08-11","2026-08-29","2026-08-29","$223.50","223.5","$799.99","799.99","2026-08-29","","Refurbished · Free shipping"
"ebay-item-127709044208-428869292267","iPhone 12 64GB Unlocked Excellent All Colors","https://dealdesk.fyi/deals/ebay-item-127709044208-428869292267/","eBay","Electronics","true","2026-08-04","2026-08-11","2026-08-04","$182.12","182.12","$799.00","799","2026-08-04","2026-08-31","Refurbished · Free shipping"
"ebay-item-127709044208-428869292267","iPhone 12 64GB Unlocked Excellent All Colors","https://dealdesk.fyi/deals/ebay-item-127709044208-428869292267/","eBay","Electronics","true","2026-08-04","2026-08-11","2026-08-11","$182.78","182.78","$799.00","799","2026-08-11","","Refurbished · Free shipping"
"ebay-item-127719142412","Tamiya 1/14 Ford Aeromax 6x4 Semi Truck Kit [TAM56309]","https://dealdesk.fyi/deals/ebay-item-127719142412/","eBay","Collectibles","true","2026-08-11","2026-08-11","2026-08-11","$304.50","304.5","$435.00","435","2026-08-11","","Free shipping"
"ebay-item-127765710395","Voyage Aeronautics VL-6503 VA-2500 Premium HD Video Drone with Optical Flow","https://dealdesk.fyi/deals/ebay-item-127765710395/","eBay","Collectibles","true","2026-08-11","2026-08-11","2026-08-11","$16.00","16","$49.97","49.97","2026-08-11","","Free shipping"
"ebay-item-127811953870","Gem Pack Volume 5 Pokemon Booster Box V5 S-Chinese CBB5C US SELLER Vol 5","https://dealdesk.fyi/deals/ebay-item-127811953870/","eBay","Toys & hobbies","true","2026-08-11","2026-08-28","2026-08-11","$58.99","58.99","","","2026-08-11","","Free shipping"
"ebay-item-127811953870","Gem Pack Volume 5 Pokemon Booster Box V5 S-Chinese CBB5C US SELLER Vol 5","https://dealdesk.fyi/deals/ebay-item-127811953870/","eBay","Toys & hobbies","true","2026-08-11","2026-08-28","2026-08-28","$56.99","56.99","","","2026-08-28","","Free shipping"
"ebay-item-127834076242","Pokémon TCG Brilliant Fantasy CSV8C Slim Booster Box Simplified Chinese Sealed","https://dealdesk.fyi/deals/ebay-item-127834076242/","eBay","Toys & hobbies","true","2026-08-11","2026-08-11","2026-08-11","$34.99","34.99","","","2026-08-11","","Free shipping"
"ebay-item-127846248795-429050035346","Samsung Galaxy S22 128GB Good Condition All Colors","https://dealdesk.fyi/deals/ebay-item-127846248795-429050035346/","eBay","Electronics","true","2026-08-11","2026-08-11","2026-08-11","$144.99","144.99","$799.99","799.99","2026-08-11","","Refurbished · Free shipping"
"ebay-item-127875327929","Melissa & Doug Jet Pilot Interactive Dashboard Play Set [LCI32300]","https://dealdesk.fyi/deals/ebay-item-127875327929/","eBay","Collectibles","true","2026-08-04","2026-08-11","2026-08-04","$66.99","66.99","$109.99","109.99","2026-08-04","2027-02-06","Free shipping"
"ebay-item-127875327929","Melissa & Doug Jet Pilot Interactive Dashboard Play Set [LCI32300]","https://dealdesk.fyi/deals/ebay-item-127875327929/","eBay","Collectibles","true","2026-08-04","2026-08-11","2026-08-11","$66.99","66.99","$109.99","109.99","2026-08-11","","Free shipping"
"ebay-item-127888507110","Samsung Galaxy S24 SM-S921U 128GB Onyx Black Unlocked Good","https://dealdesk.fyi/deals/ebay-item-127888507110/","eBay","Electronics","true","2026-08-04","2026-08-11","2026-08-04","$290.07","290.07","$799.99","799.99","2026-08-04","2028-01-31","Refurbished · Free shipping"
"ebay-item-127888507110","Samsung Galaxy S24 SM-S921U 128GB Onyx Black Unlocked Good","https://dealdesk.fyi/deals/ebay-item-127888507110/","eBay","Electronics","true","2026-08-04","2026-08-11","2026-08-11","$318.86","318.86","$799.99","799.99","2026-08-11","","Refurbished · Free shipping"
"ebay-item-127908044907","Pokémon Terastal Grand Gathering CSV9.5C Eeveelution Badge Set Box Chinese US","https://dealdesk.fyi/deals/ebay-item-127908044907/","eBay","Toys & hobbies","true","2026-08-11","2026-08-11","2026-08-11","$15.99","15.99","","","2026-08-11","","Free shipping"
"ebay-item-127912674651-429107314917","Apple iPhone 13 Mini A2628 128GB Unlocked Good Condition All Colors","https://dealdesk.fyi/deals/ebay-item-127912674651-429107314917/","eBay","Electronics","true","2026-08-04","2026-08-04","2026-08-04","$200.40","200.4","$499.99","499.99","2026-08-04","","Refurbished · Free shipping"
"ebay-item-127913124849","Samsung Galaxy S22 128GB Phantom Black Unlocked Very Good","https://dealdesk.fyi/deals/ebay-item-127913124849/","eBay","Electronics","true","2026-08-04","2026-08-04","2026-08-04","$156.77","156.77","$799.99","799.99","2026-08-04","","Refurbished · Free shipping"
"ebay-item-127914950186","Pokémon TCG Terastal Grand Gathering CSV9.5C Booster Box Simplified Chinese","https://dealdesk.fyi/deals/ebay-item-127914950186/","eBay","Toys & hobbies","true","2026-08-11","2026-08-29","2026-08-11","$103.99","103.99","","","2026-08-11","","Free shipping"
"ebay-item-127914950186","Pokémon TCG Terastal Grand Gathering CSV9.5C Booster Box Simplified Chinese","https://dealdesk.fyi/deals/ebay-item-127914950186/","eBay","Toys & hobbies","true","2026-08-11","2026-08-29","2026-08-26","$99.99","99.99","","","2026-08-26","","Free shipping"
"ebay-item-127914950186","Pokémon TCG Terastal Grand Gathering CSV9.5C Booster Box Simplified Chinese","https://dealdesk.fyi/deals/ebay-item-127914950186/","eBay","Toys & hobbies","true","2026-08-11","2026-08-29","2026-08-29","$94.99","94.99","","","2026-08-29","","Free shipping"
"ebay-item-127931442707","Pokémon CSV9.5C Eeveelution Pendant Gift Box Terastal Gathering Keychain Chinese","https://dealdesk.fyi/deals/ebay-item-127931442707/","eBay","Toys & hobbies","true","2026-08-11","2026-08-28","2026-08-11","$32.99","32.99","","","2026-08-11","","Free shipping"
"ebay-item-127931442707","Pokémon CSV9.5C Eeveelution Pendant Gift Box Terastal Gathering Keychain Chinese","https://dealdesk.fyi/deals/ebay-item-127931442707/","eBay","Toys & hobbies","true","2026-08-11","2026-08-28","2026-08-28","$31.99","31.99","","","2026-08-28","","Free shipping"
"ebay-item-127953085085","Storm Emeralda Booster Box M6 Japanese Pokemon Mega Evolution EX US Seller","https://dealdesk.fyi/deals/ebay-item-127953085085/","eBay","Toys & hobbies","true","2026-08-11","2026-08-28","2026-08-11","$179.99","179.99","","","2026-08-11","","Free shipping"
"ebay-item-127953085085","Storm Emeralda Booster Box M6 Japanese Pokemon Mega Evolution EX US Seller","https://dealdesk.fyi/deals/ebay-item-127953085085/","eBay","Toys & hobbies","true","2026-08-11","2026-08-28","2026-08-23","$173.99","173.99","","","2026-08-23","","Free shipping"
"ebay-item-127953085085","Storm Emeralda Booster Box M6 Japanese Pokemon Mega Evolution EX US Seller","https://dealdesk.fyi/deals/ebay-item-127953085085/","eBay","Toys & hobbies","true","2026-08-11","2026-08-28","2026-08-24","$164.99","164.99","","","2026-08-24","","Free shipping"
"ebay-item-127953085085","Storm Emeralda Booster Box M6 Japanese Pokemon Mega Evolution EX US Seller","https://dealdesk.fyi/deals/ebay-item-127953085085/","eBay","Toys & hobbies","true","2026-08-11","2026-08-28","2026-08-28","$149.99","149.99","","","2026-08-28","","Free shipping"
"ebay-item-127964109890","VIZIO V20x-J8 2.0 Channel Bluetooth Compact Sound Bar - Black","https://dealdesk.fyi/deals/ebay-item-127964109890/","eBay","Electronics","true","2026-08-04","2026-08-11","2026-08-04","$54.99","54.99","","","2026-08-04","2026-11-30","Refurbished · Free shipping"
"ebay-item-127964109890","VIZIO V20x-J8 2.0 Channel Bluetooth Compact Sound Bar - Black","https://dealdesk.fyi/deals/ebay-item-127964109890/","eBay","Electronics","true","2026-08-04","2026-08-11","2026-08-11","$54.99","54.99","","","2026-08-11","","Refurbished · Free shipping"
"ebay-item-127984475196","2026 Pokemon S-Chinese The Glory of Team Rocket CSV10C Slim Booster Box Sealed","https://dealdesk.fyi/deals/ebay-item-127984475196/","eBay","Toys & hobbies","true","2026-08-11","2026-08-31","2026-08-11","$39.99","39.99","","","2026-08-11","","Free shipping"
"ebay-item-127984475196","2026 Pokemon S-Chinese The Glory of Team Rocket CSV10C Slim Booster Box Sealed","https://dealdesk.fyi/deals/ebay-item-127984475196/","eBay","Toys & hobbies","true","2026-08-11","2026-08-31","2026-08-31","$38.99","38.99","","","2026-08-31","","Free shipping"
"ebay-item-127987648416","Pokemon ITM0020383 Trading Card Games Scarlet & Violet Destined Rivals Elite","https://dealdesk.fyi/deals/ebay-item-127987648416/","eBay","Collectibles","true","2026-08-11","2026-08-26","2026-08-11","$140.00","140","$599.95","599.95","2026-08-11","","Free shipping"
"ebay-item-127987648416","Pokemon ITM0020383 Trading Card Games Scarlet & Violet Destined Rivals Elite","https://dealdesk.fyi/deals/ebay-item-127987648416/","eBay","Collectibles","true","2026-08-11","2026-08-26","2026-08-26","$126.00","126","$599.95","599.95","2026-08-26","","Free shipping"
"ebay-item-127993130503","Pokémon Gem Pack Volume 6 CBB6C Booster Box Simplified Chinese V6 US Seller","https://dealdesk.fyi/deals/ebay-item-127993130503/","eBay","Toys & hobbies","true","2026-08-11","2026-08-28","2026-08-11","$43.99","43.99","","","2026-08-11","","Free shipping"
"ebay-item-127993130503","Pokémon Gem Pack Volume 6 CBB6C Booster Box Simplified Chinese V6 US Seller","https://dealdesk.fyi/deals/ebay-item-127993130503/","eBay","Toys & hobbies","true","2026-08-11","2026-08-28","2026-08-23","$39.99","39.99","","","2026-08-23","","Free shipping"
"ebay-item-127993130503","Pokémon Gem Pack Volume 6 CBB6C Booster Box Simplified Chinese V6 US Seller","https://dealdesk.fyi/deals/ebay-item-127993130503/","eBay","Toys & hobbies","true","2026-08-11","2026-08-28","2026-08-24","$37.99","37.99","","","2026-08-24","","Free shipping"
"ebay-item-127993130503","Pokémon Gem Pack Volume 6 CBB6C Booster Box Simplified Chinese V6 US Seller","https://dealdesk.fyi/deals/ebay-item-127993130503/","eBay","Toys & hobbies","true","2026-08-11","2026-08-28","2026-08-25","$36.99","36.99","","","2026-08-25","","Free shipping"
"ebay-item-127993130503","Pokémon Gem Pack Volume 6 CBB6C Booster Box Simplified Chinese V6 US Seller","https://dealdesk.fyi/deals/ebay-item-127993130503/","eBay","Toys & hobbies","true","2026-08-11","2026-08-28","2026-08-28","$35.99","35.99","","","2026-08-28","","Free shipping"
"ebay-item-128009742019","2024 Topps Now Olympics #27 Steph Curry Night Night PSA 10","https://dealdesk.fyi/deals/ebay-item-128009742019/","eBay","Sports collectibles","true","2026-08-04","2026-08-04","2026-08-04","$249.69","249.69","","","2026-08-04","","Free shipping"
"ebay-item-128014102216","Tamiya Nissan R91CP Group-C 1/10 2WD Electric On-Road Touring Car Kit [TAM47531]","https://dealdesk.fyi/deals/ebay-item-128014102216/","eBay","Collectibles","true","2026-08-11","2026-08-11","2026-08-11","$144.20","144.2","$206.00","206","2026-08-11","","Free shipping"
"ebay-item-128020113001","KAYOU 2026 Kayou NRSA03 EN Naruto Uzumaki #00 L15 PSA 10 16/99","https://dealdesk.fyi/deals/ebay-item-128020113001/","eBay","Collectibles","true","2026-08-11","2026-08-11","2026-08-11","$15000.00","15000","","","2026-08-11","","Confirm condition, shipping, seller, and availability on eBay"
"ebay-item-128020222790","2026 Topps Chrome Roman Anthony True Black Wrecking Crew Refractor /10 RC Rookie","https://dealdesk.fyi/deals/ebay-item-128020222790/","eBay","Sports collectibles","true","2026-08-11","2026-08-11","2026-08-11","$400.00","400","","","2026-08-11","","Pre-Owned"
"ebay-item-128020425552","2025-26 Topps Chrome UCC Wayne Rooney Orange Lava Auto /25 Man United","https://dealdesk.fyi/deals/ebay-item-128020425552/","eBay","Sports collectibles","true","2026-08-11","2026-08-11","2026-08-11","$319.99","319.99","","","2026-08-11","","Pre-Owned"
"ebay-item-128020563776","2023 Panini Donruss Optic UFC - Downtown! Sean O'Malley #2","https://dealdesk.fyi/deals/ebay-item-128020563776/","eBay","Sports collectibles","true","2026-08-11","2026-08-11","2026-08-11","$380.00","380","","","2026-08-11","","Pre-Owned"
"ebay-item-135288810913","GoPro HERO 13 Black 5.3K HDR 27MP Camera 2 Battery Bundle CHDCB-131-RT 2024","https://dealdesk.fyi/deals/ebay-item-135288810913/","eBay","Electronics","true","2026-08-04","2026-08-23","2026-08-04","$319.99","319.99","$439.99","439.99","2026-08-04","2027-01-31","Open Box · Free shipping"
"ebay-item-135288810913","GoPro HERO 13 Black 5.3K HDR 27MP Camera 2 Battery Bundle CHDCB-131-RT 2024","https://dealdesk.fyi/deals/ebay-item-135288810913/","eBay","Electronics","true","2026-08-04","2026-08-23","2026-08-11","$319.99","319.99","$439.99","439.99","2026-08-11","","Open Box · Free shipping"
"ebay-item-135288810913","GoPro HERO 13 Black 5.3K HDR 27MP Camera 2 Battery Bundle CHDCB-131-RT 2024","https://dealdesk.fyi/deals/ebay-item-135288810913/","eBay","Electronics","true","2026-08-04","2026-08-23","2026-08-23","$329.99","329.99","$439.99","439.99","2026-08-23","","Open Box · Free shipping"
"ebay-item-135641149030","Vizio SV510X-0806B-RB 5.1 Ch Dolby Atmos 33"" Soundbar - Certified Refurbished","https://dealdesk.fyi/deals/ebay-item-135641149030/","eBay","Electronics","true","2026-08-04","2026-08-04","2026-08-04","$169.00","169","$249.95","249.95","2026-08-04","","Refurbished · Free shipping"
"ebay-item-135803949840","VIZIO SV210X-0805B-RB 2.1 Soundbar,Dolby Atmos,DTS:X,Black-Certified Refurbished","https://dealdesk.fyi/deals/ebay-item-135803949840/","eBay","Electronics","true","2026-08-04","2026-08-26","2026-08-04","$93.99","93.99","$179.95","179.95","2026-08-04","2026-11-30","Refurbished · Free shipping"
"ebay-item-135803949840","VIZIO SV210X-0805B-RB 2.1 Soundbar,Dolby Atmos,DTS:X,Black-Certified Refurbished","https://dealdesk.fyi/deals/ebay-item-135803949840/","eBay","Electronics","true","2026-08-04","2026-08-26","2026-08-11","$93.99","93.99","$179.95","179.95","2026-08-11","","Refurbished · Free shipping"
"ebay-item-135803949840","VIZIO SV210X-0805B-RB 2.1 Soundbar,Dolby Atmos,DTS:X,Black-Certified Refurbished","https://dealdesk.fyi/deals/ebay-item-135803949840/","eBay","Electronics","true","2026-08-04","2026-08-26","2026-08-26","$99.99","99.99","$179.95","179.95","2026-08-26","","Refurbished · Free shipping"
"ebay-item-136085045308","Arlo VMC3060-100NAR Essential 2ndGen 2K Indoor Single Cam-Certified Refurbished","https://dealdesk.fyi/deals/ebay-item-136085045308/","eBay","Electronics","true","2026-08-04","2026-08-04","2026-08-04","$14.28","14.28","$99.99","99.99","2026-08-04","","Refurbished · Free shipping"
"ebay-item-136085045718","Arlo VMC3250-100NAR Essential 2nd Gen 2K, 2-cam, White - Certified Refurbished","https://dealdesk.fyi/deals/ebay-item-136085045718/","eBay","Electronics","true","2026-08-04","2026-08-04","2026-08-04","$57.13","57.13","$149.99","149.99","2026-08-04","","Refurbished · Free shipping"
"ebay-item-136325419316-435332196403","Samsung Galaxy S23 256GB SM-S911U1 - 5G - FACTORY UNLOCKED  - EXCELLENT","https://dealdesk.fyi/deals/ebay-item-136325419316-435332196403/","eBay","Electronics","true","2026-08-04","2026-08-11","2026-08-04","$299.48","299.48","","","2026-08-04","2026-08-31","Refurbished · Free shipping"
"ebay-item-136325419316-435332196403","Samsung Galaxy S23 256GB SM-S911U1 - 5G - FACTORY UNLOCKED  - EXCELLENT","https://dealdesk.fyi/deals/ebay-item-136325419316-435332196403/","eBay","Electronics","true","2026-08-04","2026-08-11","2026-08-11","$299.48","299.48","","","2026-08-11","","Refurbished · Free shipping"
"ebay-item-136699393998","Shark Stainstriker Hairpro Portable Carpet Upholstery Area Rug Cleaner Px251","https://dealdesk.fyi/deals/ebay-item-136699393998/","eBay","Electronics","true","2026-08-11","2026-08-11","2026-08-11","$89.00","89","$299.00","299","2026-08-11","","Refurbished · Free shipping"
"ebay-item-136826478198","HATE WATCH Pink Cracked Ice Promo Hazbin Hotel PR-20 LIMITED EDITION - IN HAND","https://dealdesk.fyi/deals/ebay-item-136826478198/","eBay","Collectibles","true","2026-08-11","2026-08-11","2026-08-11","$849.99","849.99","","","2026-08-11","","Pre-Owned · Free shipping"
"ebay-item-136844738794","GoPro MAX2 True 8K 360 Video Action Camera Bundle - Black CHDFZ-311-TH","https://dealdesk.fyi/deals/ebay-item-136844738794/","eBay","Electronics","true","2026-08-11","2026-08-31","2026-08-11","$339.99","339.99","$569.99","569.99","2026-08-11","","Open Box · Free shipping"
"ebay-item-136844738794","GoPro MAX2 True 8K 360 Video Action Camera Bundle - Black CHDFZ-311-TH","https://dealdesk.fyi/deals/ebay-item-136844738794/","eBay","Electronics","true","2026-08-11","2026-08-31","2026-08-31","$319.99","319.99","$569.99","569.99","2026-08-31","","Open Box · Free shipping"
"ebay-item-136874754558","JBL Link 300 Wi-Fi Bluetooth Voice-Active Speaker, White - Certified Refurbished","https://dealdesk.fyi/deals/ebay-item-136874754558/","eBay","Electronics","true","2026-08-04","2026-08-31","2026-08-04","$66.50","66.5","$249.95","249.95","2026-08-04","2026-11-30","Refurbished · Free shipping"
"ebay-item-136874754558","JBL Link 300 Wi-Fi Bluetooth Voice-Active Speaker, White - Certified Refurbished","https://dealdesk.fyi/deals/ebay-item-136874754558/","eBay","Electronics","true","2026-08-04","2026-08-31","2026-08-11","$66.50","66.5","$249.95","249.95","2026-08-11","","Refurbished · Free shipping"
"ebay-item-136874754558","JBL Link 300 Wi-Fi Bluetooth Voice-Active Speaker, White - Certified Refurbished","https://dealdesk.fyi/deals/ebay-item-136874754558/","eBay","Electronics","true","2026-08-04","2026-08-31","2026-08-31","$69.99","69.99","$249.95","249.95","2026-08-31","","Refurbished · Free shipping"
"ebay-item-136992985255","Hisense AX700 5.1.4 CH Dolby Atmos Soundbar w/ Wireless Subwoofer + 1yr Warranty","https://dealdesk.fyi/deals/ebay-item-136992985255/","eBay","Electronics","true","2026-08-04","2026-08-04","2026-08-04","$179.99","179.99","","","2026-08-04","","Refurbished · Free shipping"
"ebay-item-137021591561","Star Wars Micro Galaxy Squadron Ghost with Mini Figures","https://dealdesk.fyi/deals/ebay-item-137021591561/","eBay","Collectibles","true","2026-08-04","2026-08-11","2026-08-04","$16.00","16","$59.97","59.97","2026-08-04","2027-02-06","Free shipping"
"ebay-item-137021591561","Star Wars Micro Galaxy Squadron Ghost with Mini Figures","https://dealdesk.fyi/deals/ebay-item-137021591561/","eBay","Collectibles","true","2026-08-04","2026-08-11","2026-08-11","$16.00","16","$59.97","59.97","2026-08-11","","Free shipping"
"ebay-item-137097713023","Shark Rotator Pet Lift-away Adv Upright Vacuum/duoclean Powerfins Hairpro/odor","https://dealdesk.fyi/deals/ebay-item-137097713023/","eBay","Electronics","true","2026-08-11","2026-08-11","2026-08-11","$139.00","139","$429.99","429.99","2026-08-11","","Refurbished · Free shipping"
"ebay-item-137220666638","Binho Board OG Board Game 2-Player Finger Flicker Soccer Pinball Board Games","https://dealdesk.fyi/deals/ebay-item-137220666638/","eBay","Collectibles","true","2026-08-04","2026-08-04","2026-08-04","$71.20","71.2","$99.99","99.99","2026-08-04","","Free shipping"
"ebay-item-137256374761-435561558203","Apple iPad Air 5 Wifi+Cellular Chip M1 64GB - Excellent","https://dealdesk.fyi/deals/ebay-item-137256374761-435561558203/","eBay","Electronics","true","2026-08-11","2026-08-11","2026-08-11","$319.00","319","$899.00","899","2026-08-11","","Refurbished · Free shipping"
"ebay-item-137425746708","Vizio SV210Y-0808B All-in-One SE Soundbar - Certified Refurbished","https://dealdesk.fyi/deals/ebay-item-137425746708/","eBay","Electronics","true","2026-08-04","2026-08-11","2026-08-04","$74.99","74.99","","","2026-08-04","2026-11-30","Refurbished · Free shipping"
"ebay-item-137425746708","Vizio SV210Y-0808B All-in-One SE Soundbar - Certified Refurbished","https://dealdesk.fyi/deals/ebay-item-137425746708/","eBay","Electronics","true","2026-08-04","2026-08-11","2026-08-11","$74.99","74.99","","","2026-08-11","","Refurbished · Free shipping"
"ebay-item-137453420325","Hisense AX700 5.1.4 Dolby Atmos Soundbar w/ Wireless Sub 1yr Warranty /No Remote","https://dealdesk.fyi/deals/ebay-item-137453420325/","eBay","Electronics","true","2026-08-11","2026-08-11","2026-08-11","$159.99","159.99","","","2026-08-11","","Refurbished · Free shipping"
"ebay-item-137583314540","PAUL TIBBIT DOODLE BOB 2025 TOPPS CHROME SPONGEBOB AUTO #SA-DO PSA 9 Q4244","https://dealdesk.fyi/deals/ebay-item-137583314540/","eBay","Collectibles","true","2026-08-04","2026-08-04","2026-08-04","$265.00","265","","","2026-08-04","","Confirm condition, shipping, seller, and availability on eBay"
"ebay-item-137583429798","Walt Disney and Mickey Mouse 1931 W.D. & H.O. Wills #24 Cinema Stars RC SGC 3","https://dealdesk.fyi/deals/ebay-item-137583429798/","eBay","Collectibles","true","2026-08-04","2026-08-04","2026-08-04","$1,350.00","1350","","","2026-08-04","","Confirm condition, shipping, seller, and availability on eBay"
"ebay-item-137608378297","2025 Donruss Optic RJ Harvey Black Pandora /25  PSA 10","https://dealdesk.fyi/deals/ebay-item-137608378297/","eBay","Sports collectibles","true","2026-08-11","2026-08-11","2026-08-11","$500.00","500","","","2026-08-11","","Confirm condition, shipping, seller, and availability on eBay"
"ebay-item-145286441414","2020 Apple MacBook Pro 16GB 512GB 13"" i5 (Space Gray) A2251 w/1 Year Warranty","https://dealdesk.fyi/deals/ebay-item-145286441414/","eBay","Electronics","true","2026-08-11","2026-08-28","2026-08-11","$359.21","359.21","$1799.00","1799","2026-08-11","","Refurbished · Free shipping"
"ebay-item-145286441414","2020 Apple MacBook Pro 16GB 512GB 13"" i5 (Space Gray) A2251 w/1 Year Warranty","https://dealdesk.fyi/deals/ebay-item-145286441414/","eBay","Electronics","true","2026-08-11","2026-08-28","2026-08-23","$363.44","363.44","$1799.00","1799","2026-08-23","","Refurbished · Free shipping"
"ebay-item-145286441414","2020 Apple MacBook Pro 16GB 512GB 13"" i5 (Space Gray) A2251 w/1 Year Warranty","https://dealdesk.fyi/deals/ebay-item-145286441414/","eBay","Electronics","true","2026-08-11","2026-08-28","2026-08-28","$363.83","363.83","$1799.00","1799","2026-08-28","","Refurbished · Free shipping"
"ebay-item-145471295759","Excellent Callaway 300 Pro Slope Enhanced Model Golf Rangefinder 1 Year Warranty","https://dealdesk.fyi/deals/ebay-item-145471295759/","eBay","Electronics","true","2026-08-04","2026-08-28","2026-08-04","$115.26","115.26","","","2026-08-04","","Refurbished · Free shipping"
"ebay-item-145471295759","Excellent Callaway 300 Pro Slope Enhanced Model Golf Rangefinder 1 Year Warranty","https://dealdesk.fyi/deals/ebay-item-145471295759/","eBay","Electronics","true","2026-08-04","2026-08-28","2026-08-27","$111.57","111.57","","","2026-08-27","","Refurbished · Free shipping"
"ebay-item-145471295759","Excellent Callaway 300 Pro Slope Enhanced Model Golf Rangefinder 1 Year Warranty","https://dealdesk.fyi/deals/ebay-item-145471295759/","eBay","Electronics","true","2026-08-04","2026-08-28","2026-08-28","$108.26","108.26","","","2026-08-28","","Refurbished · Free shipping"
"ebay-item-145583802577","2020 Apple MacBook Air 13"" i3 1.1GHz 8GB 128GB (Space Gray) A2179 w/Warranty","https://dealdesk.fyi/deals/ebay-item-145583802577/","eBay","Electronics","true","2026-08-11","2026-08-23","2026-08-11","$235.12","235.12","$899.00","899","2026-08-11","","Refurbished · Free shipping"
"ebay-item-145583802577","2020 Apple MacBook Air 13"" i3 1.1GHz 8GB 128GB (Space Gray) A2179 w/Warranty","https://dealdesk.fyi/deals/ebay-item-145583802577/","eBay","Electronics","true","2026-08-11","2026-08-23","2026-08-23","$237.89","237.89","$899.00","899","2026-08-23","","Refurbished · Free shipping"
"ebay-item-145655227460","2020 Apple M1 MacBook Air 13 8GB/256GB SSD - (Silver) A2337 w/1 Year Warranty","https://dealdesk.fyi/deals/ebay-item-145655227460/","eBay","Electronics","true","2026-08-11","2026-08-28","2026-08-11","$348.94","348.94","$999.00","999","2026-08-11","","Refurbished · Free shipping"
"ebay-item-145655227460","2020 Apple M1 MacBook Air 13 8GB/256GB SSD - (Silver) A2337 w/1 Year Warranty","https://dealdesk.fyi/deals/ebay-item-145655227460/","eBay","Electronics","true","2026-08-11","2026-08-28","2026-08-27","$353.06","353.06","$999.00","999","2026-08-27","","Refurbished · Free shipping"
"ebay-item-145655227460","2020 Apple M1 MacBook Air 13 8GB/256GB SSD - (Silver) A2337 w/1 Year Warranty","https://dealdesk.fyi/deals/ebay-item-145655227460/","eBay","Electronics","true","2026-08-11","2026-08-28","2026-08-28","$353.43","353.43","$999.00","999","2026-08-28","","Refurbished · Free shipping"
"ebay-item-145739285648","Apple M1 MacBook Air 13"" 8GB 128GB (Space Gray) 2020 A2337 - w/1 Year Warranty","https://dealdesk.fyi/deals/ebay-item-145739285648/","eBay","Electronics","true","2026-08-04","2026-08-04","2026-08-04","$356.41","356.41","$999.00","999","2026-08-04","","Refurbished · Free shipping"
"ebay-item-145829369846-444910334069","Apple iPhone 15 Fully Unlocked 6.1in - 128GB - eSIM -Good","https://dealdesk.fyi/deals/ebay-item-145829369846-444910334069/","eBay","Electronics","true","2026-08-11","2026-08-25","2026-08-11","$365.00","365","$1367.99","1367.99","2026-08-11","","Refurbished · Free shipping"
"ebay-item-145829369846-444910334069","Apple iPhone 15 Fully Unlocked 6.1in - 128GB - eSIM -Good","https://dealdesk.fyi/deals/ebay-item-145829369846-444910334069/","eBay","Electronics","true","2026-08-11","2026-08-25","2026-08-25","$375.00","375","$1367.99","1367.99","2026-08-25","","Refurbished · Free shipping"
"ebay-item-145909542479","✅ Blink Outdoor 4 (4th Gen) Battery-Powered Smart Security Add-On Camera 1pc ✅","https://dealdesk.fyi/deals/ebay-item-145909542479/","eBay","Electronics","true","2026-08-11","2026-08-31","2026-08-11","$28.00","28","$35.00","35","2026-08-11","","Refurbished · Free shipping"
"ebay-item-145909542479","✅ Blink Outdoor 4 (4th Gen) Battery-Powered Smart Security Add-On Camera 1pc ✅","https://dealdesk.fyi/deals/ebay-item-145909542479/","eBay","Electronics","true","2026-08-11","2026-08-31","2026-08-31","$35.00","35","","","2026-08-31","","Refurbished · Free shipping"
"ebay-item-145950168282","Apple M1 MacBook Air 13.3"" 8GB 128GB (Silver) A2337 2020 - w/1 Year Warranty","https://dealdesk.fyi/deals/ebay-item-145950168282/","eBay","Electronics","true","2026-08-11","2026-08-11","2026-08-11","$381.60","381.6","$999.00","999","2026-08-11","","Refurbished · Free shipping"
"ebay-item-145975548232","✅ Blink Floodlight Mount Accessory for Blink Outdoor (for 3rd Gen Camera Only) ✅","https://dealdesk.fyi/deals/ebay-item-145975548232/","eBay","Electronics","true","2026-08-04","2026-08-11","2026-08-04","$19.20","19.2","$24.00","24","2026-08-04","2026-11-07","Refurbished · Free shipping"
"ebay-item-145975548232","✅ Blink Floodlight Mount Accessory for Blink Outdoor (for 3rd Gen Camera Only) ✅","https://dealdesk.fyi/deals/ebay-item-145975548232/","eBay","Electronics","true","2026-08-04","2026-08-11","2026-08-11","$19.20","19.2","$24.00","24","2026-08-11","","Refurbished · Free shipping"
"ebay-item-146716529274","Hazbin Hotel Card - Alastor GOOD TO BE BACK ON THE AIR Cracked Ice Promo PR-05","https://dealdesk.fyi/deals/ebay-item-146716529274/","eBay","Collectibles","true","2026-08-04","2026-08-11","2026-08-04","$499.99","499.99","","","2026-08-04","2026-12-31","Pre-Owned · Free shipping"
"ebay-item-146716529274","Hazbin Hotel Card - Alastor GOOD TO BE BACK ON THE AIR Cracked Ice Promo PR-05","https://dealdesk.fyi/deals/ebay-item-146716529274/","eBay","Collectibles","true","2026-08-04","2026-08-11","2026-08-11","$399.99","399.99","","","2026-08-11","","Pre-Owned · Free shipping"
"ebay-item-146737016336","Megan Fox 2007 Transformers Mega Hot Grease Monkey Rookie Autograph #36 PSA BAS","https://dealdesk.fyi/deals/ebay-item-146737016336/","eBay","Collectibles","true","2026-08-11","2026-08-11","2026-08-11","$494.99","494.99","","","2026-08-11","","Confirm condition, shipping, seller, and availability on eBay"
"ebay-item-146962651544","✅ Blink Video Doorbell Smart 2nd Gen Wifi Two-way Audio Video Wired/Battery ✅","https://dealdesk.fyi/deals/ebay-item-146962651544/","eBay","Electronics","true","2026-08-04","2026-08-11","2026-08-04","$24.00","24","$30.00","30","2026-08-04","2026-11-07","Refurbished · Free shipping"
"ebay-item-146962651544","✅ Blink Video Doorbell Smart 2nd Gen Wifi Two-way Audio Video Wired/Battery ✅","https://dealdesk.fyi/deals/ebay-item-146962651544/","eBay","Electronics","true","2026-08-04","2026-08-11","2026-08-11","$24.00","24","$30.00","30","2026-08-11","","Refurbished · Free shipping"
"ebay-item-147319299471","Apple MacBook Pro 16"" | M3 Pro | 36GB RAM 512GB | Silver A2991 | 100% Battery VG","https://dealdesk.fyi/deals/ebay-item-147319299471/","eBay","Electronics","true","2026-08-04","2026-08-23","2026-08-04","$1,482.00","1482","","","2026-08-04","","Refurbished · Free shipping"
"ebay-item-147319299471","Apple MacBook Pro 16"" | M3 Pro | 36GB RAM 512GB | Silver A2991 | 100% Battery VG","https://dealdesk.fyi/deals/ebay-item-147319299471/","eBay","Electronics","true","2026-08-04","2026-08-23","2026-08-23","$1539.00","1539","","","2026-08-23","","Refurbished · Free shipping"
"ebay-item-147352089806","Nikon Nikkor AF-S 17-55mm f2.8 G ED SWM DX IF Lens AFS #995","https://dealdesk.fyi/deals/ebay-item-147352089806/","eBay","Electronics","true","2026-08-04","2026-08-04","2026-08-04","$196.83","196.83","$209.39","209.39","2026-08-04","","Refurbished · Free shipping"
"ebay-item-147363120828","Tokyo Kogaku Primo Jr 4x4 TLR 127 Film Camera (Sawyers Mark IV) *Read #296","https://dealdesk.fyi/deals/ebay-item-147363120828/","eBay","Electronics","true","2026-08-11","2026-08-11","2026-08-11","$135.09","135.09","$143.71","143.71","2026-08-11","","Refurbished · Free shipping"
"ebay-item-147369341038","Tamron F012 SP 35mm f1.8 Di VC USD Lens Canon EF *Read #583","https://dealdesk.fyi/deals/ebay-item-147369341038/","eBay","Electronics","true","2026-08-11","2026-08-11","2026-08-11","$200.10","200.1","$212.87","212.87","2026-08-11","","Refurbished · Free shipping"
"ebay-item-147412305515","Sony FX6 Full-Frame Cinema Video Camera Body  New USA Open Box","https://dealdesk.fyi/deals/ebay-item-147412305515/","eBay","Electronics","true","2026-08-04","2026-08-28","2026-08-04","$5,899.00","5899","","","2026-08-04","","Open Box · Free shipping"
"ebay-item-147412305515","Sony FX6 Full-Frame Cinema Video Camera Body  New USA Open Box","https://dealdesk.fyi/deals/ebay-item-147412305515/","eBay","Electronics","true","2026-08-04","2026-08-28","2026-08-23","$5899.00","5899","","","2026-08-23","","Open Box · Free shipping"
"ebay-item-147412305515","Sony FX6 Full-Frame Cinema Video Camera Body  New USA Open Box","https://dealdesk.fyi/deals/ebay-item-147412305515/","eBay","Electronics","true","2026-08-04","2026-08-28","2026-08-28","$5999.00","5999","","","2026-08-28","","Open Box · Free shipping"
"ebay-item-147458460677","Sony a7 V Mirrorless Camera New, Open Box USA Warranty Fast Shipping!","https://dealdesk.fyi/deals/ebay-item-147458460677/","eBay","Electronics","true","2026-08-04","2026-08-11","2026-08-04","$2,599.00","2599","","","2026-08-04","2027-01-31","Open Box · Sony a7 V Mirrorless Camera New, Open Box USA Warranty Fast Shipping!"
"ebay-item-147458460677","Sony a7 V Mirrorless Camera New, Open Box USA Warranty Fast Shipping!","https://dealdesk.fyi/deals/ebay-item-147458460677/","eBay","Electronics","true","2026-08-04","2026-08-11","2026-08-11","$2599.00","2599","","","2026-08-11","","Open Box · Sony a7 V Mirrorless Camera New, Open Box USA Warranty Fast Shipping!"
"ebay-item-147467416374","Samsung Galaxy S24 AT&T 128GB SM-S921U1 Onyx Black Very Good","https://dealdesk.fyi/deals/ebay-item-147467416374/","eBay","Electronics","true","2026-08-11","2026-08-28","2026-08-11","$239.95","239.95","","","2026-08-11","","Refurbished · Free shipping"
"ebay-item-147467416374","Samsung Galaxy S24 AT&T 128GB SM-S921U1 Onyx Black Very Good","https://dealdesk.fyi/deals/ebay-item-147467416374/","eBay","Electronics","true","2026-08-11","2026-08-28","2026-08-28","$234.95","234.95","","","2026-08-28","","Refurbished · Free shipping"
"ebay-item-147467617383","Nikon D2X 12.4MP Digital SLR Camera Body #572","https://dealdesk.fyi/deals/ebay-item-147467617383/","eBay","Electronics","true","2026-08-04","2026-08-04","2026-08-04","$224.29","224.29","$238.61","238.61","2026-08-04","","Refurbished · Free shipping"
"ebay-item-147468569252","Lorcana TCG Rapunzel Escaping The Tower Top 8 Promo 16/P4 Pack Fresh- NM","https://dealdesk.fyi/deals/ebay-item-147468569252/","eBay","Collectibles","true","2026-08-04","2026-08-04","2026-08-04","$350.00","350","","","2026-08-04","","Pre-Owned"
"ebay-item-147469785128","Lenovo ThinkPad T14 Gen 3 AMD Ryzen 7 Pro 2.7GHz 16GB RAM 256GB SSD 14in Good","https://dealdesk.fyi/deals/ebay-item-147469785128/","eBay","Electronics","true","2026-08-11","2026-08-11","2026-08-11","$426.95","426.95","","","2026-08-11","","Refurbished · Free shipping"
"ebay-item-147472083815","Sony a7R VI 66.8MP Mirrorless Camera USA New, Open Box, In Stock","https://dealdesk.fyi/deals/ebay-item-147472083815/","eBay","Electronics","true","2026-08-11","2026-08-11","2026-08-11","$3999.00","3999","","","2026-08-11","","Open Box · Free shipping"
"ebay-item-147474638973","Panasonic Lumix G 42.5mm f1.2 DG Nocticron Power OIS Leica Lens MFT H-NS043 #032","https://dealdesk.fyi/deals/ebay-item-147474638973/","eBay","Electronics","true","2026-08-11","2026-08-11","2026-08-11","$672.31","672.31","","","2026-08-11","","Refurbished · Free shipping"
"ebay-item-147481722157","Nick Kurtz Rookie 2025 Topps Chrome Update Gold RayWave Refractor #'d 1/50","https://dealdesk.fyi/deals/ebay-item-147481722157/","eBay","Sports collectibles","true","2026-08-04","2026-08-04","2026-08-04","$350.00","350","","","2026-08-04","","Pre-Owned · Free shipping"
"ebay-item-147491879941","Nikon Nikkor AI 20mm f3.5 UD Lens #284","https://dealdesk.fyi/deals/ebay-item-147491879941/","eBay","Electronics","true","2026-08-11","2026-08-11","2026-08-11","$129.47","129.47","","","2026-08-11","","Refurbished · Free shipping"
"ebay-item-147495516567","MSI Crosshair 17 17.3"" 144Hz i7-11800H RTX 3050 Ti 16GB 256GB SSD Gaming Win11","https://dealdesk.fyi/deals/ebay-item-147495516567/","eBay","Electronics","true","2026-08-11","2026-08-11","2026-08-11","$524.00","524","","","2026-08-11","","Refurbished · Free shipping"
"ebay-item-147496546046","2025 Topps Chrome25 Anniversary Sponge Bob Gary  Cracked Ice","https://dealdesk.fyi/deals/ebay-item-147496546046/","eBay","Collectibles","true","2026-08-11","2026-08-11","2026-08-11","$1000.00","1000","","","2026-08-11","","Pre-Owned"
"ebay-item-147497196729","2023 Topps ALL Aces-Dylan Cease ALL ACES AUTO /25 🔥","https://dealdesk.fyi/deals/ebay-item-147497196729/","eBay","Sports collectibles","true","2026-08-11","2026-08-11","2026-08-11","$399.99","399.99","","","2026-08-11","","Pre-Owned"
"ebay-item-155488314814","Sony PlayStation 5 DualSense Edge Wireless Controller - White","https://dealdesk.fyi/deals/ebay-item-155488314814/","eBay","Electronics","true","2026-08-04","2026-08-11","2026-08-04","$199.99","199.99","","","2026-08-04","2027-04-29","Free shipping"
"ebay-item-155488314814","Sony PlayStation 5 DualSense Edge Wireless Controller - White","https://dealdesk.fyi/deals/ebay-item-155488314814/","eBay","Electronics","true","2026-08-04","2026-08-11","2026-08-11","$199.99","199.99","","","2026-08-11","","Free shipping"
"ebay-item-156924341287","JBL Bar 2.1 Deep Bass MK2 Soundbar with 6.5"" Wireless Subwoofer","https://dealdesk.fyi/deals/ebay-item-156924341287/","eBay","Electronics","true","2026-08-04","2026-08-11","2026-08-04","$187.00","187","$379.95","379.95","2026-08-04","2026-11-30","Refurbished · Free shipping"
"ebay-item-156924341287","JBL Bar 2.1 Deep Bass MK2 Soundbar with 6.5"" Wireless Subwoofer","https://dealdesk.fyi/deals/ebay-item-156924341287/","eBay","Electronics","true","2026-08-04","2026-08-11","2026-08-11","$187.00","187","$379.95","379.95","2026-08-11","","Refurbished · Free shipping"
"ebay-item-157308855395","Bose Smart Soundbar, Certified Refurbished","https://dealdesk.fyi/deals/ebay-item-157308855395/","eBay","Electronics","true","2026-08-04","2026-08-11","2026-08-04","$449.00","449","$549.00","549","2026-08-04","2027-10-27","Refurbished · Free shipping"
"ebay-item-157308855395","Bose Smart Soundbar, Certified Refurbished","https://dealdesk.fyi/deals/ebay-item-157308855395/","eBay","Electronics","true","2026-08-04","2026-08-11","2026-08-11","$449.00","449","$549.00","549","2026-08-11","","Refurbished · Free shipping"
"ebay-item-157659447030","Lenovo ThinkPad T14 Gen 2 14"" i7-1185G7 16GB RAM 512GB SSD Windows 11 Pro","https://dealdesk.fyi/deals/ebay-item-157659447030/","eBay","Electronics","true","2026-08-11","2026-08-11","2026-08-11","$299.99","299.99","","","2026-08-11","","Refurbished · Free shipping"
"ebay-item-157695402900-459161028965","Apple Watch SE 3 40MM [GPS + Cellular ] Aluminu Case - Smartwatch - Excellent","https://dealdesk.fyi/deals/ebay-item-157695402900-459161028965/","eBay","Electronics","true","2026-08-04","2026-08-04","2026-08-04","$182.39","182.39","","","2026-08-04","","Refurbished · Free shipping"
"ebay-item-157799401996","1982 Topps Donkey Kong Jump Man At Work Psa 8 Super Mario Rc Sticker","https://dealdesk.fyi/deals/ebay-item-157799401996/","eBay","Collectibles","true","2026-08-11","2026-08-11","2026-08-11","$495.00","495","","","2026-08-11","","Confirm condition, shipping, seller, and availability on eBay"
"ebay-item-157800026347","Onkyo TX-RZ70 11.2 Channel THX Certified Network AV Receiver","https://dealdesk.fyi/deals/ebay-item-157800026347/","eBay","Electronics","true","2026-08-04","2026-08-11","2026-08-04","$1,519.00","1519","$2,299.99","2299.99","2026-08-04","2026-11-30","Refurbished · Free shipping"
"ebay-item-157800026347","Onkyo TX-RZ70 11.2 Channel THX Certified Network AV Receiver","https://dealdesk.fyi/deals/ebay-item-157800026347/","eBay","Electronics","true","2026-08-04","2026-08-11","2026-08-11","$1519.00","1519","$2299.99","2299.99","2026-08-11","","Refurbished · Free shipping"
"ebay-item-157857931569-459241782963","Samsung Galaxy S25 Ultra 512GB AI Smartphone Unlocked - Excellent","https://dealdesk.fyi/deals/ebay-item-157857931569-459241782963/","eBay","Electronics","true","2026-08-04","2026-08-04","2026-08-04","$758.39","758.39","","","2026-08-04","","Refurbished · Free shipping"
"ebay-item-158069778974-459331847504","Bose SoundLink Flex Portable Speaker (2nd Gen), Certified Refurbished","https://dealdesk.fyi/deals/ebay-item-158069778974-459331847504/","eBay","Electronics","true","2026-08-11","2026-08-11","2026-08-11","$129.00","129","$159.00","159","2026-08-11","","Refurbished · Free shipping"
"ebay-item-158069778974-459331847507","Bose SoundLink Flex Portable Speaker (2nd Gen), Certified Refurbished","https://dealdesk.fyi/deals/ebay-item-158069778974-459331847507/","eBay","Electronics","true","2026-08-04","2026-08-04","2026-08-04","$129.00","129","$159.00","159","2026-08-04","","Refurbished · Free shipping"
"ebay-item-158071012075","Samsung Galaxy S25 - 128GB (T-Mobile) - Silver (B-Stock)","https://dealdesk.fyi/deals/ebay-item-158071012075/","eBay","Electronics","true","2026-08-11","2026-08-27","2026-08-11","$334.98","334.98","","","2026-08-11","","Refurbished · Free shipping"
"ebay-item-158071012075","Samsung Galaxy S25 - 128GB (T-Mobile) - Silver (B-Stock)","https://dealdesk.fyi/deals/ebay-item-158071012075/","eBay","Electronics","true","2026-08-11","2026-08-27","2026-08-27","$344.98","344.98","","","2026-08-27","","Refurbished · Free shipping"
"ebay-item-158085992288-459337418101","Samsung Galaxy S23 128GB 256GB S911U T-Mobile Only Smartphone - Very Good","https://dealdesk.fyi/deals/ebay-item-158085992288-459337418101/","eBay","Electronics","true","2026-08-04","2026-08-04","2026-08-04","$189.99","189.99","","","2026-08-04","","Refurbished · Free shipping"
"ebay-item-158152074866","2026 Dodgers x One Piece Night Promo Card Monkey D Luffy","https://dealdesk.fyi/deals/ebay-item-158152074866/","eBay","Collectibles","true","2026-08-04","2026-08-04","2026-08-04","$950.00","950","","","2026-08-04","","Pre-Owned"
"ebay-item-158152379559","2026 Topps Disney Neon Chrome Etch Autos SULLEY Black Speckle Refractors /10","https://dealdesk.fyi/deals/ebay-item-158152379559/","eBay","Collectibles","true","2026-08-04","2026-08-04","2026-08-04","$2,225.00","2225","","","2026-08-04","","Pre-Owned"
"ebay-item-158152430733","2206 Topps Finest Kevin McGonigle Common Oil Spill SSP #74 Detroit Tigers RC","https://dealdesk.fyi/deals/ebay-item-158152430733/","eBay","Sports collectibles","true","2026-08-04","2026-08-04","2026-08-04","$375.00","375","","","2026-08-04","","Pre-Owned"
"ebay-item-158152433809","KAYOU CR Kpop Demon Hunters Rumi London KPDH01-CR-001 Auto Serial #1401/2026","https://dealdesk.fyi/deals/ebay-item-158152433809/","eBay","Collectibles","true","2026-08-04","2026-08-04","2026-08-04","$449.99","449.99","","","2026-08-04","","Pre-Owned"
"ebay-item-158152484313","Topps 2020 Topps Chrome Marvel Carnage #022 Serial Numbered 15/20","https://dealdesk.fyi/deals/ebay-item-158152484313/","eBay","Collectibles","true","2026-08-04","2026-08-04","2026-08-04","$799.00","799","","","2026-08-04","","Pre-Owned"
"ebay-item-158152521232","Panini 2025 Prospect Edition Jacob Wilson Kaboom! Insert #9 Oakland A's","https://dealdesk.fyi/deals/ebay-item-158152521232/","eBay","Sports collectibles","true","2026-08-04","2026-08-04","2026-08-04","$300.00","300","","","2026-08-04","","Pre-Owned"
"ebay-item-158160999510","Lenovo IdeaPad 5x 2-in-1 14 OLED Snapdragon X Plus 16GB 1TB Copilot+ PC","https://dealdesk.fyi/deals/ebay-item-158160999510/","eBay","Electronics","true","2026-08-11","2026-08-23","2026-08-11","$475.55","475.55","$624.95","624.95","2026-08-11","","Refurbished · Free shipping"
"ebay-item-158160999510","Lenovo IdeaPad 5x 2-in-1 14 OLED Snapdragon X Plus 16GB 1TB Copilot+ PC","https://dealdesk.fyi/deals/ebay-item-158160999510/","eBay","Electronics","true","2026-08-11","2026-08-23","2026-08-23","$548.96","548.96","$624.95","624.95","2026-08-23","","Refurbished · Free shipping"
"ebay-item-158172871421","Pokémon 1998 P.M. Japanese Promo Kangaskhan Holo Family Event","https://dealdesk.fyi/deals/ebay-item-158172871421/","eBay","Collectibles","true","2026-08-11","2026-08-11","2026-08-11","$25800.00","25800","","","2026-08-11","","Confirm condition, shipping, seller, and availability on eBay"
"ebay-item-158173706803","2025 UD Goodwin Champions Museum Legendary Ship Oversized Relics 1/1 #MCM-21","https://dealdesk.fyi/deals/ebay-item-158173706803/","eBay","Collectibles","true","2026-08-11","2026-08-11","2026-08-11","$1500.00","1500","","","2026-08-11","","Pre-Owned"
"ebay-item-158174883853","RIFTBOUND: LEAGUE SFD-SPIRITFORGED AZIR OVERNUMBER - EMPEROR OF THE SANDS PSA 10","https://dealdesk.fyi/deals/ebay-item-158174883853/","eBay","Collectibles","true","2026-08-11","2026-08-11","2026-08-11","$329.99","329.99","","","2026-08-11","","Confirm condition, shipping, seller, and availability on eBay"
"ebay-item-158175962999","2024 Topps Chrome Disney Sapphire Alice In Wonderland Purple /15 #19","https://dealdesk.fyi/deals/ebay-item-158175962999/","eBay","Collectibles","true","2026-08-11","2026-08-11","2026-08-11","$1500.00","1500","","","2026-08-11","","Pre-Owned"
"ebay-item-158175988154","1987-88 Fleer - Stickers Michael Jordan #2","https://dealdesk.fyi/deals/ebay-item-158175988154/","eBay","Sports collectibles","true","2026-08-11","2026-08-11","2026-08-11","$395.00","395","","","2026-08-11","","Pre-Owned"
"ebay-item-166708867898-466352533485","Bose QuietComfort Ultra Noise Cancelling Headphones, Certified Refurbished","https://dealdesk.fyi/deals/ebay-item-166708867898-466352533485/","eBay","Electronics","true","2026-08-04","2026-08-11","2026-08-04","$249.00","249","$449.00","449","2026-08-04","2027-10-27","Refurbished · Free shipping"
"ebay-item-166708867898-466352533485","Bose QuietComfort Ultra Noise Cancelling Headphones, Certified Refurbished","https://dealdesk.fyi/deals/ebay-item-166708867898-466352533485/","eBay","Electronics","true","2026-08-04","2026-08-11","2026-08-11","$249.00","249","$449.00","449","2026-08-11","","Refurbished · Free shipping"
"ebay-item-166819315978-466480779179","Bose QuietComfort Noise Cancelling Headphones, Certified Refurbished","https://dealdesk.fyi/deals/ebay-item-166819315978-466480779179/","eBay","Electronics","true","2026-08-11","2026-08-11","2026-08-11","$199.00","199","$359.00","359","2026-08-11","","Refurbished · Free shipping"
"ebay-item-166819315978-467896873173","Bose QuietComfort Noise Cancelling Headphones, Certified Refurbished","https://dealdesk.fyi/deals/ebay-item-166819315978-467896873173/","eBay","Electronics","true","2026-08-04","2026-08-04","2026-08-04","$199.00","199","$359.00","359","2026-08-04","","Refurbished · Free shipping"
"ebay-item-166852818277","Onkyo TX-NR6100 - 7.2 - Ch Smart 8K AV Receiver w/ Wi-Fi, BT and Atmos","https://dealdesk.fyi/deals/ebay-item-166852818277/","eBay","Electronics","true","2026-08-04","2026-08-11","2026-08-04","$549.00","549","","","2026-08-04","2026-11-30","Refurbished · Free shipping"
"ebay-item-166852818277","Onkyo TX-NR6100 - 7.2 - Ch Smart 8K AV Receiver w/ Wi-Fi, BT and Atmos","https://dealdesk.fyi/deals/ebay-item-166852818277/","eBay","Electronics","true","2026-08-04","2026-08-11","2026-08-11","$549.00","549","","","2026-08-11","","Refurbished · Free shipping"
"ebay-item-167031735841","Bose Solo Soundbar 2 Home Theater, Certified Refurbished","https://dealdesk.fyi/deals/ebay-item-167031735841/","eBay","Electronics","true","2026-08-04","2026-08-11","2026-08-04","$129.00","129","$199.00","199","2026-08-04","2026-11-30","Refurbished · Free shipping"
"ebay-item-167031735841","Bose Solo Soundbar 2 Home Theater, Certified Refurbished","https://dealdesk.fyi/deals/ebay-item-167031735841/","eBay","Electronics","true","2026-08-04","2026-08-11","2026-08-11","$129.00","129","$199.00","199","2026-08-11","","Refurbished · Free shipping"
"ebay-item-167342627158","Klipsch Reference Premiere RP-500M II Bookshelf Speakers – Ebony – Pair","https://dealdesk.fyi/deals/ebay-item-167342627158/","eBay","Electronics","true","2026-08-04","2026-08-11","2026-08-04","$301.00","301","$549.99","549.99","2026-08-04","2026-11-30","Refurbished · Free shipping"
"ebay-item-167342627158","Klipsch Reference Premiere RP-500M II Bookshelf Speakers – Ebony – Pair","https://dealdesk.fyi/deals/ebay-item-167342627158/","eBay","Electronics","true","2026-08-04","2026-08-11","2026-08-11","$334.80","334.8","$549.99","549.99","2026-08-11","","Refurbished · Free shipping"
"ebay-item-167461369507","Audio-Technica AT-LP70X Fully Automatic Belt-Drive Turntable (Black/Grey)","https://dealdesk.fyi/deals/ebay-item-167461369507/","eBay","Electronics","true","2026-08-04","2026-08-11","2026-08-04","$216.00","216","$269.00","269","2026-08-04","2026-11-30","Refurbished · Free shipping"
"ebay-item-167461369507","Audio-Technica AT-LP70X Fully Automatic Belt-Drive Turntable (Black/Grey)","https://dealdesk.fyi/deals/ebay-item-167461369507/","eBay","Electronics","true","2026-08-04","2026-08-11","2026-08-11","$216.00","216","$269.00","269","2026-08-11","","Refurbished · Free shipping"
"ebay-item-167475116955","JBL BAR 1300XMK2 11.1.4 Channel 1570W Dolby Atmos Soundbar System","https://dealdesk.fyi/deals/ebay-item-167475116955/","eBay","Electronics","true","2026-08-04","2026-08-31","2026-08-04","$938.00","938","$1,699.95","1699.95","2026-08-04","2026-11-30","Refurbished · Free shipping"
"ebay-item-167475116955","JBL BAR 1300XMK2 11.1.4 Channel 1570W Dolby Atmos Soundbar System","https://dealdesk.fyi/deals/ebay-item-167475116955/","eBay","Electronics","true","2026-08-04","2026-08-31","2026-08-11","$938.00","938","$1699.95","1699.95","2026-08-11","","Refurbished · Free shipping"
"ebay-item-167475116955","JBL BAR 1300XMK2 11.1.4 Channel 1570W Dolby Atmos Soundbar System","https://dealdesk.fyi/deals/ebay-item-167475116955/","eBay","Electronics","true","2026-08-04","2026-08-31","2026-08-31","$938.00","938","$1199.95","1199.95","2026-08-31","","Refurbished · Free shipping"
"ebay-item-167475116961","Samsung SWA-9500S Wireless Rear Speakers for Select Soundbars","https://dealdesk.fyi/deals/ebay-item-167475116961/","eBay","Electronics","true","2026-08-11","2026-08-11","2026-08-11","$176.00","176","$297.99","297.99","2026-08-11","","Refurbished · Free shipping"
"ebay-item-167619651135","Samsung HW-Q600F Q-series 3.1.2 ch Soundbar w/ Wireless Subwoofer (2025)","https://dealdesk.fyi/deals/ebay-item-167619651135/","eBay","Electronics","true","2026-08-11","2026-08-11","2026-08-11","$293.00","293","$497.99","497.99","2026-08-11","","Refurbished · Free shipping"
"ebay-item-167864860947","JBL Bar 1000MK2 480W 7.1.4-Channel Dolby Atmos Soundbar System","https://dealdesk.fyi/deals/ebay-item-167864860947/","eBay","Electronics","true","2026-08-04","2026-08-30","2026-08-04","$706.00","706","$1,199.95","1199.95","2026-08-04","2026-11-30","Refurbished · Free shipping"
"ebay-item-167864860947","JBL Bar 1000MK2 480W 7.1.4-Channel Dolby Atmos Soundbar System","https://dealdesk.fyi/deals/ebay-item-167864860947/","eBay","Electronics","true","2026-08-04","2026-08-30","2026-08-11","$706.00","706","$1199.95","1199.95","2026-08-11","","Refurbished · Free shipping"
"ebay-item-167864860947","JBL Bar 1000MK2 480W 7.1.4-Channel Dolby Atmos Soundbar System","https://dealdesk.fyi/deals/ebay-item-167864860947/","eBay","Electronics","true","2026-08-04","2026-08-30","2026-08-30","$706.00","706","$749.95","749.95","2026-08-30","","Refurbished · Free shipping"
"ebay-item-167939706833","2020 MacBook Pro A2338 13"" M1 8-Core CPU 3.2GHz 8-Core GPU 16GB RAM 256GB SSD","https://dealdesk.fyi/deals/ebay-item-167939706833/","eBay","Electronics","true","2026-08-04","2026-08-04","2026-08-04","$449.99","449.99","","","2026-08-04","","Refurbished · Free shipping"
"ebay-item-168187160154","Apple AirPods Pro 3 (3rd Generation) Wireless Earbuds Type C - Excellent","https://dealdesk.fyi/deals/ebay-item-168187160154/","eBay","Electronics","true","2026-08-04","2026-08-11","2026-08-04","$182.39","182.39","","","2026-08-04","2028-01-31","Refurbished · Free shipping"
"ebay-item-168187160154","Apple AirPods Pro 3 (3rd Generation) Wireless Earbuds Type C - Excellent","https://dealdesk.fyi/deals/ebay-item-168187160154/","eBay","Electronics","true","2026-08-04","2026-08-11","2026-08-11","$182.39","182.39","","","2026-08-11","","Refurbished · Free shipping"
"ebay-item-168200194616","JBL Bar 700 5.1-channel Soundbar with Detachable Surround Speakers","https://dealdesk.fyi/deals/ebay-item-168200194616/","eBay","Electronics","true","2026-08-04","2026-08-11","2026-08-04","$472.00","472","$899.95","899.95","2026-08-04","2026-11-30","Refurbished · Free shipping"
"ebay-item-168200194616","JBL Bar 700 5.1-channel Soundbar with Detachable Surround Speakers","https://dealdesk.fyi/deals/ebay-item-168200194616/","eBay","Electronics","true","2026-08-04","2026-08-11","2026-08-11","$472.00","472","$899.95","899.95","2026-08-11","","Refurbished · Free shipping"
"ebay-item-168224689294","ASUS Zenbook A14 14"" WUXGA Snapdragon X X1-26-100 16GB RAM 512GB SSD W11H Laptop","https://dealdesk.fyi/deals/ebay-item-168224689294/","eBay","Electronics","true","2026-08-11","2026-08-23","2026-08-11","$565.00","565","$1099.99","1099.99","2026-08-11","","Refurbished · Free shipping"
"ebay-item-168224689294","ASUS Zenbook A14 14"" WUXGA Snapdragon X X1-26-100 16GB RAM 512GB SSD W11H Laptop","https://dealdesk.fyi/deals/ebay-item-168224689294/","eBay","Electronics","true","2026-08-11","2026-08-23","2026-08-23","$580.00","580","$1099.99","1099.99","2026-08-23","","Refurbished · Free shipping"
"ebay-item-168298173379-467827388571","Apple iPhone 14 128GB Factory Unlocked Very Good","https://dealdesk.fyi/deals/ebay-item-168298173379-467827388571/","eBay","Electronics","true","2026-08-11","2026-08-11","2026-08-11","$285.00","285","$300.00","300","2026-08-11","","Refurbished · Free shipping"
"ebay-item-168310739877-467834930787","Samsung Galaxy Watch 8 LTE 40mm Unlocked  Smartwatch L325U - Excellent","https://dealdesk.fyi/deals/ebay-item-168310739877-467834930787/","eBay","Electronics","true","2026-08-04","2026-08-11","2026-08-04","$180.49","180.49","","","2026-08-04","2028-01-31","Refurbished · Free shipping"
"ebay-item-168310739877-467834930787","Samsung Galaxy Watch 8 LTE 40mm Unlocked  Smartwatch L325U - Excellent","https://dealdesk.fyi/deals/ebay-item-168310739877-467834930787/","eBay","Electronics","true","2026-08-04","2026-08-11","2026-08-11","$180.49","180.49","","","2026-08-11","","Refurbished · Free shipping"
"ebay-item-168471287902","ASUS - ROG Rapture GT-BE98 Pro BE30000 Quad-Band Wi-Fi 7 Gaming Router - Black","https://dealdesk.fyi/deals/ebay-item-168471287902/","eBay","Electronics","true","2026-08-11","2026-08-11","2026-08-11","$409.99","409.99","","","2026-08-11","","Refurbished · Free shipping"
"ebay-item-168492244195","Lenovo - Tab P12 RAM 8GB Storage 256GB  3K Android Tablet ZACH0165U 12.7"" WRTY","https://dealdesk.fyi/deals/ebay-item-168492244195/","eBay","Electronics","true","2026-08-11","2026-08-23","2026-08-11","$214.99","214.99","$549.99","549.99","2026-08-11","","Refurbished · Free shipping"
"ebay-item-168492244195","Lenovo - Tab P12 RAM 8GB Storage 256GB  3K Android Tablet ZACH0165U 12.7"" WRTY","https://dealdesk.fyi/deals/ebay-item-168492244195/","eBay","Electronics","true","2026-08-11","2026-08-23","2026-08-23","$219.99","219.99","$549.99","549.99","2026-08-23","","Refurbished · Free shipping"
"ebay-item-168587102265","2023 Topps Chrome Disney Minnie Mouse 23 Silver Refractor","https://dealdesk.fyi/deals/ebay-item-168587102265/","eBay","Collectibles","true","2026-08-04","2026-08-04","2026-08-04","$250.00","250","","","2026-08-04","","Pre-Owned"
"ebay-item-168587257150","2016 Topps Chrome Giancarlo Stanton Red Refractor /5","https://dealdesk.fyi/deals/ebay-item-168587257150/","eBay","Sports collectibles","true","2026-08-04","2026-08-04","2026-08-04","$325.00","325","","","2026-08-04","","Pre-Owned"
"ebay-item-168587389992","2026 Topps Chrome Ben Rice #295 White Refractor /30 Yankees","https://dealdesk.fyi/deals/ebay-item-168587389992/","eBay","Sports collectibles","true","2026-08-04","2026-08-04","2026-08-04","$499.99","499.99","","","2026-08-04","","Pre-Owned"
"ebay-item-168602351310","2010 Razor Pop Century Kourtney Kardashian AUTO AUTOGRAPH PSA 10 RARE Kim Sister","https://dealdesk.fyi/deals/ebay-item-168602351310/","eBay","Collectibles","true","2026-08-11","2026-08-11","2026-08-11","$299.99","299.99","","","2026-08-11","","Confirm condition, shipping, seller, and availability on eBay"
"ebay-item-168605120905","Topps 2025 Bowman Chrome Orange Refractor Jacob Misiorowski RC /25 #35","https://dealdesk.fyi/deals/ebay-item-168605120905/","eBay","Sports collectibles","true","2026-08-11","2026-08-11","2026-08-11","$525.00","525","","","2026-08-11","","Pre-Owned"
"ebay-item-173488876775","Matte Clear 100 ct Dragon Shield Sleeves Standard Size","https://dealdesk.fyi/deals/ebay-item-173488876775/","eBay","Toys & hobbies","true","2026-08-04","2026-08-04","2026-08-04","$11.30","11.3","","","2026-08-04","","Free shipping"
"ebay-item-173723840096","Classic Clear 100ct Dragon Shield Sleeves Standard Size","https://dealdesk.fyi/deals/ebay-item-173723840096/","eBay","Toys & hobbies","true","2026-08-04","2026-08-04","2026-08-04","$11.30","11.3","","","2026-08-04","","Free shipping"
"ebay-item-174313988318","Perfect Fit Clear 100 ct Dragon Shield Sleeves Standard Size","https://dealdesk.fyi/deals/ebay-item-174313988318/","eBay","Toys & hobbies","true","2026-08-04","2026-08-11","2026-08-04","$8.00","8","","","2026-08-04","2027-01-01","Free shipping"
"ebay-item-174313988318","Perfect Fit Clear 100 ct Dragon Shield Sleeves Standard Size","https://dealdesk.fyi/deals/ebay-item-174313988318/","eBay","Toys & hobbies","true","2026-08-04","2026-08-11","2026-08-11","$8.00","8","","","2026-08-11","","Free shipping"
"ebay-item-174369526148","Sony FE 200-600mm G OSS Lens - SEL200600G - Super Telephoto Zoom - BRAND NEW","https://dealdesk.fyi/deals/ebay-item-174369526148/","eBay","Electronics","true","2026-08-04","2026-08-11","2026-08-04","$1,709.00","1709","$2,249.99","2249.99","2026-08-04","2027-01-31","Free shipping"
"ebay-item-174369526148","Sony FE 200-600mm G OSS Lens - SEL200600G - Super Telephoto Zoom - BRAND NEW","https://dealdesk.fyi/deals/ebay-item-174369526148/","eBay","Electronics","true","2026-08-04","2026-08-11","2026-08-11","$1709.00","1709","$2249.99","2249.99","2026-08-11","","Free shipping"
"ebay-item-175388940954","Sony FE 24-70mm f/2.8 GM II Full-Frame E-Mount Lens SEL2470GM2 - G Master - NEW","https://dealdesk.fyi/deals/ebay-item-175388940954/","eBay","Electronics","true","2026-08-04","2026-08-11","2026-08-04","$1,939.00","1939","$2,499.99","2499.99","2026-08-04","2027-01-31","Free shipping"
"ebay-item-175388940954","Sony FE 24-70mm f/2.8 GM II Full-Frame E-Mount Lens SEL2470GM2 - G Master - NEW","https://dealdesk.fyi/deals/ebay-item-175388940954/","eBay","Electronics","true","2026-08-04","2026-08-11","2026-08-11","$1939.00","1939","$2499.99","2499.99","2026-08-11","","Free shipping"
"ebay-item-175403501421","TCL NXTWEAR G Smart Glasses Portable Wearable Dual HD Micro OLED Display New","https://dealdesk.fyi/deals/ebay-item-175403501421/","eBay","Electronics","true","2026-08-04","2026-08-11","2026-08-04","$129.99","129.99","","","2026-08-04","2027-04-29","Free shipping"
"ebay-item-175403501421","TCL NXTWEAR G Smart Glasses Portable Wearable Dual HD Micro OLED Display New","https://dealdesk.fyi/deals/ebay-item-175403501421/","eBay","Electronics","true","2026-08-04","2026-08-11","2026-08-11","$129.99","129.99","","","2026-08-11","","Free shipping"
"ebay-item-175712145939-475095878389","NEW Wireless Guitar Controller for PS3 & PC Mac  Guitar Hero Clone Hero","https://dealdesk.fyi/deals/ebay-item-175712145939-475095878389/","eBay","Electronics","true","2026-08-04","2026-08-27","2026-08-04","$89.10","89.1","$99.00","99","2026-08-04","2027-04-29","Free shipping"
"ebay-item-175712145939-475095878389","NEW Wireless Guitar Controller for PS3 & PC Mac  Guitar Hero Clone Hero","https://dealdesk.fyi/deals/ebay-item-175712145939-475095878389/","eBay","Electronics","true","2026-08-04","2026-08-27","2026-08-11","$99.00","99","","","2026-08-11","","Free shipping"
"ebay-item-175712145939-475095878389","NEW Wireless Guitar Controller for PS3 & PC Mac  Guitar Hero Clone Hero","https://dealdesk.fyi/deals/ebay-item-175712145939-475095878389/","eBay","Electronics","true","2026-08-04","2026-08-27","2026-08-27","$89.10","89.1","$99.00","99","2026-08-27","","Free shipping"
"ebay-item-176486241800","Google Pixel 8 Pro G1MNW Unlocked 128GB Obsidian Good","https://dealdesk.fyi/deals/ebay-item-176486241800/","eBay","Electronics","true","2026-08-04","2026-08-04","2026-08-04","$296.99","296.99","","","2026-08-04","","Refurbished · Free shipping"
"ebay-item-176534653994","Jumpstart 2025 Booster Box Foundations FDN MTG","https://dealdesk.fyi/deals/ebay-item-176534653994/","eBay","Toys & hobbies","true","2026-08-04","2026-08-11","2026-08-04","$89.99","89.99","","","2026-08-04","2027-01-01","Free shipping"
"ebay-item-176534653994","Jumpstart 2025 Booster Box Foundations FDN MTG","https://dealdesk.fyi/deals/ebay-item-176534653994/","eBay","Toys & hobbies","true","2026-08-04","2026-08-11","2026-08-11","$89.99","89.99","","","2026-08-11","","Free shipping"
"ebay-item-176645538959","Sonim XP8 XP8800 64GB Black Verizon Unlocked Rugged Smartphone Good","https://dealdesk.fyi/deals/ebay-item-176645538959/","eBay","Electronics","true","2026-08-04","2026-08-11","2026-08-04","$59.99","59.99","","","2026-08-04","2026-08-31","Refurbished · Free shipping"
"ebay-item-176645538959","Sonim XP8 XP8800 64GB Black Verizon Unlocked Rugged Smartphone Good","https://dealdesk.fyi/deals/ebay-item-176645538959/","eBay","Electronics","true","2026-08-04","2026-08-11","2026-08-11","$59.99","59.99","","","2026-08-11","","Refurbished · Free shipping"
"ebay-item-176745905720","SEALED CASE! 6x Play Booster Box Aetherdrift DFT MTG","https://dealdesk.fyi/deals/ebay-item-176745905720/","eBay","Toys & hobbies","true","2026-08-04","2026-08-04","2026-08-04","$639.99","639.99","","","2026-08-04","","Free shipping"
"ebay-item-177498948504","Sony Alpha a6700 4K UHD 26MP w 16-50mm Lens Mirrorless Camera - Black - OPEN BOX","https://dealdesk.fyi/deals/ebay-item-177498948504/","eBay","Electronics","true","2026-08-04","2026-08-04","2026-08-04","$1,419.00","1419","$1,699.99","1699.99","2026-08-04","","Open Box · Free shipping"
"ebay-item-177515566668","Yu-Gi-Oh! The Chronicles Deck: Spirit Charmers (All-Foil Edition)","https://dealdesk.fyi/deals/ebay-item-177515566668/","eBay","Toys & hobbies","true","2026-08-11","2026-08-11","2026-08-11","$9.99","9.99","","","2026-08-11","","Free shipping"
"ebay-item-177515566679","CookieRun TCG: Arena of Glory Booster Box","https://dealdesk.fyi/deals/ebay-item-177515566679/","eBay","Toys & hobbies","true","2026-08-11","2026-08-11","2026-08-11","$55.99","55.99","","","2026-08-11","","Free shipping"
"ebay-item-177609873952","Collector Booster Box Teenage Mutant Ninja Turtles TMT MTG","https://dealdesk.fyi/deals/ebay-item-177609873952/","eBay","Toys & hobbies","true","2026-08-04","2026-08-11","2026-08-04","$429.99","429.99","","","2026-08-04","2027-01-01","Free shipping"
"ebay-item-177609873952","Collector Booster Box Teenage Mutant Ninja Turtles TMT MTG","https://dealdesk.fyi/deals/ebay-item-177609873952/","eBay","Toys & hobbies","true","2026-08-04","2026-08-11","2026-08-11","$429.99","429.99","","","2026-08-11","","Free shipping"
"ebay-item-177631913068","Hot Wheels 50 Car Pack","https://dealdesk.fyi/deals/ebay-item-177631913068/","eBay","Collectibles","true","2026-08-04","2026-08-04","2026-08-04","$40.99","40.99","$64.99","64.99","2026-08-04","","Free shipping"
"ebay-item-177813705674","Bundle Secrets of Strixhaven SOS MTG","https://dealdesk.fyi/deals/ebay-item-177813705674/","eBay","Toys & hobbies","true","2026-08-04","2026-08-11","2026-08-04","$46.95","46.95","","","2026-08-04","2027-01-01","Free shipping"
"ebay-item-177813705674","Bundle Secrets of Strixhaven SOS MTG","https://dealdesk.fyi/deals/ebay-item-177813705674/","eBay","Toys & hobbies","true","2026-08-04","2026-08-11","2026-08-11","$46.95","46.95","","","2026-08-11","","Free shipping"
"ebay-item-177974943236","Samsung Galaxy Watch 7 SM-L305 LTE 40MM Green Excellent","https://dealdesk.fyi/deals/ebay-item-177974943236/","eBay","Electronics","true","2026-08-11","2026-08-11","2026-08-11","$139.99","139.99","","","2026-08-11","","Refurbished · Free shipping"
"ebay-item-177998816949","One Piece: The Time of Battle (OP-16) Booster Box","https://dealdesk.fyi/deals/ebay-item-177998816949/","eBay","Toys & hobbies","true","2026-08-11","2026-08-11","2026-08-11","$204.99","204.99","","","2026-08-11","","Free shipping"
"ebay-item-177998816955","Gundam Card Game: Starter Deck [ST10] G Generation Eternal Generation Pulse","https://dealdesk.fyi/deals/ebay-item-177998816955/","eBay","Toys & hobbies","true","2026-08-11","2026-08-11","2026-08-11","$12.99","12.99","","","2026-08-11","","Free shipping"
"ebay-item-177998816956","Play Booster Box Marvel Super Heroes MSH MTG","https://dealdesk.fyi/deals/ebay-item-177998816956/","eBay","Toys & hobbies","true","2026-08-04","2026-08-04","2026-08-04","$124.95","124.95","","","2026-08-04","","Free shipping"
"ebay-item-177998816960","-Set of 4- Commander Decks Marvel Super Heroes MSH MTG","https://dealdesk.fyi/deals/ebay-item-177998816960/","eBay","Toys & hobbies","true","2026-08-04","2026-08-11","2026-08-04","$199.99","199.99","","","2026-08-04","2027-01-01","Free shipping"
"ebay-item-177998816960","-Set of 4- Commander Decks Marvel Super Heroes MSH MTG","https://dealdesk.fyi/deals/ebay-item-177998816960/","eBay","Toys & hobbies","true","2026-08-04","2026-08-11","2026-08-11","$199.99","199.99","","","2026-08-11","","Free shipping"
"ebay-item-178040507736","DohKins Pirate Ship Playset & Pirate - Dough Never Dries","https://dealdesk.fyi/deals/ebay-item-178040507736/","eBay","Collectibles","true","2026-08-11","2026-08-11","2026-08-11","$11.99","11.99","$29.99","29.99","2026-08-11","","Free shipping"
"ebay-item-178086954117","Yu-Gi-Oh! Chaos Origins Booster Box","https://dealdesk.fyi/deals/ebay-item-178086954117/","eBay","Toys & hobbies","true","2026-08-04","2026-08-04","2026-08-04","$74.95","74.95","","","2026-08-04","","Free shipping"
"ebay-item-178086954118","Riftbound - League of Legends TCG: Vendetta Showdown Decks - Zed Vs Shen","https://dealdesk.fyi/deals/ebay-item-178086954118/","eBay","Toys & hobbies","true","2026-08-04","2026-08-04","2026-08-04","$16.00","16","","","2026-08-04","","Free shipping"
"ebay-item-178116976414","Set of 2 - 1 of Each - Starter Decks Rise of the Floodborn Disney Lorcana TCG","https://dealdesk.fyi/deals/ebay-item-178116976414/","eBay","Toys & hobbies","true","2026-08-04","2026-08-04","2026-08-04","$15.98","15.98","","","2026-08-04","","Free shipping"
"ebay-item-178116986335","SEALED DISPLAY CASE! 8x Starter Decks Rise of the Floodborn Disney Lorcana TCG","https://dealdesk.fyi/deals/ebay-item-178116986335/","eBay","Toys & hobbies","true","2026-08-04","2026-08-11","2026-08-04","$31.92","31.92","","","2026-08-04","2027-01-01","Free shipping"
"ebay-item-178116986335","SEALED DISPLAY CASE! 8x Starter Decks Rise of the Floodborn Disney Lorcana TCG","https://dealdesk.fyi/deals/ebay-item-178116986335/","eBay","Toys & hobbies","true","2026-08-04","2026-08-11","2026-08-11","$31.92","31.92","","","2026-08-11","","Free shipping"
"ebay-item-178117135072","Disney Lorcana - 24 Booster Packs (=Box) - Shimmering Skies","https://dealdesk.fyi/deals/ebay-item-178117135072/","eBay","Toys & hobbies","true","2026-08-11","2026-08-11","2026-08-11","$81.99","81.99","","","2026-08-11","","Free shipping"
"ebay-item-178159349301","Our Generation Kinsley & Kenzi 18"" Doll & Pet Puppy Set","https://dealdesk.fyi/deals/ebay-item-178159349301/","eBay","Collectibles","true","2026-08-04","2026-08-04","2026-08-04","$22.99","22.99","$34.99","34.99","2026-08-04","","Free shipping"
"ebay-item-178170116929","Bundle The Hobbit HOB MTG","https://dealdesk.fyi/deals/ebay-item-178170116929/","eBay","Toys & hobbies","true","2026-08-04","2026-08-11","2026-08-04","$79.99","79.99","","","2026-08-04","2027-01-01","Free shipping"
"ebay-item-178170116929","Bundle The Hobbit HOB MTG","https://dealdesk.fyi/deals/ebay-item-178170116929/","eBay","Toys & hobbies","true","2026-08-04","2026-08-11","2026-08-11","$79.99","79.99","","","2026-08-11","","Free shipping"
"ebay-item-178170116936","Draft Night Box The Hobbit HOB MTG","https://dealdesk.fyi/deals/ebay-item-178170116936/","eBay","Toys & hobbies","true","2026-08-04","2026-08-04","2026-08-04","$134.99","134.99","","","2026-08-04","","Free shipping"
"ebay-item-178170116941","Yu-Gi-Oh! Legendary ARC-V Decks PRESALE 8/7","https://dealdesk.fyi/deals/ebay-item-178170116941/","eBay","Toys & hobbies","true","2026-08-04","2026-08-04","2026-08-04","$28.79","28.79","","","2026-08-04","","Free shipping"
"ebay-item-178213248322","Jurassic World Chaos Theory: Darius & Baryonyx & Monolophosaurus Action","https://dealdesk.fyi/deals/ebay-item-178213248322/","eBay","Collectibles","true","2026-08-04","2026-08-04","2026-08-04","$19.99","19.99","$37.99","37.99","2026-08-04","","Free shipping"
"ebay-item-178213255133","30pc SMOL Foam Pit with Large Purple Daisy Foam Shapes - For","https://dealdesk.fyi/deals/ebay-item-178213255133/","eBay","Collectibles","true","2026-08-11","2026-08-11","2026-08-11","$35.99","35.99","$89.99","89.99","2026-08-11","","Free shipping"
"ebay-item-178236976424","FAO Schwarz Bluey Toy Vending Machine Throwback Play Market Stand - 13pk","https://dealdesk.fyi/deals/ebay-item-178236976424/","eBay","Collectibles","true","2026-08-04","2026-08-04","2026-08-04","$28.99","28.99","$39.99","39.99","2026-08-04","","Free shipping"
"ebay-item-178252138847","Hololive Official TCG: Summer hologram (EB01) (ENG) Extra Booster Box 9/25","https://dealdesk.fyi/deals/ebay-item-178252138847/","eBay","Toys & hobbies","true","2026-08-04","2026-08-04","2026-08-04","$43.95","43.95","","","2026-08-04","","Free shipping"
"ebay-item-178252138852","Weiss Schwarz: Goddess of Victory: NIKKE vol. 2 (Japanese) Booster Box 9/18","https://dealdesk.fyi/deals/ebay-item-178252138852/","eBay","Toys & hobbies","true","2026-08-04","2026-08-11","2026-08-04","$44.95","44.95","","","2026-08-04","2027-01-01","Free shipping"
"ebay-item-178252138852","Weiss Schwarz: Goddess of Victory: NIKKE vol. 2 (Japanese) Booster Box 9/18","https://dealdesk.fyi/deals/ebay-item-178252138852/","eBay","Toys & hobbies","true","2026-08-04","2026-08-11","2026-08-11","$44.95","44.95","","","2026-08-11","","Free shipping"
"ebay-item-178252138855","Weiss Schwarz: Goddess of Victory: NIKKE vol. 2 (English) Booster Box 9/25","https://dealdesk.fyi/deals/ebay-item-178252138855/","eBay","Toys & hobbies","true","2026-08-04","2026-08-11","2026-08-04","$44.95","44.95","","","2026-08-04","2027-01-01","Free shipping"
"ebay-item-178252138855","Weiss Schwarz: Goddess of Victory: NIKKE vol. 2 (English) Booster Box 9/25","https://dealdesk.fyi/deals/ebay-item-178252138855/","eBay","Toys & hobbies","true","2026-08-04","2026-08-11","2026-08-11","$44.95","44.95","","","2026-08-11","","Free shipping"
"ebay-item-178259742712","Little Tikes Creative Construction Workbench with 15+ Accessories: Toy Tools","https://dealdesk.fyi/deals/ebay-item-178259742712/","eBay","Collectibles","true","2026-08-11","2026-08-11","2026-08-11","$22.85","22.85","$40.99","40.99","2026-08-11","","Free shipping"
"ebay-item-178273184669","Step2 My First Advent Calendar - 26pc","https://dealdesk.fyi/deals/ebay-item-178273184669/","eBay","Collectibles","true","2026-08-04","2026-08-11","2026-08-04","$31.44","31.44","$69.99","69.99","2026-08-04","2027-02-06","Pre-Owned · Free shipping"
"ebay-item-178273184669","Step2 My First Advent Calendar - 26pc","https://dealdesk.fyi/deals/ebay-item-178273184669/","eBay","Collectibles","true","2026-08-04","2026-08-11","2026-08-11","$31.44","31.44","$69.99","69.99","2026-08-11","","Pre-Owned · Free shipping"
"ebay-item-178277661492","The Simpsons Moe Prank Phone","https://dealdesk.fyi/deals/ebay-item-178277661492/","eBay","Collectibles","true","2026-08-04","2026-08-04","2026-08-04","$16.99","16.99","$29.99","29.99","2026-08-04","","Free shipping"
"ebay-item-178310743106","Kuriboh ARTY Bag by Gatherers' Tavern Yu-Gi-Oh","https://dealdesk.fyi/deals/ebay-item-178310743106/","eBay","Toys & hobbies","true","2026-08-04","2026-08-11","2026-08-04","$17.99","17.99","","","2026-08-04","2027-01-01","Free shipping"
"ebay-item-178310743106","Kuriboh ARTY Bag by Gatherers' Tavern Yu-Gi-Oh","https://dealdesk.fyi/deals/ebay-item-178310743106/","eBay","Toys & hobbies","true","2026-08-04","2026-08-11","2026-08-11","$17.99","17.99","","","2026-08-11","","Free shipping"
"ebay-item-178353287148","Acer Predator Helios Neo 16S✓U9 275HX✓16GB RAM✓512GB✓OLED 240Hz✓RTX 5070Ti✓WRNTY","https://dealdesk.fyi/deals/ebay-item-178353287148/","eBay","Electronics","true","2026-08-11","2026-08-29","2026-08-11","$1454.00","1454","","","2026-08-11","","Refurbished · Free shipping"
"ebay-item-178353287148","Acer Predator Helios Neo 16S✓U9 275HX✓16GB RAM✓512GB✓OLED 240Hz✓RTX 5070Ti✓WRNTY","https://dealdesk.fyi/deals/ebay-item-178353287148/","eBay","Electronics","true","2026-08-11","2026-08-29","2026-08-23","$1474.00","1474","","","2026-08-23","","Refurbished · Free shipping"
"ebay-item-178353287148","Acer Predator Helios Neo 16S✓U9 275HX✓16GB RAM✓512GB✓OLED 240Hz✓RTX 5070Ti✓WRNTY","https://dealdesk.fyi/deals/ebay-item-178353287148/","eBay","Electronics","true","2026-08-11","2026-08-29","2026-08-29","$1454.00","1454","","","2026-08-29","","Refurbished · Free shipping"
"ebay-item-178353292088","Acer Predator Helios Neo 16S✓U9 275HX✓32GB RAM✓1TB✓OLED 240Hz✓RTX 5070Ti✓WARNTY","https://dealdesk.fyi/deals/ebay-item-178353292088/","eBay","Electronics","true","2026-08-11","2026-08-31","2026-08-11","$1684.00","1684","","","2026-08-11","","Refurbished · Free shipping"
"ebay-item-178353292088","Acer Predator Helios Neo 16S✓U9 275HX✓32GB RAM✓1TB✓OLED 240Hz✓RTX 5070Ti✓WARNTY","https://dealdesk.fyi/deals/ebay-item-178353292088/","eBay","Electronics","true","2026-08-11","2026-08-31","2026-08-23","$1704.00","1704","","","2026-08-23","","Refurbished · Free shipping"
"ebay-item-178353292088","Acer Predator Helios Neo 16S✓U9 275HX✓32GB RAM✓1TB✓OLED 240Hz✓RTX 5070Ti✓WARNTY","https://dealdesk.fyi/deals/ebay-item-178353292088/","eBay","Electronics","true","2026-08-11","2026-08-31","2026-08-31","$1684.00","1684","","","2026-08-31","","Refurbished · Free shipping"
"ebay-item-178372081669","Last March of the Ents Borderless SURGE Foil MTG The Hobbit Sleeved Immediately","https://dealdesk.fyi/deals/ebay-item-178372081669/","eBay","Collectibles","true","2026-08-04","2026-08-04","2026-08-04","$349.99","349.99","","","2026-08-04","","Pre-Owned · Free shipping"
"ebay-item-178372250705","SERIALIZED KAYOU KPop Demon Hunters Huntrix CR Mira KPDH01 CR-002 #’d /2026","https://dealdesk.fyi/deals/ebay-item-178372250705/","eBay","Collectibles","true","2026-08-04","2026-08-04","2026-08-04","$399.95","399.95","","","2026-08-04","","Pre-Owned · Free shipping"
"ebay-item-178372447811","Funko Bitty POP! Display: Pixar Ball Figure","https://dealdesk.fyi/deals/ebay-item-178372447811/","eBay","Collectibles","true","2026-08-04","2026-08-04","2026-08-04","$12.00","12","$29.99","29.99","2026-08-04","","Pre-Owned · Free shipping"
"ebay-item-178385758480","Jurassic World Chaos Theory: Darius & Baryonyx & Monolophosaurus Action","https://dealdesk.fyi/deals/ebay-item-178385758480/","eBay","Collectibles","true","2026-08-11","2026-08-27","2026-08-11","$15.99","15.99","$37.99","37.99","2026-08-11","","Free shipping"
"ebay-item-178385758480","Jurassic World Chaos Theory: Darius & Baryonyx & Monolophosaurus Action","https://dealdesk.fyi/deals/ebay-item-178385758480/","eBay","Collectibles","true","2026-08-11","2026-08-27","2026-08-27","$19.99","19.99","$37.99","37.99","2026-08-27","","Free shipping"
"ebay-item-178385793739","Yoto Harry Potter and the Sorcerer Stone Audio Card: Reading Software for","https://dealdesk.fyi/deals/ebay-item-178385793739/","eBay","Collectibles","true","2026-08-11","2026-08-11","2026-08-11","$20.99","20.99","$29.99","29.99","2026-08-11","","Free shipping"
"ebay-item-178389128641","Acer Predator Helios 14.5"" QHD 120Hz✓U7 155H✓16GB RAM✓512GB SSD✓RTX 4070 8GB✓WTY","https://dealdesk.fyi/deals/ebay-item-178389128641/","eBay","Electronics","true","2026-08-11","2026-08-11","2026-08-11","$894.00","894","","","2026-08-11","","Refurbished · Free shipping"
"ebay-item-178394899182","2025 Topps Chrome Formula 1  F1 Helix HLX-3 Charles Leclerc (READ DESCRIPTION)","https://dealdesk.fyi/deals/ebay-item-178394899182/","eBay","Sports collectibles","true","2026-08-11","2026-08-11","2026-08-11","$350.00","350","","","2026-08-11","","Pre-Owned"
"ebay-item-178395621394","2024 Panini Marvels Clearly Jayden Daniels","https://dealdesk.fyi/deals/ebay-item-178395621394/","eBay","Sports collectibles","true","2026-08-11","2026-08-11","2026-08-11","$700.00","700","","","2026-08-11","","Confirm condition, shipping, seller, and availability on eBay"
"ebay-item-178395791896","Topps 2025-26 Cosmic Chrome LeBron James Planetary Pursuit Sun #PPS-2 Lakers","https://dealdesk.fyi/deals/ebay-item-178395791896/","eBay","Sports collectibles","true","2026-08-11","2026-08-11","2026-08-11","$299.99","299.99","","","2026-08-11","","Pre-Owned"
"ebay-item-184573762735","Sony PlayStation 5 DualSense Wireless Controller with Haptic Feedback – White","https://dealdesk.fyi/deals/ebay-item-184573762735/","eBay","Electronics","true","2026-08-04","2026-08-11","2026-08-04","$74.00","74","$74.99","74.99","2026-08-04","2027-04-29","Free shipping"
"ebay-item-184573762735","Sony PlayStation 5 DualSense Wireless Controller with Haptic Feedback – White","https://dealdesk.fyi/deals/ebay-item-184573762735/","eBay","Electronics","true","2026-08-04","2026-08-11","2026-08-11","$74.00","74","$74.99","74.99","2026-08-11","","Free shipping"
"ebay-item-184706040293","Bose TV Speaker Home Theater Soundbar, Certified Refurbished","https://dealdesk.fyi/deals/ebay-item-184706040293/","eBay","Electronics","true","2026-08-04","2026-08-11","2026-08-04","$229.00","229","$279.00","279","2026-08-04","2026-11-30","Refurbished · Free shipping"
"ebay-item-184706040293","Bose TV Speaker Home Theater Soundbar, Certified Refurbished","https://dealdesk.fyi/deals/ebay-item-184706040293/","eBay","Electronics","true","2026-08-04","2026-08-11","2026-08-11","$229.00","229","$279.00","279","2026-08-11","","Refurbished · Free shipping"
"ebay-item-184945149335","Sony PlayStation 5 DualSense Wireless Controller w/ Haptic Feedback – Cosmic Red","https://dealdesk.fyi/deals/ebay-item-184945149335/","eBay","Electronics","true","2026-08-04","2026-08-11","2026-08-04","$74.00","74","$74.99","74.99","2026-08-04","2027-04-29","Free shipping"
"ebay-item-184945149335","Sony PlayStation 5 DualSense Wireless Controller w/ Haptic Feedback – Cosmic Red","https://dealdesk.fyi/deals/ebay-item-184945149335/","eBay","Electronics","true","2026-08-04","2026-08-11","2026-08-11","$74.00","74","$74.99","74.99","2026-08-11","","Free shipping"
"ebay-item-185351479948","Tamron 28-75mm f/2.8 Di III VXD G2 Lens for Sony E - Full-Frame - Pro Zoom - NEW","https://dealdesk.fyi/deals/ebay-item-185351479948/","eBay","Electronics","true","2026-08-04","2026-08-11","2026-08-04","$699.00","699","$899.99","899.99","2026-08-04","2027-01-31","Free shipping"
"ebay-item-185351479948","Tamron 28-75mm f/2.8 Di III VXD G2 Lens for Sony E - Full-Frame - Pro Zoom - NEW","https://dealdesk.fyi/deals/ebay-item-185351479948/","eBay","Electronics","true","2026-08-04","2026-08-11","2026-08-11","$699.00","699","$899.99","899.99","2026-08-11","","Free shipping"
"ebay-item-186172534821","Sony a6700 Mirrorless Camera - ILCE-6700 - 26MP APS-C - 4K Video - BRAND NEW","https://dealdesk.fyi/deals/ebay-item-186172534821/","eBay","Electronics","true","2026-08-04","2026-08-11","2026-08-04","$1,319.00","1319","$1,599.99","1599.99","2026-08-04","2027-01-31","Free shipping"
"ebay-item-186172534821","Sony a6700 Mirrorless Camera - ILCE-6700 - 26MP APS-C - 4K Video - BRAND NEW","https://dealdesk.fyi/deals/ebay-item-186172534821/","eBay","Electronics","true","2026-08-04","2026-08-11","2026-08-11","$1319.00","1319","$1599.99","1599.99","2026-08-11","","Free shipping"
"ebay-item-186335228371","Sony Alpha a7C II 4K 33MP Full-Frame Mirrorless Camera ILCE7CM2S - Silver - NEW","https://dealdesk.fyi/deals/ebay-item-186335228371/","eBay","Electronics","true","2026-08-04","2026-08-11","2026-08-04","$1,779.00","1779","$2,499.99","2499.99","2026-08-04","2027-01-31","Free shipping"
"ebay-item-186335228371","Sony Alpha a7C II 4K 33MP Full-Frame Mirrorless Camera ILCE7CM2S - Silver - NEW","https://dealdesk.fyi/deals/ebay-item-186335228371/","eBay","Electronics","true","2026-08-04","2026-08-11","2026-08-11","$1779.00","1779","$2499.99","2499.99","2026-08-11","","Free shipping"
"ebay-item-186465664855-694515751648","Bose QuietComfort Ultra Noise Cancelling Earbuds, Certified Refurbished","https://dealdesk.fyi/deals/ebay-item-186465664855-694515751648/","eBay","Electronics","true","2026-08-04","2026-08-23","2026-08-04","$199.00","199","$299.00","299","2026-08-04","2027-10-27","Refurbished · Free shipping"
"ebay-item-186465664855-694515751648","Bose QuietComfort Ultra Noise Cancelling Earbuds, Certified Refurbished","https://dealdesk.fyi/deals/ebay-item-186465664855-694515751648/","eBay","Electronics","true","2026-08-04","2026-08-23","2026-08-11","$199.00","199","$299.00","299","2026-08-11","","Refurbished · Free shipping"
"ebay-item-186465664855-694515751648","Bose QuietComfort Ultra Noise Cancelling Earbuds, Certified Refurbished","https://dealdesk.fyi/deals/ebay-item-186465664855-694515751648/","eBay","Electronics","true","2026-08-04","2026-08-23","2026-08-23","$249.00","249","$299.00","299","2026-08-23","","Refurbished · Free shipping"
"ebay-item-186477890541","Sigma 24-70mm f/2.8 DG DN II Art Lens - Sony E - 57A965 - BRAND NEW","https://dealdesk.fyi/deals/ebay-item-186477890541/","eBay","Electronics","true","2026-08-04","2026-08-11","2026-08-04","$1,179.00","1179","$1,319.99","1319.99","2026-08-04","2027-01-31","Free shipping"
"ebay-item-186477890541","Sigma 24-70mm f/2.8 DG DN II Art Lens - Sony E - 57A965 - BRAND NEW","https://dealdesk.fyi/deals/ebay-item-186477890541/","eBay","Electronics","true","2026-08-04","2026-08-11","2026-08-11","$1179.00","1179","$1319.99","1319.99","2026-08-11","","Free shipping"
"ebay-item-186628375702-694658499213","Bose Ultra Open Earbuds, Certified Refurbished","https://dealdesk.fyi/deals/ebay-item-186628375702-694658499213/","eBay","Electronics","true","2026-08-04","2026-08-11","2026-08-04","$249.00","249","$299.00","299","2026-08-04","2027-10-27","Refurbished · Free shipping"
"ebay-item-186628375702-694658499213","Bose Ultra Open Earbuds, Certified Refurbished","https://dealdesk.fyi/deals/ebay-item-186628375702-694658499213/","eBay","Electronics","true","2026-08-04","2026-08-11","2026-08-11","$249.00","249","$299.00","299","2026-08-11","","Refurbished · Free shipping"
"ebay-item-186699352947","Lenovo ThinkPad T430 Core i5 3320M 2.60GHz 16GB RAM 512GB SSD Win 10 Pro","https://dealdesk.fyi/deals/ebay-item-186699352947/","eBay","Electronics","true","2026-08-04","2026-08-11","2026-08-04","$248.00","248","","","2026-08-04","2028-01-31","Refurbished · Free shipping"
"ebay-item-186699352947","Lenovo ThinkPad T430 Core i5 3320M 2.60GHz 16GB RAM 512GB SSD Win 10 Pro","https://dealdesk.fyi/deals/ebay-item-186699352947/","eBay","Electronics","true","2026-08-04","2026-08-11","2026-08-11","$248.00","248","","","2026-08-11","","Refurbished · Free shipping"
"ebay-item-186703810346","Booster Box Azurite Sea Disney Lorcana","https://dealdesk.fyi/deals/ebay-item-186703810346/","eBay","Toys & hobbies","true","2026-08-04","2026-08-11","2026-08-04","$112.99","112.99","","","2026-08-04","2027-01-01","Free shipping"
"ebay-item-186703810346","Booster Box Azurite Sea Disney Lorcana","https://dealdesk.fyi/deals/ebay-item-186703810346/","eBay","Toys & hobbies","true","2026-08-04","2026-08-11","2026-08-11","$112.99","112.99","","","2026-08-11","","Free shipping"
"ebay-item-186793888039","Outer Sleeves: Matte Clear Dragon Shield 100 ct.","https://dealdesk.fyi/deals/ebay-item-186793888039/","eBay","Toys & hobbies","true","2026-08-04","2026-08-11","2026-08-04","$12.68","12.68","","","2026-08-04","2027-01-01","Free shipping"
"ebay-item-186793888039","Outer Sleeves: Matte Clear Dragon Shield 100 ct.","https://dealdesk.fyi/deals/ebay-item-186793888039/","eBay","Toys & hobbies","true","2026-08-04","2026-08-11","2026-08-11","$12.68","12.68","","","2026-08-11","","Free shipping"
"ebay-item-186852040063","Play Booster Box Aetherdrift DFT MTG","https://dealdesk.fyi/deals/ebay-item-186852040063/","eBay","Toys & hobbies","true","2026-08-04","2026-08-11","2026-08-04","$109.99","109.99","","","2026-08-04","2027-01-01","Free shipping"
"ebay-item-186852040063","Play Booster Box Aetherdrift DFT MTG","https://dealdesk.fyi/deals/ebay-item-186852040063/","eBay","Toys & hobbies","true","2026-08-04","2026-08-11","2026-08-11","$109.99","109.99","","","2026-08-11","","Free shipping"
"ebay-item-187216822374","Kanto YU6 2-Way Powered Bookshelf Speakers with Bluetooth - Matte Black - Pair","https://dealdesk.fyi/deals/ebay-item-187216822374/","eBay","Electronics","true","2026-08-04","2026-08-04","2026-08-04","$380.00","380","$579.99","579.99","2026-08-04","","Refurbished · Free shipping"
"ebay-item-187268912284","Weiss Schwarz: Girls Band Cry (English) Premium Booster","https://dealdesk.fyi/deals/ebay-item-187268912284/","eBay","Toys & hobbies","true","2026-08-04","2026-08-04","2026-08-04","$21.99","21.99","","","2026-08-04","","Free shipping"
"ebay-item-187367803877","Play Booster Box Marvel's Spider-Man SPM MTG","https://dealdesk.fyi/deals/ebay-item-187367803877/","eBay","Toys & hobbies","true","2026-08-04","2026-08-11","2026-08-04","$124.99","124.99","","","2026-08-04","2027-01-01","Free shipping"
"ebay-item-187367803877","Play Booster Box Marvel's Spider-Man SPM MTG","https://dealdesk.fyi/deals/ebay-item-187367803877/","eBay","Toys & hobbies","true","2026-08-04","2026-08-11","2026-08-11","$124.99","124.99","","","2026-08-11","","Free shipping"
"ebay-item-187429968920","Yamaha R-S202 2ch. Natural Sound 200W Bluetooth Stereo Receiver","https://dealdesk.fyi/deals/ebay-item-187429968920/","eBay","Electronics","true","2026-08-04","2026-08-11","2026-08-04","$159.00","159","$219.95","219.95","2026-08-04","2026-11-30","Refurbished · Free shipping"
"ebay-item-187429968920","Yamaha R-S202 2ch. Natural Sound 200W Bluetooth Stereo Receiver","https://dealdesk.fyi/deals/ebay-item-187429968920/","eBay","Electronics","true","2026-08-04","2026-08-11","2026-08-11","$159.00","159","$249.95","249.95","2026-08-11","","Refurbished · Free shipping"
"ebay-item-187522865547","Play Booster Box Avatar: The Last Airbender TLA MTG","https://dealdesk.fyi/deals/ebay-item-187522865547/","eBay","Toys & hobbies","true","2026-08-11","2026-08-11","2026-08-11","$134.99","134.99","","","2026-08-11","","Free shipping"
"ebay-item-187576160757-695417972097","Bose SoundLink Max Portable Speaker, Certified Refurbished","https://dealdesk.fyi/deals/ebay-item-187576160757-695417972097/","eBay","Electronics","true","2026-08-04","2026-08-11","2026-08-04","$319.00","319","$399.00","399","2026-08-04","2027-10-27","Refurbished · Free shipping"
"ebay-item-187576160757-695417972097","Bose SoundLink Max Portable Speaker, Certified Refurbished","https://dealdesk.fyi/deals/ebay-item-187576160757-695417972097/","eBay","Electronics","true","2026-08-04","2026-08-11","2026-08-11","$319.00","319","$399.00","399","2026-08-11","","Refurbished · Free shipping"
"ebay-item-187656775430","JBL Bar 500MK2 750W Peak 5.1-Ch Dolby Atmos Soundbar w/ Wireless Subwoofer","https://dealdesk.fyi/deals/ebay-item-187656775430/","eBay","Electronics","true","2026-08-04","2026-08-30","2026-08-04","$367.00","367","$499.95","499.95","2026-08-04","2026-11-30","Refurbished · Free shipping"
"ebay-item-187656775430","JBL Bar 500MK2 750W Peak 5.1-Ch Dolby Atmos Soundbar w/ Wireless Subwoofer","https://dealdesk.fyi/deals/ebay-item-187656775430/","eBay","Electronics","true","2026-08-04","2026-08-30","2026-08-11","$367.00","367","$499.95","499.95","2026-08-11","","Refurbished · Free shipping"
"ebay-item-187656775430","JBL Bar 500MK2 750W Peak 5.1-Ch Dolby Atmos Soundbar w/ Wireless Subwoofer","https://dealdesk.fyi/deals/ebay-item-187656775430/","eBay","Electronics","true","2026-08-04","2026-08-30","2026-08-23","$367.00","367","$649.95","649.95","2026-08-23","","Refurbished · Free shipping"
"ebay-item-187656775430","JBL Bar 500MK2 750W Peak 5.1-Ch Dolby Atmos Soundbar w/ Wireless Subwoofer","https://dealdesk.fyi/deals/ebay-item-187656775430/","eBay","Electronics","true","2026-08-04","2026-08-30","2026-08-30","$367.00","367","$399.95","399.95","2026-08-30","","Refurbished · Free shipping"
"ebay-item-187696934981-695489345780","Google Pixel 8 128GB US Version Unlocked - Excellent Refurbished","https://dealdesk.fyi/deals/ebay-item-187696934981-695489345780/","eBay","Electronics","true","2026-08-04","2026-08-04","2026-08-04","$253.99","253.99","","","2026-08-04","","Refurbished · Free shipping"
"ebay-item-187773392107","SEALED CASE! 6x Collector Booster Box Teenage Mutant Ninja Turtles TMT MTG","https://dealdesk.fyi/deals/ebay-item-187773392107/","eBay","Toys & hobbies","true","2026-08-04","2026-08-04","2026-08-04","$2,579.94","2579.94","","","2026-08-04","","Free shipping"
"ebay-item-187799121843","Lenovo ThinkPad L14 Core i7 10510U 16GB RAM 512GB SSD Win 11 Pro Touchscreeen","https://dealdesk.fyi/deals/ebay-item-187799121843/","eBay","Electronics","true","2026-08-11","2026-08-23","2026-08-11","$315.00","315","","","2026-08-11","","Refurbished · Free shipping"
"ebay-item-187799121843","Lenovo ThinkPad L14 Core i7 10510U 16GB RAM 512GB SSD Win 11 Pro Touchscreeen","https://dealdesk.fyi/deals/ebay-item-187799121843/","eBay","Electronics","true","2026-08-11","2026-08-23","2026-08-23","$345.00","345","","","2026-08-23","","Refurbished · Free shipping"
"ebay-item-187827696886","Lenovo ThinkPad T580 15.6”  i5 8350u 16GB RAM 512GB SSD Win 11 Pro Touchscreen","https://dealdesk.fyi/deals/ebay-item-187827696886/","eBay","Electronics","true","2026-08-04","2026-08-04","2026-08-04","$355.00","355","","","2026-08-04","","Refurbished · Free shipping"
"ebay-item-187827718371","Lenovo ThinkPad T580 15.6” Core i5 8350u 32GB RAM 1TB SSD Win 11 Pro Touchscreen","https://dealdesk.fyi/deals/ebay-item-187827718371/","eBay","Electronics","true","2026-08-04","2026-08-11","2026-08-04","$475.00","475","","","2026-08-04","2027-08-31","Refurbished · Free shipping"
"ebay-item-187827718371","Lenovo ThinkPad T580 15.6” Core i5 8350u 32GB RAM 1TB SSD Win 11 Pro Touchscreen","https://dealdesk.fyi/deals/ebay-item-187827718371/","eBay","Electronics","true","2026-08-04","2026-08-11","2026-08-11","$475.00","475","","","2026-08-11","","Refurbished · Free shipping"
"ebay-item-187873422536","Extra Booster: One Piece TCG Heroines Edition Box (EB-03) w/ Dash Pack","https://dealdesk.fyi/deals/ebay-item-187873422536/","eBay","Toys & hobbies","true","2026-08-04","2026-08-11","2026-08-04","$319.99","319.99","","","2026-08-04","2027-01-01","Free shipping"
"ebay-item-187873422536","Extra Booster: One Piece TCG Heroines Edition Box (EB-03) w/ Dash Pack","https://dealdesk.fyi/deals/ebay-item-187873422536/","eBay","Toys & hobbies","true","2026-08-04","2026-08-11","2026-08-11","$319.99","319.99","","","2026-08-11","","Free shipping"
"ebay-item-187915582686","Lenovo ThinkPad T490 Intel Core i7 8565u 1.8GHz 32GB RAM 1TB SSD Win 11 Pro","https://dealdesk.fyi/deals/ebay-item-187915582686/","eBay","Electronics","true","2026-08-04","2026-08-11","2026-08-04","$445.00","445","","","2026-08-04","2027-08-31","Refurbished · Free shipping"
"ebay-item-187915582686","Lenovo ThinkPad T490 Intel Core i7 8565u 1.8GHz 32GB RAM 1TB SSD Win 11 Pro","https://dealdesk.fyi/deals/ebay-item-187915582686/","eBay","Electronics","true","2026-08-04","2026-08-11","2026-08-11","$445.00","445","","","2026-08-11","","Refurbished · Free shipping"
"ebay-item-188102407016","Hasbro Peppa Beach Campervan Playset - Peppa Pig Camping Car","https://dealdesk.fyi/deals/ebay-item-188102407016/","eBay","Collectibles","true","2026-08-11","2026-08-11","2026-08-11","$13.32","13.32","$31.49","31.49","2026-08-11","","Free shipping"
"ebay-item-188216719857","-Set of 2- Scene Box Marvel Super Heroes MSH MTG","https://dealdesk.fyi/deals/ebay-item-188216719857/","eBay","Toys & hobbies","true","2026-08-04","2026-08-11","2026-08-04","$49.99","49.99","","","2026-08-04","2027-01-01","Free shipping"
"ebay-item-188216719857","-Set of 2- Scene Box Marvel Super Heroes MSH MTG","https://dealdesk.fyi/deals/ebay-item-188216719857/","eBay","Toys & hobbies","true","2026-08-04","2026-08-11","2026-08-11","$49.99","49.99","","","2026-08-11","","Free shipping"
"ebay-item-188216719889","Kpop Demon Hunters: World Tour Collectible Cards Energy Edition Booster Box","https://dealdesk.fyi/deals/ebay-item-188216719889/","eBay","Toys & hobbies","true","2026-08-04","2026-08-11","2026-08-04","$49.99","49.99","","","2026-08-04","2027-01-01","Free shipping"
"ebay-item-188216719889","Kpop Demon Hunters: World Tour Collectible Cards Energy Edition Booster Box","https://dealdesk.fyi/deals/ebay-item-188216719889/","eBay","Toys & hobbies","true","2026-08-04","2026-08-11","2026-08-11","$49.99","49.99","","","2026-08-11","","Free shipping"
"ebay-item-188226796219","Star Wars: Unlimited – 2026 Twin Suns Deck Display","https://dealdesk.fyi/deals/ebay-item-188226796219/","eBay","Toys & hobbies","true","2026-08-11","2026-08-11","2026-08-11","$99.99","99.99","","","2026-08-11","","Free shipping"
"ebay-item-188363052508","Audio-Technica AT-LP60X Fully Automatic Belt-Drive Turntable - Gunmetal","https://dealdesk.fyi/deals/ebay-item-188363052508/","eBay","Electronics","true","2026-08-04","2026-08-11","2026-08-04","$164.00","164","$189.00","189","2026-08-04","2026-11-30","Refurbished · Free shipping"
"ebay-item-188363052508","Audio-Technica AT-LP60X Fully Automatic Belt-Drive Turntable - Gunmetal","https://dealdesk.fyi/deals/ebay-item-188363052508/","eBay","Electronics","true","2026-08-04","2026-08-11","2026-08-11","$164.00","164","$189.00","189","2026-08-11","","Refurbished · Free shipping"
"ebay-item-188415139898","Yoto Pixar Audio Collection (6 Card Pack): Learning System for Grades 1-6","https://dealdesk.fyi/deals/ebay-item-188415139898/","eBay","Collectibles","true","2026-08-04","2026-08-04","2026-08-04","$30.99","30.99","$49.99","49.99","2026-08-04","","Free shipping"
"ebay-item-188431279934","Audio Technica Sound Burger Portable Bluetooth Turntable (Yellow)","https://dealdesk.fyi/deals/ebay-item-188431279934/","eBay","Electronics","true","2026-08-11","2026-08-11","2026-08-11","$169.00","169","$199.00","199","2026-08-11","","Refurbished · Free shipping"
"ebay-item-188431327254","Star Wars: Unlimited - Ashes of the Empire: Booster Box","https://dealdesk.fyi/deals/ebay-item-188431327254/","eBay","Toys & hobbies","true","2026-08-04","2026-08-11","2026-08-04","$74.99","74.99","","","2026-08-04","2027-01-01","Free shipping"
"ebay-item-188431327254","Star Wars: Unlimited - Ashes of the Empire: Booster Box","https://dealdesk.fyi/deals/ebay-item-188431327254/","eBay","Toys & hobbies","true","2026-08-04","2026-08-11","2026-08-11","$74.99","74.99","","","2026-08-11","","Free shipping"
"ebay-item-188431847139","Weiss Schwarz: Re:ZERO Starting Life in Another World Vol.3 English Booster 8/28","https://dealdesk.fyi/deals/ebay-item-188431847139/","eBay","Toys & hobbies","true","2026-08-04","2026-08-04","2026-08-04","$49.95","49.95","","","2026-08-04","","Free shipping"
"ebay-item-188456816822","Yoto Player (3rd Generation) Audio Player","https://dealdesk.fyi/deals/ebay-item-188456816822/","eBay","Collectibles","true","2026-08-04","2026-08-04","2026-08-04","$52.99","52.99","$104.99","104.99","2026-08-04","","Free shipping"
"ebay-item-188497949069","Stratego Classic Board Game","https://dealdesk.fyi/deals/ebay-item-188497949069/","eBay","Collectibles","true","2026-08-11","2026-08-25","2026-08-11","$13.32","13.32","$29.99","29.99","2026-08-11","","Free shipping"
"ebay-item-188497949069","Stratego Classic Board Game","https://dealdesk.fyi/deals/ebay-item-188497949069/","eBay","Collectibles","true","2026-08-11","2026-08-25","2026-08-25","$13.99","13.99","$29.99","29.99","2026-08-25","","Free shipping"
"ebay-item-188502373936","Huffy 6V Vespa 801 Ride-On Scooter - White","https://dealdesk.fyi/deals/ebay-item-188502373936/","eBay","Collectibles","true","2026-08-04","2026-08-04","2026-08-04","$41.64","41.64","$89.99","89.99","2026-08-04","","Pre-Owned · Free shipping"
"ebay-item-188555872179","SEALED CASE 12 Weiss Schwarz Goddess of Victory NIKKE vol 2 English Booster 9/25","https://dealdesk.fyi/deals/ebay-item-188555872179/","eBay","Toys & hobbies","true","2026-08-04","2026-08-11","2026-08-04","$495.95","495.95","","","2026-08-04","2027-01-01","Free shipping"
"ebay-item-188555872179","SEALED CASE 12 Weiss Schwarz Goddess of Victory NIKKE vol 2 English Booster 9/25","https://dealdesk.fyi/deals/ebay-item-188555872179/","eBay","Toys & hobbies","true","2026-08-04","2026-08-11","2026-08-11","$495.95","495.95","","","2026-08-11","","Free shipping"
"ebay-item-188623064030","Charizard Puzzle - Pokémon","https://dealdesk.fyi/deals/ebay-item-188623064030/","eBay","Collectibles","true","2026-08-11","2026-08-11","2026-08-11","$50.99","50.99","$70.00","70","2026-08-11","","Free shipping"
"ebay-item-188644863685","Dell Latitude 5420 14"" Laptop i5-10310U 1.70GHz 16GB RAM 256GB NVMe Windows 11","https://dealdesk.fyi/deals/ebay-item-188644863685/","eBay","Electronics","true","2026-08-04","2026-08-04","2026-08-04","$179.99","179.99","","","2026-08-04","","Refurbished · Free shipping"
"ebay-item-188712947058","Lenovo ThinkBook 15-IIL 15.6"" Laptop i5-1035G1 1.00GHz 8GB RAM 256GB NVMe Win11","https://dealdesk.fyi/deals/ebay-item-188712947058/","eBay","Electronics","true","2026-08-04","2026-08-04","2026-08-04","$169.99","169.99","","","2026-08-04","","Refurbished · Free shipping"
"ebay-item-188725331503","Our Generation Mindy & Pepper 18'' Doll & Pet Kitten Set","https://dealdesk.fyi/deals/ebay-item-188725331503/","eBay","Collectibles","true","2026-08-11","2026-08-11","2026-08-11","$22.99","22.99","$34.99","34.99","2026-08-11","","Free shipping"
"ebay-item-188735109382","Hobbyist Rock 'N Baseball Autographed Kyle Kravitz Card #00 NYC July 2026","https://dealdesk.fyi/deals/ebay-item-188735109382/","eBay","Collectibles","true","2026-08-04","2026-08-04","2026-08-04","$399.99","399.99","","","2026-08-04","","Pre-Owned"
"ebay-item-188740933187","2026 Panini National NSCC VIP Private Signings PAUL SKENES On Card AUTO","https://dealdesk.fyi/deals/ebay-item-188740933187/","eBay","Sports collectibles","true","2026-08-04","2026-08-04","2026-08-04","$375.00","375","","","2026-08-04","","Pre-Owned · Free shipping"
"ebay-item-188743943204","Bean Pool Sling Chair Berry Pool Loungers - Sun Squad","https://dealdesk.fyi/deals/ebay-item-188743943204/","eBay","Collectibles","true","2026-08-11","2026-08-11","2026-08-11","$13.99","13.99","$35.00","35","2026-08-11","","Free shipping"
"ebay-item-188761843028","Canon EOS R7 Mirrorless Camera Body - 5137C002 - FREE FAST SHIPPING - NEW","https://dealdesk.fyi/deals/ebay-item-188761843028/","eBay","Electronics","true","2026-08-11","2026-08-11","2026-08-11","$1239.00","1239","$1649.99","1649.99","2026-08-11","","Canon EOS R7 Mirrorless Camera Body - 5137C002 - FREE FAST SHIPPING - NEW"
"ebay-item-188765717296","VTech 2-in-1 Learn & Zoom Motorbike","https://dealdesk.fyi/deals/ebay-item-188765717296/","eBay","Collectibles","true","2026-08-11","2026-08-11","2026-08-11","$30.99","30.99","$47.99","47.99","2026-08-11","","Free shipping"
"ebay-item-188771701398","Lenovo ThinkPad T460 i5-6200U 8GB RAM 128GB SSD (Windows 10 Enterprise LTSC)","https://dealdesk.fyi/deals/ebay-item-188771701398/","eBay","Electronics","true","2026-08-11","2026-08-11","2026-08-11","$99.95","99.95","","","2026-08-11","","Refurbished · Free shipping"
"ebay-item-188771703039","Lenovo ThinkPad T470 14"" i5-7200U 2.50GHz 8GB RAM 128GB SSD (Windows 11 Pro)","https://dealdesk.fyi/deals/ebay-item-188771703039/","eBay","Electronics","true","2026-08-11","2026-08-11","2026-08-11","$129.95","129.95","","","2026-08-11","","Refurbished · Free shipping"
"ebay-item-188773254094","tonies PAW Patrol: Chase Toniebox 2 Play Set - Sunset Red: Toddler","https://dealdesk.fyi/deals/ebay-item-188773254094/","eBay","Collectibles","true","2026-08-11","2026-08-11","2026-08-11","$96.99","96.99","$169.99","169.99","2026-08-11","","Free shipping"
"ebay-item-188774543769","2021 Pokemon Tyranitar V 155/163 Battle Styles Alt Art BGS 9.5 Gem Mint Quad 9.5","https://dealdesk.fyi/deals/ebay-item-188774543769/","eBay","Collectibles","true","2026-08-11","2026-08-11","2026-08-11","$499.00","499","","","2026-08-11","","Confirm condition, shipping, seller, and availability on eBay"
"ebay-item-188775526956","Topps 2026 Finest Andre Dawson Montreal Expos Finest Ink Auto FI-AD #/10","https://dealdesk.fyi/deals/ebay-item-188775526956/","eBay","Sports collectibles","true","2026-08-11","2026-08-11","2026-08-11","$250.00","250","","","2026-08-11","","Pre-Owned"
"ebay-item-192319067694","Nintendo Game Boy Advance GBA SP NES Classic Edition System AGS 101 Brighter","https://dealdesk.fyi/deals/ebay-item-192319067694/","eBay","Electronics","true","2026-08-04","2026-08-23","2026-08-04","$264.95","264.95","","","2026-08-04","2027-04-29","Refurbished · Free shipping"
"ebay-item-192319067694","Nintendo Game Boy Advance GBA SP NES Classic Edition System AGS 101 Brighter","https://dealdesk.fyi/deals/ebay-item-192319067694/","eBay","Electronics","true","2026-08-04","2026-08-23","2026-08-11","$264.95","264.95","","","2026-08-11","","Refurbished · Free shipping"
"ebay-item-192319067694","Nintendo Game Boy Advance GBA SP NES Classic Edition System AGS 101 Brighter","https://dealdesk.fyi/deals/ebay-item-192319067694/","eBay","Electronics","true","2026-08-04","2026-08-23","2026-08-23","$274.95","274.95","","","2026-08-23","","Refurbished · Free shipping"
"ebay-item-192622379291","Lowe 2 9/16"" Female Round to 2"" Male Hex Auger Bit Adapter Conversion Heavy Duty","https://dealdesk.fyi/deals/ebay-item-192622379291/","eBay","Business & industrial","true","2026-08-04","2026-08-11","2026-08-04","$179.99","179.99","","","2026-08-04","2026-12-31","Free shipping"
"ebay-item-192622379291","Lowe 2 9/16"" Female Round to 2"" Male Hex Auger Bit Adapter Conversion Heavy Duty","https://dealdesk.fyi/deals/ebay-item-192622379291/","eBay","Business & industrial","true","2026-08-04","2026-08-11","2026-08-11","$179.99","179.99","","","2026-08-11","","Free shipping"
"ebay-item-193081556053-493270144778","Nintendo Game Boy Color GBC System Backlight Backlit Brighter TFT Customized!","https://dealdesk.fyi/deals/ebay-item-193081556053-493270144778/","eBay","Electronics","true","2026-08-04","2026-08-11","2026-08-04","$194.95","194.95","","","2026-08-04","2027-04-29","Refurbished · Free shipping"
"ebay-item-193081556053-493270144778","Nintendo Game Boy Color GBC System Backlight Backlit Brighter TFT Customized!","https://dealdesk.fyi/deals/ebay-item-193081556053-493270144778/","eBay","Electronics","true","2026-08-04","2026-08-11","2026-08-11","$194.95","194.95","","","2026-08-11","","Refurbished · Free shipping"
"ebay-item-193093032253","42"" 2,200 Pound Pallet Forks Attachment Fits Kubota Kioti Tractor Quick Attach","https://dealdesk.fyi/deals/ebay-item-193093032253/","eBay","Business & industrial","true","2026-08-11","2026-08-11","2026-08-11","$875.99","875.99","","","2026-08-11","","Free shipping"
"ebay-item-193187622442","Lowe 24"" Auger Bit for Skid Steer, 2"" Hex Collar, 48"" Long, Heavy Duty USA","https://dealdesk.fyi/deals/ebay-item-193187622442/","eBay","Business & industrial","true","2026-08-04","2026-08-04","2026-08-04","$879.99","879.99","","","2026-08-04","","Confirm condition, shipping, seller, and availability on eBay"
"ebay-item-193451224712","Lowe SQ-9-3H Skid Steer Auger Bit 9"" Diameter, 2"" Hex Collar Shaft, 36"" Tall","https://dealdesk.fyi/deals/ebay-item-193451224712/","eBay","Business & industrial","true","2026-08-04","2026-08-11","2026-08-04","$395.99","395.99","","","2026-08-04","2026-12-31","Confirm condition, shipping, seller, and availability on eBay"
"ebay-item-193451224712","Lowe SQ-9-3H Skid Steer Auger Bit 9"" Diameter, 2"" Hex Collar Shaft, 36"" Tall","https://dealdesk.fyi/deals/ebay-item-193451224712/","eBay","Business & industrial","true","2026-08-04","2026-08-11","2026-08-11","$395.99","395.99","","","2026-08-11","","Confirm condition, shipping, seller, and availability on eBay"
"ebay-item-193778521130","🔥NEW Nintendo Switch + Neon Joy Cons 32GB Gaming Console +FREE 2-Day Shipping🔥","https://dealdesk.fyi/deals/ebay-item-193778521130/","eBay","Electronics","true","2026-08-04","2026-08-11","2026-08-04","$329.99","329.99","","","2026-08-04","2027-04-29","🔥NEW Nintendo Switch + Neon Joy Cons 32GB Gaming Console +FREE 2-Day Shipping🔥"
"ebay-item-193778521130","🔥NEW Nintendo Switch + Neon Joy Cons 32GB Gaming Console +FREE 2-Day Shipping🔥","https://dealdesk.fyi/deals/ebay-item-193778521130/","eBay","Electronics","true","2026-08-04","2026-08-11","2026-08-11","$329.99","329.99","","","2026-08-11","","🔥NEW Nintendo Switch + Neon Joy Cons 32GB Gaming Console +FREE 2-Day Shipping🔥"
"ebay-item-194260544047","Lowe SQ-12-3 Skid Steer Auger Bit 12"" Diameter, 2-9/16"" Round Drive, 36"" Tall","https://dealdesk.fyi/deals/ebay-item-194260544047/","eBay","Business & industrial","true","2026-08-04","2026-08-11","2026-08-04","$467.49","467.49","","","2026-08-04","2026-12-31","Confirm condition, shipping, seller, and availability on eBay"
"ebay-item-194260544047","Lowe SQ-12-3 Skid Steer Auger Bit 12"" Diameter, 2-9/16"" Round Drive, 36"" Tall","https://dealdesk.fyi/deals/ebay-item-194260544047/","eBay","Business & industrial","true","2026-08-04","2026-08-11","2026-08-11","$467.49","467.49","","","2026-08-11","","Confirm condition, shipping, seller, and availability on eBay"
"ebay-item-194427559918","Danuser 24"" Length 2"" Hex Shaft Auger Bit Extension Attachment Heavy Duty 10911","https://dealdesk.fyi/deals/ebay-item-194427559918/","eBay","Business & industrial","true","2026-08-04","2026-08-11","2026-08-04","$224.99","224.99","","","2026-08-04","2026-12-31","Confirm condition, shipping, seller, and availability on eBay"
"ebay-item-194427559918","Danuser 24"" Length 2"" Hex Shaft Auger Bit Extension Attachment Heavy Duty 10911","https://dealdesk.fyi/deals/ebay-item-194427559918/","eBay","Business & industrial","true","2026-08-04","2026-08-11","2026-08-11","$224.99","224.99","","","2026-08-11","","Confirm condition, shipping, seller, and availability on eBay"
"ebay-item-194533221373-494638751595","Nintendo Game Boy Advance GBA Backlight V5 IPS System USB-C Rechargeable Battery","https://dealdesk.fyi/deals/ebay-item-194533221373-494638751595/","eBay","Electronics","true","2026-08-04","2026-08-11","2026-08-04","$234.95","234.95","","","2026-08-04","2027-04-29","Refurbished · Free shipping"
"ebay-item-194533221373-494638751595","Nintendo Game Boy Advance GBA Backlight V5 IPS System USB-C Rechargeable Battery","https://dealdesk.fyi/deals/ebay-item-194533221373-494638751595/","eBay","Electronics","true","2026-08-04","2026-08-11","2026-08-11","$234.95","234.95","","","2026-08-11","","Refurbished · Free shipping"
"ebay-item-194991515485","🔥 Nintendo Switch OLED 64GB WHITE Joy Cons Newest Game Console + 2 Day SHIP! 🔥","https://dealdesk.fyi/deals/ebay-item-194991515485/","eBay","Electronics","true","2026-08-04","2026-08-23","2026-08-04","$274.99","274.99","$369.99","369.99","2026-08-04","2027-04-29","Refurbished · Free shipping"
"ebay-item-194991515485","🔥 Nintendo Switch OLED 64GB WHITE Joy Cons Newest Game Console + 2 Day SHIP! 🔥","https://dealdesk.fyi/deals/ebay-item-194991515485/","eBay","Electronics","true","2026-08-04","2026-08-23","2026-08-11","$274.99","274.99","$369.99","369.99","2026-08-11","","Refurbished · Free shipping"
"ebay-item-194991515485","🔥 Nintendo Switch OLED 64GB WHITE Joy Cons Newest Game Console + 2 Day SHIP! 🔥","https://dealdesk.fyi/deals/ebay-item-194991515485/","eBay","Electronics","true","2026-08-04","2026-08-23","2026-08-23","$269.99","269.99","$369.99","369.99","2026-08-23","","Refurbished · Free shipping"
"ebay-item-195302463857","Nintendo Switch Gray Joy Cons 32GB Gaming Console + 2DAY Ship ✈️ + 1YR Warnty","https://dealdesk.fyi/deals/ebay-item-195302463857/","eBay","Electronics","true","2026-08-04","2026-08-11","2026-08-04","$209.99","209.99","$299.99","299.99","2026-08-04","2027-04-29","Refurbished · Free shipping"
"ebay-item-195302463857","Nintendo Switch Gray Joy Cons 32GB Gaming Console + 2DAY Ship ✈️ + 1YR Warnty","https://dealdesk.fyi/deals/ebay-item-195302463857/","eBay","Electronics","true","2026-08-04","2026-08-11","2026-08-11","$209.99","209.99","$299.99","299.99","2026-08-11","","Refurbished · Free shipping"
"ebay-item-195425001260","Danuser 10"" Hex Stump Auger Planer With Steel Cutting Blades and Pilot 190127","https://dealdesk.fyi/deals/ebay-item-195425001260/","eBay","Business & industrial","true","2026-08-04","2026-08-11","2026-08-04","$824.99","824.99","","","2026-08-04","2026-12-31","Confirm condition, shipping, seller, and availability on eBay"
"ebay-item-195425001260","Danuser 10"" Hex Stump Auger Planer With Steel Cutting Blades and Pilot 190127","https://dealdesk.fyi/deals/ebay-item-195425001260/","eBay","Business & industrial","true","2026-08-04","2026-08-11","2026-08-11","$824.99","824.99","","","2026-08-11","","Confirm condition, shipping, seller, and availability on eBay"
"ebay-item-195489338765","Nintendo Game Boy Advance SP System GBA SP IPS LCD Backlight 10 Level Black","https://dealdesk.fyi/deals/ebay-item-195489338765/","eBay","Electronics","true","2026-08-04","2026-08-04","2026-08-04","$219.95","219.95","","","2026-08-04","","Refurbished · Free shipping"
"ebay-item-195687374485","Nintendo Switch OLED 64GB Pokemon Scarlet & Violet ✨ Limited Edition ✨ Console","https://dealdesk.fyi/deals/ebay-item-195687374485/","eBay","Electronics","true","2026-08-04","2026-08-11","2026-08-04","$338.88","338.88","$449.99","449.99","2026-08-04","2027-04-29","Refurbished · Free shipping"
"ebay-item-195687374485","Nintendo Switch OLED 64GB Pokemon Scarlet & Violet ✨ Limited Edition ✨ Console","https://dealdesk.fyi/deals/ebay-item-195687374485/","eBay","Electronics","true","2026-08-04","2026-08-11","2026-08-11","$338.88","338.88","$449.99","449.99","2026-08-11","","Refurbished · Free shipping"
"ebay-item-195983154078","Lowe SQ-4-3 Skid Steer Auger Bit 4"" Wide, 2"" Hex Collar Shaft, 36"" Tall","https://dealdesk.fyi/deals/ebay-item-195983154078/","eBay","Business & industrial","true","2026-08-04","2026-08-11","2026-08-04","$259.99","259.99","","","2026-08-04","2026-12-31","Confirm condition, shipping, seller, and availability on eBay"
"ebay-item-195983154078","Lowe SQ-4-3 Skid Steer Auger Bit 4"" Wide, 2"" Hex Collar Shaft, 36"" Tall","https://dealdesk.fyi/deals/ebay-item-195983154078/","eBay","Business & industrial","true","2026-08-04","2026-08-11","2026-08-11","$259.99","259.99","","","2026-08-11","","Confirm condition, shipping, seller, and availability on eBay"
"ebay-item-196060253300","Nintendo OLED Switch Console Legend of ZELDA Tears of the Kingdom Limtd Edition!","https://dealdesk.fyi/deals/ebay-item-196060253300/","eBay","Electronics","true","2026-08-04","2026-08-11","2026-08-04","$329.99","329.99","$449.99","449.99","2026-08-04","2027-04-29","Refurbished · Free shipping"
"ebay-item-196060253300","Nintendo OLED Switch Console Legend of ZELDA Tears of the Kingdom Limtd Edition!","https://dealdesk.fyi/deals/ebay-item-196060253300/","eBay","Electronics","true","2026-08-04","2026-08-11","2026-08-11","$329.99","329.99","$449.99","449.99","2026-08-11","","Refurbished · Free shipping"
"ebay-item-196128289576","Gran Turismo 7 - PlayStation 5","https://dealdesk.fyi/deals/ebay-item-196128289576/","eBay","Electronics","true","2026-08-04","2026-08-11","2026-08-04","$29.99","29.99","$69.99","69.99","2026-08-04","2027-04-29","Confirm condition, shipping, seller, and availability on eBay"
"ebay-item-196128289576","Gran Turismo 7 - PlayStation 5","https://dealdesk.fyi/deals/ebay-item-196128289576/","eBay","Electronics","true","2026-08-04","2026-08-11","2026-08-11","$69.99","69.99","","","2026-08-11","","Free shipping"
"ebay-item-196223759238-496071304185","Nintendo Switch Lite CHOOSE YOUR COLOR + Free 1 Year Warranty!","https://dealdesk.fyi/deals/ebay-item-196223759238-496071304185/","eBay","Electronics","true","2026-08-04","2026-08-11","2026-08-04","$169.99","169.99","$199.99","199.99","2026-08-04","2027-04-29","Refurbished · Free shipping"
"ebay-item-196223759238-496071304185","Nintendo Switch Lite CHOOSE YOUR COLOR + Free 1 Year Warranty!","https://dealdesk.fyi/deals/ebay-item-196223759238-496071304185/","eBay","Electronics","true","2026-08-04","2026-08-11","2026-08-11","$169.99","169.99","$199.99","199.99","2026-08-11","","Refurbished · Free shipping"
"ebay-item-196250172215","5 Tine Ripper Soil Tiller Fits Skid Steer Quick Attach - Free Shipping","https://dealdesk.fyi/deals/ebay-item-196250172215/","eBay","Business & industrial","true","2026-08-04","2026-08-11","2026-08-04","$624.99","624.99","","","2026-08-04","2026-12-31","5 Tine Ripper Soil Tiller Fits Skid Steer Quick Attach - Free Shipping"
"ebay-item-196250172215","5 Tine Ripper Soil Tiller Fits Skid Steer Quick Attach - Free Shipping","https://dealdesk.fyi/deals/ebay-item-196250172215/","eBay","Business & industrial","true","2026-08-04","2026-08-11","2026-08-11","$624.99","624.99","","","2026-08-11","","5 Tine Ripper Soil Tiller Fits Skid Steer Quick Attach - Free Shipping"
"ebay-item-196360826199","Nintendo Switch Console Neon Blue + Red Joy-Cons 32GB 2Day Ship ✈️ + 1 Yr War","https://dealdesk.fyi/deals/ebay-item-196360826199/","eBay","Electronics","true","2026-08-04","2026-08-11","2026-08-04","$218.88","218.88","$299.99","299.99","2026-08-04","2027-04-29","Refurbished · Free shipping"
"ebay-item-196360826199","Nintendo Switch Console Neon Blue + Red Joy-Cons 32GB 2Day Ship ✈️ + 1 Yr War","https://dealdesk.fyi/deals/ebay-item-196360826199/","eBay","Electronics","true","2026-08-04","2026-08-11","2026-08-11","$218.88","218.88","$299.99","299.99","2026-08-11","","Refurbished · Free shipping"
"ebay-item-196819042906","Heavy Duty Stump Bucket with Teeth Attachment Fits Toro Dingo Mini Skid Steer","https://dealdesk.fyi/deals/ebay-item-196819042906/","eBay","Business & industrial","true","2026-08-11","2026-08-11","2026-08-11","$599.99","599.99","","","2026-08-11","","Free shipping"
"ebay-item-196826698395","Google Pixel 8a GKV4X Unlocked 128GB Obsidian Good","https://dealdesk.fyi/deals/ebay-item-196826698395/","eBay","Electronics","true","2026-08-11","2026-08-11","2026-08-11","$211.48","211.48","","","2026-08-11","","Refurbished · Free shipping"
"ebay-item-197493655809","Kodak PIXPRO FZ45 Digital Camera, Red Bundle","https://dealdesk.fyi/deals/ebay-item-197493655809/","eBay","Electronics","true","2026-08-11","2026-08-23","2026-08-11","$185.95","185.95","$288.99","288.99","2026-08-11","","Free shipping"
"ebay-item-197493655809","Kodak PIXPRO FZ45 Digital Camera, Red Bundle","https://dealdesk.fyi/deals/ebay-item-197493655809/","eBay","Electronics","true","2026-08-11","2026-08-23","2026-08-23","$174.95","174.95","$271.99","271.99","2026-08-23","","Free shipping"
"ebay-item-197852968368","SAMSUNG 16GB DDR3-1600 PC3-12800 SO-DIMM Laptop RAM (2x8GB)","https://dealdesk.fyi/deals/ebay-item-197852968368/","eBay","Electronics","true","2026-08-11","2026-08-11","2026-08-11","$27.99","27.99","","","2026-08-11","","Refurbished · Free shipping"
"ebay-item-197870584522","DJI Osmo Action 4 Adventure Action Camera 50 In 1 Kit Bundle","https://dealdesk.fyi/deals/ebay-item-197870584522/","eBay","Electronics","true","2026-08-11","2026-08-11","2026-08-11","$433.95","433.95","$672.99","672.99","2026-08-11","","Free shipping"
"ebay-item-197870585334","GoPro HERO13 Waterproof Action Camera 64GB Card 50 Piece Kit","https://dealdesk.fyi/deals/ebay-item-197870585334/","eBay","Electronics","true","2026-08-11","2026-08-11","2026-08-11","$534.95","534.95","$829.99","829.99","2026-08-11","","Free shipping"
"ebay-item-198231279099","Nikon D7500 20.9MP DX-Format Ultra HD DSLR Digital Camera (Body Only) - (Black)","https://dealdesk.fyi/deals/ebay-item-198231279099/","eBay","Electronics","true","2026-08-11","2026-08-11","2026-08-11","$694.95","694.95","$1077.99","1077.99","2026-08-11","","Free shipping"
"ebay-item-198263100155","Apple iPhone 14 128GB Midnight A2649 MPUA3LL/A Unlocked Clean ESN Good (AMX)","https://dealdesk.fyi/deals/ebay-item-198263100155/","eBay","Electronics","true","2026-08-04","2026-08-04","2026-08-04","$249.95","249.95","","","2026-08-04","","Refurbished · Free shipping"
"ebay-item-198279506139","Proworks 72"" Root Rake Clam Grapple Attachment John Deere Compact Tractor Loader","https://dealdesk.fyi/deals/ebay-item-198279506139/","eBay","Business & industrial","true","2026-08-04","2026-08-11","2026-08-04","$2,124.99","2124.99","","","2026-08-04","2026-12-31","Free shipping"
"ebay-item-198279506139","Proworks 72"" Root Rake Clam Grapple Attachment John Deere Compact Tractor Loader","https://dealdesk.fyi/deals/ebay-item-198279506139/","eBay","Business & industrial","true","2026-08-04","2026-08-11","2026-08-11","$2124.99","2124.99","","","2026-08-11","","Free shipping"
"ebay-item-198323675786","Danuser 4"" Wobble Auger 2"" Hex 48"" Dirtless Digging Post Hole Auger Bit 20600","https://dealdesk.fyi/deals/ebay-item-198323675786/","eBay","Business & industrial","true","2026-08-04","2026-08-04","2026-08-04","$536.99","536.99","","","2026-08-04","","Free shipping"
"ebay-item-198403310782","Transformers - Takara Tomy: Masterpiece - MPG-17 Optimus Prime Style Generation","https://dealdesk.fyi/deals/ebay-item-198403310782/","eBay","Collectibles","true","2026-08-04","2026-08-04","2026-08-04","$139.14","139.14","$174.99","174.99","2026-08-04","","Free shipping"
"ebay-item-198457107772","Jada Toys - Fruity Pebbles - Fred Flintstone 1/12 Scale Action Figure [New Toy]","https://dealdesk.fyi/deals/ebay-item-198457107772/","eBay","Collectibles","true","2026-08-11","2026-08-11","2026-08-11","$29.99","29.99","$38.98","38.98","2026-08-11","","Free shipping"
"ebay-item-198469271977","Transformers x NFL - San Francisco 49ers - Goldrush Helmet Action Figure [New To","https://dealdesk.fyi/deals/ebay-item-198469271977/","eBay","Collectibles","true","2026-08-04","2026-08-11","2026-08-04","$29.99","29.99","$38.98","38.98","2026-08-04","2027-02-06","Free shipping"
"ebay-item-198469271977","Transformers x NFL - San Francisco 49ers - Goldrush Helmet Action Figure [New To","https://dealdesk.fyi/deals/ebay-item-198469271977/","eBay","Collectibles","true","2026-08-04","2026-08-11","2026-08-11","$29.99","29.99","$38.98","38.98","2026-08-11","","Free shipping"
"ebay-item-198486460438","G.I. Joe - ReAction+ Wv9 - Zartan (Comic) [New Toy] Action Figure, Collectible","https://dealdesk.fyi/deals/ebay-item-198486460438/","eBay","Collectibles","true","2026-08-04","2026-08-11","2026-08-04","$25.00","25","$33.98","33.98","2026-08-04","2027-02-06","Free shipping"
"ebay-item-198486460438","G.I. Joe - ReAction+ Wv9 - Zartan (Comic) [New Toy] Action Figure, Collectible","https://dealdesk.fyi/deals/ebay-item-198486460438/","eBay","Collectibles","true","2026-08-04","2026-08-11","2026-08-11","$25.00","25","$33.98","33.98","2026-08-11","","Free shipping"
"ebay-item-198488401915","SanDisk Ultra PLUS 32GB SD Memory Card, SDSDUN4032GGG6IN, 120Mbps Data Transfer","https://dealdesk.fyi/deals/ebay-item-198488401915/","eBay","Electronics","true","2026-08-04","2026-08-11","2026-08-04","$14.99","14.99","$23.99","23.99","2026-08-04","2027-01-31","Free shipping"
"ebay-item-198488401915","SanDisk Ultra PLUS 32GB SD Memory Card, SDSDUN4032GGG6IN, 120Mbps Data Transfer","https://dealdesk.fyi/deals/ebay-item-198488401915/","eBay","Electronics","true","2026-08-04","2026-08-11","2026-08-11","$14.99","14.99","$23.99","23.99","2026-08-11","","Free shipping"
"ebay-item-198502183315","PROWORKS 48″ 4 ft Rotary Cutter Bush Hog Cat 1 Hitch Tractor Mower 40 HP USA","https://dealdesk.fyi/deals/ebay-item-198502183315/","eBay","Business & industrial","true","2026-08-04","2026-08-29","2026-08-04","$1,899.99","1899.99","","","2026-08-04","","Free shipping"
"ebay-item-198502183315","PROWORKS 48″ 4 ft Rotary Cutter Bush Hog Cat 1 Hitch Tractor Mower 40 HP USA","https://dealdesk.fyi/deals/ebay-item-198502183315/","eBay","Business & industrial","true","2026-08-04","2026-08-29","2026-08-29","$1899.99","1899.99","","","2026-08-29","","Free shipping"
"ebay-item-198517733686","McFarlane Elite Edition #12 - God of War - Kratos (God of War Ragnarok) 7"" Delux","https://dealdesk.fyi/deals/ebay-item-198517733686/","eBay","Collectibles","true","2026-08-04","2026-08-04","2026-08-04","$52.76","52.76","$59.99","59.99","2026-08-04","","Free shipping"
"ebay-item-198523662918","PROWORKS 72″ 6 ft Rotary Cutter Bush Hog Cat 1 Hitch Tractor Mower 40 HP USA","https://dealdesk.fyi/deals/ebay-item-198523662918/","eBay","Business & industrial","true","2026-08-04","2026-08-11","2026-08-04","$2,399.99","2399.99","","","2026-08-04","2026-12-31","Free shipping"
"ebay-item-198523662918","PROWORKS 72″ 6 ft Rotary Cutter Bush Hog Cat 1 Hitch Tractor Mower 40 HP USA","https://dealdesk.fyi/deals/ebay-item-198523662918/","eBay","Business & industrial","true","2026-08-04","2026-08-11","2026-08-11","$2399.99","2399.99","","","2026-08-11","","Free shipping"
"ebay-item-198525139926","Banpresto - My Hero Academia - Glitter & Glamours - Ochaco Uraraka Statue (MHA)","https://dealdesk.fyi/deals/ebay-item-198525139926/","eBay","Collectibles","true","2026-08-04","2026-08-04","2026-08-04","$25.73","25.73","$34.98","34.98","2026-08-04","","Free shipping"
"ebay-item-198529643344","Jerry Rice - McFarlane's SportsPicks - Legends Series: NFL - Jerry Rice (San Fra","https://dealdesk.fyi/deals/ebay-item-198529643344/","eBay","Collectibles","true","2026-08-11","2026-08-11","2026-08-11","$25.81","25.81","$34.98","34.98","2026-08-11","","Free shipping"
"ebay-item-198531939650","McFarlane SportsPicks - NFL - Josh Allen (Buffalo Bills) 6"" Action Figure [New T","https://dealdesk.fyi/deals/ebay-item-198531939650/","eBay","Collectibles","true","2026-08-04","2026-08-11","2026-08-04","$24.31","24.31","$33.98","33.98","2026-08-04","2027-02-06","Free shipping"
"ebay-item-198531939650","McFarlane SportsPicks - NFL - Josh Allen (Buffalo Bills) 6"" Action Figure [New T","https://dealdesk.fyi/deals/ebay-item-198531939650/","eBay","Collectibles","true","2026-08-04","2026-08-11","2026-08-11","$24.31","24.31","$33.98","33.98","2026-08-11","","Free shipping"
"ebay-item-198531939652","McFarlane SportsPicks - NFL - Patrick Mahomes (Kansas City Chiefs) 6"" Action Fig","https://dealdesk.fyi/deals/ebay-item-198531939652/","eBay","Collectibles","true","2026-08-04","2026-08-11","2026-08-04","$23.87","23.87","$32.98","32.98","2026-08-04","2027-02-06","Free shipping"
"ebay-item-198531939652","McFarlane SportsPicks - NFL - Patrick Mahomes (Kansas City Chiefs) 6"" Action Fig","https://dealdesk.fyi/deals/ebay-item-198531939652/","eBay","Collectibles","true","2026-08-04","2026-08-11","2026-08-11","$23.87","23.87","$32.98","32.98","2026-08-11","","Free shipping"
"ebay-item-198534323667","Teenage Mutant Ninja Turtles x G.I. Joe - Destro x Krang Action Figure (TMNT) [N","https://dealdesk.fyi/deals/ebay-item-198534323667/","eBay","Collectibles","true","2026-08-04","2026-08-11","2026-08-04","$20.70","20.7","$29.98","29.98","2026-08-04","2027-02-06","Free shipping"
"ebay-item-198534323667","Teenage Mutant Ninja Turtles x G.I. Joe - Destro x Krang Action Figure (TMNT) [N","https://dealdesk.fyi/deals/ebay-item-198534323667/","eBay","Collectibles","true","2026-08-04","2026-08-11","2026-08-11","$20.26","20.26","$29.98","29.98","2026-08-11","","Free shipping"
"ebay-item-198538074119","PROWORKS 60"" Root Rake Grapple & 42"" Pallet Forks Skid Steer Tractor Combo Set","https://dealdesk.fyi/deals/ebay-item-198538074119/","eBay","Business & industrial","true","2026-08-11","2026-08-11","2026-08-11","$2399.99","2399.99","","","2026-08-11","","Free shipping"
"ebay-item-198541166847","McFarlane Toys - DC Direct - Page Punchers - Batman (Batman 89) 7"" Action Figure","https://dealdesk.fyi/deals/ebay-item-198541166847/","eBay","Collectibles","true","2026-08-11","2026-08-11","2026-08-11","$30.98","30.98","$39.98","39.98","2026-08-11","","Free shipping"
"ebay-item-198541862338","Teenage Mutant Ninja Turtles x G.I. Joe - Snake Eyes x Leo Action Figure (TMNT)","https://dealdesk.fyi/deals/ebay-item-198541862338/","eBay","Collectibles","true","2026-08-04","2026-08-11","2026-08-04","$20.53","20.53","$29.98","29.98","2026-08-04","2027-02-06","Free shipping"
"ebay-item-198541862338","Teenage Mutant Ninja Turtles x G.I. Joe - Snake Eyes x Leo Action Figure (TMNT)","https://dealdesk.fyi/deals/ebay-item-198541862338/","eBay","Collectibles","true","2026-08-04","2026-08-11","2026-08-11","$20.10","20.1","$29.98","29.98","2026-08-11","","Free shipping"
"ebay-item-198546211649","2026 Topps Tier One 1 #T1R-JRA Jose Ramirez Game Used Button Patch Relic /5 RARE","https://dealdesk.fyi/deals/ebay-item-198546211649/","eBay","Sports collectibles","true","2026-08-04","2026-08-04","2026-08-04","$300.00","300","","","2026-08-04","","Pre-Owned · Free shipping"
"ebay-item-198548473210","Teenage Mutant Ninja Turtles x G.I. Joe - Buzzer x Rocksteady Action Figure (TMN","https://dealdesk.fyi/deals/ebay-item-198548473210/","eBay","Collectibles","true","2026-08-11","2026-08-11","2026-08-11","$20.26","20.26","$29.98","29.98","2026-08-11","","Free shipping"
"ebay-item-198554903375-497546015594","Apple iPad 11th Gen 11"" 128GB WiFi + Cellular Unlocked - Excellent","https://dealdesk.fyi/deals/ebay-item-198554903375-497546015594/","eBay","Electronics","true","2026-08-11","2026-08-11","2026-08-11","$399.99","399.99","","","2026-08-11","","Refurbished · Free shipping"
"ebay-item-198555212398","Teenage Mutant Ninja Turtles x G.I. Joe - Shipwreck x Mikey Action Figure (TMNT)","https://dealdesk.fyi/deals/ebay-item-198555212398/","eBay","Collectibles","true","2026-08-11","2026-08-11","2026-08-11","$20.10","20.1","$29.98","29.98","2026-08-11","","Free shipping"
"ebay-item-198561493366","ONN 8"" Tablet 100135923 32GB Pearl WiFi Excellent","https://dealdesk.fyi/deals/ebay-item-198561493366/","eBay","Electronics","true","2026-08-11","2026-08-11","2026-08-11","$39.99","39.99","","","2026-08-11","","Refurbished · Free shipping"
"ebay-item-202389180211","Lowe 2"" Female Hex to 2"" Male Round Auger Bit Adapter Conversion Heavy Duty","https://dealdesk.fyi/deals/ebay-item-202389180211/","eBay","Business & industrial","true","2026-08-04","2026-08-11","2026-08-04","$230.99","230.99","","","2026-08-04","2026-12-31","Free shipping"
"ebay-item-202389180211","Lowe 2"" Female Hex to 2"" Male Round Auger Bit Adapter Conversion Heavy Duty","https://dealdesk.fyi/deals/ebay-item-202389180211/","eBay","Business & industrial","true","2026-08-04","2026-08-11","2026-08-11","$230.99","230.99","","","2026-08-11","","Free shipping"
"ebay-item-202590872685","Lowe 36"" Length 2"" Hex Shaft Auger Bit Post Hole Digger Extension Attachment","https://dealdesk.fyi/deals/ebay-item-202590872685/","eBay","Business & industrial","true","2026-08-04","2026-08-11","2026-08-04","$284.99","284.99","","","2026-08-04","2026-12-31","Confirm condition, shipping, seller, and availability on eBay"
"ebay-item-202590872685","Lowe 36"" Length 2"" Hex Shaft Auger Bit Post Hole Digger Extension Attachment","https://dealdesk.fyi/deals/ebay-item-202590872685/","eBay","Business & industrial","true","2026-08-04","2026-08-11","2026-08-11","$284.99","284.99","","","2026-08-11","","Confirm condition, shipping, seller, and availability on eBay"
"ebay-item-202629670594","Lowe SQ-4-3 Skid Steer Auger Bit 4"" Wide, 2-9/16"" Round Collar Shaft, 36"" Tall","https://dealdesk.fyi/deals/ebay-item-202629670594/","eBay","Business & industrial","true","2026-08-04","2026-08-11","2026-08-04","$259.99","259.99","","","2026-08-04","2026-12-31","Confirm condition, shipping, seller, and availability on eBay"
"ebay-item-202629670594","Lowe SQ-4-3 Skid Steer Auger Bit 4"" Wide, 2-9/16"" Round Collar Shaft, 36"" Tall","https://dealdesk.fyi/deals/ebay-item-202629670594/","eBay","Business & industrial","true","2026-08-04","2026-08-11","2026-08-11","$259.99","259.99","","","2026-08-11","","Confirm condition, shipping, seller, and availability on eBay"
"ebay-item-202641976366","Danuser 2"" Round to 2"" Hex Shaft Auger Bit Adapter Conversion Part 10925","https://dealdesk.fyi/deals/ebay-item-202641976366/","eBay","Business & industrial","true","2026-08-04","2026-08-11","2026-08-04","$184.99","184.99","","","2026-08-04","2026-12-31","Free shipping"
"ebay-item-202641976366","Danuser 2"" Round to 2"" Hex Shaft Auger Bit Adapter Conversion Part 10925","https://dealdesk.fyi/deals/ebay-item-202641976366/","eBay","Business & industrial","true","2026-08-04","2026-08-11","2026-08-11","$184.99","184.99","","","2026-08-11","","Free shipping"
"ebay-item-202705568602","Lowe 24"" Length 2"" Hex Shaft Auger Bit Drive Extension Attachment Heavy Duty USA","https://dealdesk.fyi/deals/ebay-item-202705568602/","eBay","Business & industrial","true","2026-08-04","2026-08-11","2026-08-04","$199.99","199.99","","","2026-08-04","2026-12-31","Confirm condition, shipping, seller, and availability on eBay"
"ebay-item-202705568602","Lowe 24"" Length 2"" Hex Shaft Auger Bit Drive Extension Attachment Heavy Duty USA","https://dealdesk.fyi/deals/ebay-item-202705568602/","eBay","Business & industrial","true","2026-08-04","2026-08-11","2026-08-11","$199.99","199.99","","","2026-08-11","","Confirm condition, shipping, seller, and availability on eBay"
"ebay-item-202938231425","Danuser 9"" x 48"" Fab Auger Bit 2"" Hex Collar Skid Steer Attachment Part 10609","https://dealdesk.fyi/deals/ebay-item-202938231425/","eBay","Business & industrial","true","2026-08-04","2026-08-04","2026-08-04","$474.99","474.99","","","2026-08-04","","Confirm condition, shipping, seller, and availability on eBay"
"ebay-item-202960882640","42"" 2,200 Pound Pallet Forks For Toro Dingo Ditch Witch Vermeer Mini Skid Steer","https://dealdesk.fyi/deals/ebay-item-202960882640/","eBay","Business & industrial","true","2026-08-04","2026-08-11","2026-08-04","$849.99","849.99","","","2026-08-04","2026-12-31","Free shipping"
"ebay-item-202960882640","42"" 2,200 Pound Pallet Forks For Toro Dingo Ditch Witch Vermeer Mini Skid Steer","https://dealdesk.fyi/deals/ebay-item-202960882640/","eBay","Business & industrial","true","2026-08-04","2026-08-11","2026-08-11","$849.99","849.99","","","2026-08-11","","Free shipping"
"ebay-item-202986417672","48"" Long 5,500 Pound Walk Through Pallet Forks Fits Bobcat Skid Steer Loader","https://dealdesk.fyi/deals/ebay-item-202986417672/","eBay","Business & industrial","true","2026-08-11","2026-08-11","2026-08-11","$774.99","774.99","","","2026-08-11","","Confirm condition, shipping, seller, and availability on eBay"
"ebay-item-203476906146","48"" Single Cylinder Root Grapple Bucket Attachment Fits Skid Steer Quick Attach","https://dealdesk.fyi/deals/ebay-item-203476906146/","eBay","Business & industrial","true","2026-08-11","2026-08-11","2026-08-11","$1524.99","1524.99","","","2026-08-11","","Free shipping"
"ebay-item-203615307852","Danuser Python Fence Wire Winder for Auger Post Hole Digger, 2"" Hex Shaft","https://dealdesk.fyi/deals/ebay-item-203615307852/","eBay","Business & industrial","true","2026-08-04","2026-08-11","2026-08-04","$749.99","749.99","","","2026-08-04","2026-12-31","Free shipping"
"ebay-item-203615307852","Danuser Python Fence Wire Winder for Auger Post Hole Digger, 2"" Hex Shaft","https://dealdesk.fyi/deals/ebay-item-203615307852/","eBay","Business & industrial","true","2026-08-04","2026-08-11","2026-08-11","$749.99","749.99","","","2026-08-11","","Free shipping"
"ebay-item-203643760982","Danuser 2 9/16"" Round to 2"" Hex Shaft Auger Bit Adapter Conversion Part 10923","https://dealdesk.fyi/deals/ebay-item-203643760982/","eBay","Business & industrial","true","2026-08-04","2026-08-11","2026-08-04","$199.99","199.99","","","2026-08-04","2026-12-31","Free shipping"
"ebay-item-203643760982","Danuser 2 9/16"" Round to 2"" Hex Shaft Auger Bit Adapter Conversion Part 10923","https://dealdesk.fyi/deals/ebay-item-203643760982/","eBay","Business & industrial","true","2026-08-04","2026-08-11","2026-08-11","$199.99","199.99","","","2026-08-11","","Free shipping"
"ebay-item-203685684184","72"" Dual Cylinder Root Grapple Bucket Attachment Fits Kubota Kioti Quick Attach","https://dealdesk.fyi/deals/ebay-item-203685684184/","eBay","Business & industrial","true","2026-08-04","2026-08-11","2026-08-04","$1,594.99","1594.99","","","2026-08-04","2026-12-31","Confirm condition, shipping, seller, and availability on eBay"
"ebay-item-203685684184","72"" Dual Cylinder Root Grapple Bucket Attachment Fits Kubota Kioti Quick Attach","https://dealdesk.fyi/deals/ebay-item-203685684184/","eBay","Business & industrial","true","2026-08-04","2026-08-11","2026-08-11","$1594.99","1594.99","","","2026-08-11","","Confirm condition, shipping, seller, and availability on eBay"
"ebay-item-203988118331-504430395649","Nintendo Game Boy Color System GBC AMOLED OLED Q5 IPS Touchscreen LCD PICK COLOR","https://dealdesk.fyi/deals/ebay-item-203988118331-504430395649/","eBay","Electronics","true","2026-08-04","2026-08-11","2026-08-04","$199.95","199.95","","","2026-08-04","2027-04-29","Refurbished · Free shipping"
"ebay-item-203988118331-504430395649","Nintendo Game Boy Color System GBC AMOLED OLED Q5 IPS Touchscreen LCD PICK COLOR","https://dealdesk.fyi/deals/ebay-item-203988118331-504430395649/","eBay","Electronics","true","2026-08-04","2026-08-11","2026-08-11","$199.95","199.95","","","2026-08-11","","Refurbished · Free shipping"
"ebay-item-204100636572","Nikon FTZ II Mount Adapter  – Adapt F-Mount Lenses to Z Series – BRAND NEW","https://dealdesk.fyi/deals/ebay-item-204100636572/","eBay","Electronics","true","2026-08-04","2026-08-11","2026-08-04","$209.00","209","$349.99","349.99","2026-08-04","2027-01-31","Free shipping"
"ebay-item-204100636572","Nikon FTZ II Mount Adapter  – Adapt F-Mount Lenses to Z Series – BRAND NEW","https://dealdesk.fyi/deals/ebay-item-204100636572/","eBay","Electronics","true","2026-08-04","2026-08-11","2026-08-11","$209.00","209","$349.99","349.99","2026-08-11","","Free shipping"
"ebay-item-204305524640-504858399017","Excellent Nintendo DS Lite Console w/ OEM Charger Pick Your Color Tested Working","https://dealdesk.fyi/deals/ebay-item-204305524640-504858399017/","eBay","Electronics","true","2026-08-04","2026-08-11","2026-08-04","$179.99","179.99","","","2026-08-04","2027-04-29","Refurbished · Free shipping"
"ebay-item-204305524640-504858399017","Excellent Nintendo DS Lite Console w/ OEM Charger Pick Your Color Tested Working","https://dealdesk.fyi/deals/ebay-item-204305524640-504858399017/","eBay","Electronics","true","2026-08-04","2026-08-11","2026-08-11","$179.99","179.99","","","2026-08-11","","Refurbished · Free shipping"
"ebay-item-204658924475","3 Tine Ripper Soil Conditioner Attachment Fits Toro Dingo Mini Skid Steer Loader","https://dealdesk.fyi/deals/ebay-item-204658924475/","eBay","Business & industrial","true","2026-08-04","2026-08-11","2026-08-04","$259.99","259.99","","","2026-08-04","2026-12-31","Free shipping"
"ebay-item-204658924475","3 Tine Ripper Soil Conditioner Attachment Fits Toro Dingo Mini Skid Steer Loader","https://dealdesk.fyi/deals/ebay-item-204658924475/","eBay","Business & industrial","true","2026-08-04","2026-08-11","2026-08-11","$259.99","259.99","","","2026-08-11","","Free shipping"
"ebay-item-204695594352","Sony FE 16-35mm f/2.8 GM II Lens - SEL1635GM2 - Pro G Master Optics - BRAND NEW","https://dealdesk.fyi/deals/ebay-item-204695594352/","eBay","Electronics","true","2026-08-11","2026-08-23","2026-08-11","$2029.00","2029","$2649.99","2649.99","2026-08-11","","Free shipping"
"ebay-item-204695594352","Sony FE 16-35mm f/2.8 GM II Lens - SEL1635GM2 - Pro G Master Optics - BRAND NEW","https://dealdesk.fyi/deals/ebay-item-204695594352/","eBay","Electronics","true","2026-08-11","2026-08-23","2026-08-23","$2039.00","2039","$2649.99","2649.99","2026-08-23","","Free shipping"
"ebay-item-204735080578","GoPro - HERO12 Black Action Camera - Black","https://dealdesk.fyi/deals/ebay-item-204735080578/","eBay","Electronics","true","2026-08-04","2026-08-04","2026-08-04","$369.99","369.99","","","2026-08-04","","Confirm condition, shipping, seller, and availability on eBay"
"ebay-item-204784953230","Sony FE 70-200mm f/2.8 GM OSS II Lens - SEL70200GM2 - G Master - Full-Frame NEW","https://dealdesk.fyi/deals/ebay-item-204784953230/","eBay","Electronics","true","2026-08-04","2026-08-23","2026-08-04","$2,259.00","2259","$3,149.99","3149.99","2026-08-04","2027-01-31","Free shipping"
"ebay-item-204784953230","Sony FE 70-200mm f/2.8 GM OSS II Lens - SEL70200GM2 - G Master - Full-Frame NEW","https://dealdesk.fyi/deals/ebay-item-204784953230/","eBay","Electronics","true","2026-08-04","2026-08-23","2026-08-11","$2219.00","2219","$3149.99","3149.99","2026-08-11","","Free shipping"
"ebay-item-204784953230","Sony FE 70-200mm f/2.8 GM OSS II Lens - SEL70200GM2 - G Master - Full-Frame NEW","https://dealdesk.fyi/deals/ebay-item-204784953230/","eBay","Electronics","true","2026-08-04","2026-08-23","2026-08-23","$2239.00","2239","$3149.99","3149.99","2026-08-23","","Free shipping"
"ebay-item-204977434465","Nikon FTZ II Mount Adapter - F-Mount to Z-Mount - Model 4264 - OPEN BOX","https://dealdesk.fyi/deals/ebay-item-204977434465/","eBay","Electronics","true","2026-08-04","2026-08-11","2026-08-04","$209.00","209","$349.99","349.99","2026-08-04","2027-01-31","Open Box · Free shipping"
"ebay-item-204977434465","Nikon FTZ II Mount Adapter - F-Mount to Z-Mount - Model 4264 - OPEN BOX","https://dealdesk.fyi/deals/ebay-item-204977434465/","eBay","Electronics","true","2026-08-04","2026-08-11","2026-08-11","$209.00","209","$349.99","349.99","2026-08-11","","Open Box · Free shipping"
"ebay-item-205346790808","60"" Dual Tine Root Rake Clam Grapple Attachment Fits Universal Quick Attach","https://dealdesk.fyi/deals/ebay-item-205346790808/","eBay","Business & industrial","true","2026-08-04","2026-08-23","2026-08-04","$1,549.99","1549.99","","","2026-08-04","","Confirm condition, shipping, seller, and availability on eBay"
"ebay-item-205346790808","60"" Dual Tine Root Rake Clam Grapple Attachment Fits Universal Quick Attach","https://dealdesk.fyi/deals/ebay-item-205346790808/","eBay","Business & industrial","true","2026-08-04","2026-08-23","2026-08-23","$1549.99","1549.99","","","2026-08-23","","Confirm condition, shipping, seller, and availability on eBay"
"ebay-item-205472258721","Quad Large Square Bale Hay Spear with Guard Attachment Fits Skid Steer Loader","https://dealdesk.fyi/deals/ebay-item-205472258721/","eBay","Business & industrial","true","2026-08-04","2026-08-04","2026-08-04","$899.99","899.99","","","2026-08-04","","Confirm condition, shipping, seller, and availability on eBay"
"ebay-item-205474126694","72″ Land Plane Grading Leveler with Scarifier Teeth Fits Skid Steer Loader","https://dealdesk.fyi/deals/ebay-item-205474126694/","eBay","Business & industrial","true","2026-08-11","2026-08-11","2026-08-11","$1539.99","1539.99","","","2026-08-11","","Confirm condition, shipping, seller, and availability on eBay"
"ebay-item-205721047934","VTech KidiZoom Purple Smartwatch DX4 - Sensory Development / Games / Activities","https://dealdesk.fyi/deals/ebay-item-205721047934/","eBay","Collectibles","true","2026-08-11","2026-08-11","2026-08-11","$22.99","22.99","$32.99","32.99","2026-08-11","","Free shipping"
"ebay-item-205855175709","GoPro HERO13 - Action Camera + 64GB Card, 50 Piece Accessory Kit and 2 Batteries","https://dealdesk.fyi/deals/ebay-item-205855175709/","eBay","Electronics","true","2026-08-11","2026-08-11","2026-08-11","$559.95","559.95","$867.99","867.99","2026-08-11","","Free shipping"
"ebay-item-205855175721","GoPro MAX 360 (2025) Waterproof Action/Adventure Camera - Get Rolling Bundle","https://dealdesk.fyi/deals/ebay-item-205855175721/","eBay","Electronics","true","2026-08-11","2026-08-11","2026-08-11","$381.95","381.95","$592.99","592.99","2026-08-11","","Free shipping"
"ebay-item-206091733492","Sigma 18-50mm f/2.8 DC DN Contemporary Lens for Sony E - Zoom lens - BRAND NEW","https://dealdesk.fyi/deals/ebay-item-206091733492/","eBay","Electronics","true","2026-08-11","2026-08-11","2026-08-11","$559.00","559","$659.99","659.99","2026-08-11","","Free shipping"
"ebay-item-206180201824","Sigma 18-50mm f/2.8 DC DN Contemporary Lens for Sony E - EXCELLENT REFURBISHED","https://dealdesk.fyi/deals/ebay-item-206180201824/","eBay","Electronics","true","2026-08-04","2026-08-11","2026-08-04","$549.00","549","$659.99","659.99","2026-08-04","2027-01-31","Refurbished · Free shipping"
"ebay-item-206180201824","Sigma 18-50mm f/2.8 DC DN Contemporary Lens for Sony E - EXCELLENT REFURBISHED","https://dealdesk.fyi/deals/ebay-item-206180201824/","eBay","Electronics","true","2026-08-04","2026-08-11","2026-08-11","$549.00","549","$659.99","659.99","2026-08-11","","Refurbished · Free shipping"
"ebay-item-206214886546","PROWORKS 60"" Box Blade 3 Point Hitch Tractor Scraper Grader 5ft USA 4 Ripper","https://dealdesk.fyi/deals/ebay-item-206214886546/","eBay","Business & industrial","true","2026-08-04","2026-08-04","2026-08-04","$1,160.99","1160.99","","","2026-08-04","","Free shipping"
"ebay-item-206226759053","Nikon Nikkor AF-S 105mm f2.8 G VR Micro IF ED Lens AFS *Read #131","https://dealdesk.fyi/deals/ebay-item-206226759053/","eBay","Electronics","true","2026-08-11","2026-08-11","2026-08-11","$279.97","279.97","$297.84","297.84","2026-08-11","","Refurbished · Free shipping"
"ebay-item-206294420212","Funko Bitty POP! Display: Pixar Ball Figure","https://dealdesk.fyi/deals/ebay-item-206294420212/","eBay","Collectibles","true","2026-08-04","2026-08-04","2026-08-04","$12.00","12","$29.99","29.99","2026-08-04","","Free shipping"
"ebay-item-206301209639","Rollei 35 Film Camera w/40mm f3.5 Lens *Read Notes #867","https://dealdesk.fyi/deals/ebay-item-206301209639/","eBay","Electronics","true","2026-08-11","2026-08-11","2026-08-11","$159.79","159.79","$169.99","169.99","2026-08-11","","Refurbished · Free shipping"
"ebay-item-206339596928","Maisto Racing Remote Control Vehicle 1:24 Scale Assortment Notes in Description","https://dealdesk.fyi/deals/ebay-item-206339596928/","eBay","Collectibles","true","2026-08-11","2026-08-30","2026-08-11","$12.37","12.37","$29.99","29.99","2026-08-11","","Free shipping"
"ebay-item-206339596928","Maisto Racing Remote Control Vehicle 1:24 Scale Assortment Notes in Description","https://dealdesk.fyi/deals/ebay-item-206339596928/","eBay","Collectibles","true","2026-08-11","2026-08-30","2026-08-30","$17.99","17.99","$29.99","29.99","2026-08-30","","Free shipping"
"ebay-item-206347138688","Tamron A041 SP 15-30mm f2.8 Di VC USD G2 Lens Nikon F #655","https://dealdesk.fyi/deals/ebay-item-206347138688/","eBay","Electronics","true","2026-08-04","2026-08-04","2026-08-04","$359.67","359.67","$382.63","382.63","2026-08-04","","Refurbished · Free shipping"
"ebay-item-206374582875","Disney and Pixar Toy Story 5 Ultimate Action Buzz Lightyear Figure with","https://dealdesk.fyi/deals/ebay-item-206374582875/","eBay","Collectibles","true","2026-08-04","2026-08-11","2026-08-04","$44.99","44.99","$86.99","86.99","2026-08-04","2027-02-06","Free shipping"
"ebay-item-206374582875","Disney and Pixar Toy Story 5 Ultimate Action Buzz Lightyear Figure with","https://dealdesk.fyi/deals/ebay-item-206374582875/","eBay","Collectibles","true","2026-08-04","2026-08-11","2026-08-11","$44.99","44.99","$86.99","86.99","2026-08-11","","Free shipping"
"ebay-item-206389565564","Saramonic Blink 500 B2+ 2-Person Wireless Clip-On Mic System USB-C & Lightning","https://dealdesk.fyi/deals/ebay-item-206389565564/","eBay","Electronics","true","2026-08-04","2026-08-11","2026-08-04","$49.88","49.88","$129.00","129","2026-08-04","2027-01-31","Open Box · Free shipping"
"ebay-item-206389565564","Saramonic Blink 500 B2+ 2-Person Wireless Clip-On Mic System USB-C & Lightning","https://dealdesk.fyi/deals/ebay-item-206389565564/","eBay","Electronics","true","2026-08-04","2026-08-11","2026-08-11","$49.88","49.88","$129.00","129","2026-08-11","","Open Box · Free shipping"
"ebay-item-206417398725","Panasonic Lumix G 45-150mm f4-5.6 Mega OIS Lens MFT Micro 4/3 H-FS45150 #630","https://dealdesk.fyi/deals/ebay-item-206417398725/","eBay","Electronics","true","2026-08-04","2026-08-04","2026-08-04","$88.88","88.88","$94.55","94.55","2026-08-04","","Refurbished · Free shipping"
"ebay-item-206445469110","Schneider 150mm F5.6 Xenar Copal 0 Lens #994","https://dealdesk.fyi/deals/ebay-item-206445469110/","eBay","Electronics","true","2026-08-04","2026-08-04","2026-08-04","$282.63","282.63","$300.67","300.67","2026-08-04","","Refurbished · Free shipping"
"ebay-item-206452908646","Bolex H8 Reflex REX-4 8mm Movie Camera H-8 #572","https://dealdesk.fyi/deals/ebay-item-206452908646/","eBay","Electronics","true","2026-08-04","2026-08-04","2026-08-04","$256.48","256.48","$272.85","272.85","2026-08-04","","Refurbished · Free shipping"
"ebay-item-206453050013","Sigma AF 16mm f1.4 Contemporary DC DN 017 Lens Olympus MFT Micro 4/3 #555","https://dealdesk.fyi/deals/ebay-item-206453050013/","eBay","Electronics","true","2026-08-04","2026-08-04","2026-08-04","$239.51","239.51","$254.80","254.8","2026-08-04","","Refurbished · Free shipping"
"ebay-item-206455712267","Sony Alpha A3000 20.1MP Digital Camera Body A-3000 #984","https://dealdesk.fyi/deals/ebay-item-206455712267/","eBay","Electronics","true","2026-08-04","2026-08-04","2026-08-04","$102.76","102.76","$109.32","109.32","2026-08-04","","Refurbished · Free shipping"
"ebay-item-206455746782","Sony E 18-105mm f4 G OSS PZ Lens E-Mount SELP18105G #813","https://dealdesk.fyi/deals/ebay-item-206455746782/","eBay","Electronics","true","2026-08-04","2026-08-04","2026-08-04","$326.72","326.72","$347.57","347.57","2026-08-04","","Refurbished · Free shipping"
"ebay-item-206455747254","Nikon Nikkor AI-S 105mm f2.5 Lens AIS #580","https://dealdesk.fyi/deals/ebay-item-206455747254/","eBay","Electronics","true","2026-08-04","2026-08-11","2026-08-04","$198.41","198.41","$211.07","211.07","2026-08-04","2027-01-31","Refurbished · Free shipping"
"ebay-item-206455747254","Nikon Nikkor AI-S 105mm f2.5 Lens AIS #580","https://dealdesk.fyi/deals/ebay-item-206455747254/","eBay","Electronics","true","2026-08-04","2026-08-11","2026-08-11","$198.41","198.41","$211.07","211.07","2026-08-11","","Refurbished · Free shipping"
"ebay-item-206463213105","Nikon F3/T HP Camera Body F3THP Champagne w/DE-4 HP Prism (Titanium) #152","https://dealdesk.fyi/deals/ebay-item-206463213105/","eBay","Electronics","true","2026-08-04","2026-08-04","2026-08-04","$448.33","448.33","","","2026-08-04","","Refurbished · Free shipping"
"ebay-item-206463660297","Nikon Nikkor AF-S 35mm f1.8 G DX ASPH Lens AFS #289","https://dealdesk.fyi/deals/ebay-item-206463660297/","eBay","Electronics","true","2026-08-04","2026-08-04","2026-08-04","$145.33","145.33","","","2026-08-04","","Refurbished · Free shipping"
"ebay-item-206463884933","Sigma AF 56mm f1.4 DC DN Contemporary 018 Lens MFT Micro 4/3 #474","https://dealdesk.fyi/deals/ebay-item-206463884933/","eBay","Electronics","true","2026-08-11","2026-08-11","2026-08-11","$288.55","288.55","","","2026-08-11","","Refurbished · Free shipping"
"ebay-item-206463900703","Samyang 12mm f2 AF Compact Ultra-Wide Angle Lens Sony E-Mount #514","https://dealdesk.fyi/deals/ebay-item-206463900703/","eBay","Electronics","true","2026-08-04","2026-08-04","2026-08-04","$192.25","192.25","","","2026-08-04","","Refurbished · Free shipping"
"ebay-item-206463930241","Topps Bowman Draft Chandler Simpson 1st Bowman Auto /50 #CDA-CSN","https://dealdesk.fyi/deals/ebay-item-206463930241/","eBay","Sports collectibles","true","2026-08-04","2026-08-04","2026-08-04","$425.00","425","","","2026-08-04","","Pre-Owned"
"ebay-item-206464007379","Original Mars Attacks 1962 Card #21 Prize Captive Topps Bubbles Inc.","https://dealdesk.fyi/deals/ebay-item-206464007379/","eBay","Collectibles","true","2026-08-04","2026-08-04","2026-08-04","$350.00","350","","","2026-08-04","","Pre-Owned"
"ebay-item-206474700849","Trolls 3 DJ Trollex Party Mixer","https://dealdesk.fyi/deals/ebay-item-206474700849/","eBay","Collectibles","true","2026-08-11","2026-08-11","2026-08-11","$8.59","8.59","$39.99","39.99","2026-08-11","","Pre-Owned · Free shipping"
"ebay-item-206478866019","2026 DBS Divers SDVP-024 Son Goku Genkidamatsuri  Promo PSA 10","https://dealdesk.fyi/deals/ebay-item-206478866019/","eBay","Collectibles","true","2026-08-11","2026-08-11","2026-08-11","$450.00","450","","","2026-08-11","","Confirm condition, shipping, seller, and availability on eBay"
"ebay-item-206480170980","1996 Select Certified Mirror Gold Bruce Smith Card #21 Buffalo Bills SSP","https://dealdesk.fyi/deals/ebay-item-206480170980/","eBay","Sports collectibles","true","2026-08-11","2026-08-11","2026-08-11","$299.99","299.99","","","2026-08-11","","Pre-Owned"
"ebay-item-223392431851","1.2TB 10K SAS 2.5"" SAS 6G HARD DRIVE Fits DELL SERVER  R630 R710 R720 Server HDD","https://dealdesk.fyi/deals/ebay-item-223392431851/","eBay","Electronics","true","2026-08-11","2026-08-23","2026-08-11","$23.99","23.99","","","2026-08-11","","Refurbished · Free shipping"
"ebay-item-223392431851","1.2TB 10K SAS 2.5"" SAS 6G HARD DRIVE Fits DELL SERVER  R630 R710 R720 Server HDD","https://dealdesk.fyi/deals/ebay-item-223392431851/","eBay","Electronics","true","2026-08-11","2026-08-23","2026-08-23","$24.99","24.99","","","2026-08-23","","Refurbished · Free shipping"
"ebay-item-225285020534","Dell laptop Latitude 7480 14"" i7 2.60GHz 16GB NEW 512GB SSD Win 10 Pro WIFI Cam","https://dealdesk.fyi/deals/ebay-item-225285020534/","eBay","Electronics","true","2026-08-04","2026-08-04","2026-08-04","$239.99","239.99","","","2026-08-04","","Confirm condition, shipping, seller, and availability on eBay"
"ebay-item-225677431598","Lenovo ThinkPad T480 14"" FHD  i7 855u 32GB 512gb NVME WIFI CAM WIN 11 PRO laptop","https://dealdesk.fyi/deals/ebay-item-225677431598/","eBay","Electronics","true","2026-08-11","2026-08-11","2026-08-11","$499.99","499.99","","","2026-08-11","","Refurbished · Free shipping"
"ebay-item-225773282237","Lenovo ThinkPad T480 14"" FHD i5 8250u 32GB 512gb NVME WIFI CAM WIN 11 PRO laptop","https://dealdesk.fyi/deals/ebay-item-225773282237/","eBay","Electronics","true","2026-08-04","2026-08-04","2026-08-04","$399.99","399.99","","","2026-08-04","","Refurbished · Free shipping"
"ebay-item-226052371811","Lenovo ThinkPad T480 14"" HD i5 8250u 16GB 256gb NVME WIFI CAM WIN 11 PRO laptop","https://dealdesk.fyi/deals/ebay-item-226052371811/","eBay","Electronics","true","2026-08-11","2026-08-11","2026-08-11","$299.99","299.99","","","2026-08-11","","Refurbished · Free shipping"
"ebay-item-226258996651-525426810738","Apple iPhone 12 Mini 64GB -Fully Unlocked 5G - VERY GOOD Condition","https://dealdesk.fyi/deals/ebay-item-226258996651-525426810738/","eBay","Electronics","true","2026-08-04","2026-08-04","2026-08-04","$158.39","158.39","","","2026-08-04","","Refurbished · Free shipping"
"ebay-item-226447947273-525635725002","Apple iPhone 14 128GB - 5G Fully Unlocked - VERY GOOD Condition","https://dealdesk.fyi/deals/ebay-item-226447947273-525635725002/","eBay","Electronics","true","2026-08-11","2026-08-11","2026-08-11","$297.59","297.59","","","2026-08-11","","Refurbished · Free shipping"
"ebay-item-226447947273-525635725003","Apple iPhone 14 128GB - 5G Fully Unlocked - VERY GOOD Condition","https://dealdesk.fyi/deals/ebay-item-226447947273-525635725003/","eBay","Electronics","true","2026-08-04","2026-08-04","2026-08-04","$297.59","297.59","","","2026-08-04","","Refurbished · Free shipping"
"ebay-item-226523060489-525707284139","Apple iPhone 13 128GB Fully Unlocked - Very Good Condition","https://dealdesk.fyi/deals/ebay-item-226523060489-525707284139/","eBay","Electronics","true","2026-08-04","2026-08-04","2026-08-04","$259.99","259.99","","","2026-08-04","","Refurbished · Free shipping"
"ebay-item-226668851790","Apple iPad Pro 11-inch M4 Chip 256GB Wi-Fi Black MVV83LL/A Excellent Condition","https://dealdesk.fyi/deals/ebay-item-226668851790/","eBay","Electronics","true","2026-08-04","2026-08-23","2026-08-04","$736.00","736","","","2026-08-04","","Refurbished · Free shipping"
"ebay-item-226668851790","Apple iPad Pro 11-inch M4 Chip 256GB Wi-Fi Black MVV83LL/A Excellent Condition","https://dealdesk.fyi/deals/ebay-item-226668851790/","eBay","Electronics","true","2026-08-04","2026-08-23","2026-08-23","$785.00","785","","","2026-08-23","","Refurbished · Free shipping"
"ebay-item-226675325907","Lenovo ThinkPad laptop T490 14"" i5 8365U 16GB NEW 256gb SSD WIN 11 pro CAM WIFI","https://dealdesk.fyi/deals/ebay-item-226675325907/","eBay","Electronics","true","2026-08-04","2026-08-11","2026-08-04","$249.99","249.99","","","2026-08-04","2028-01-31","Refurbished · Free shipping"
"ebay-item-226675325907","Lenovo ThinkPad laptop T490 14"" i5 8365U 16GB NEW 256gb SSD WIN 11 pro CAM WIFI","https://dealdesk.fyi/deals/ebay-item-226675325907/","eBay","Electronics","true","2026-08-04","2026-08-11","2026-08-11","$249.99","249.99","","","2026-08-11","","Refurbished · Free shipping"
"ebay-item-226756847304","Apple MacBook Air A2681 2022 13"" - M2 - 16GB RAM - 512GB SSD - Good Refurbished","https://dealdesk.fyi/deals/ebay-item-226756847304/","eBay","Electronics","true","2026-08-04","2026-08-04","2026-08-04","$669.99","669.99","","","2026-08-04","","Refurbished · Free shipping"
"ebay-item-226964466518","Lenovo ThinkPad T14 i7-106510 14"" FHD up to 4.90GHz 16GB 512gb Win 11 Pro laptop","https://dealdesk.fyi/deals/ebay-item-226964466518/","eBay","Electronics","true","2026-08-11","2026-08-11","2026-08-11","$349.99","349.99","","","2026-08-11","","Refurbished · Free shipping"
"ebay-item-226987449972","Lenovo ThinkPad T14s Gen 3 AMD Ryzen 5 Pro 16GB 256GB - Very Good Refurbished","https://dealdesk.fyi/deals/ebay-item-226987449972/","eBay","Electronics","true","2026-08-04","2026-08-11","2026-08-04","$405.99","405.99","","","2026-08-04","2028-01-31","Refurbished · Free shipping"
"ebay-item-226987449972","Lenovo ThinkPad T14s Gen 3 AMD Ryzen 5 Pro 16GB 256GB - Very Good Refurbished","https://dealdesk.fyi/deals/ebay-item-226987449972/","eBay","Electronics","true","2026-08-04","2026-08-11","2026-08-11","$405.99","405.99","","","2026-08-11","","Refurbished · Free shipping"
"ebay-item-227118434987","Lenovo ThinkPad T14 Laptop i5 10310u up to 4.4ghz 16GB 256Gb NVME Win 11 pro Cam","https://dealdesk.fyi/deals/ebay-item-227118434987/","eBay","Electronics","true","2026-08-11","2026-08-11","2026-08-11","$269.99","269.99","","","2026-08-11","","Refurbished · Free shipping"
"ebay-item-227124277310","HUS726060ALA640 HGST Ultrastar  6TB SATA 6Gbps 7.2K 3.5"" Hard Drive OF21860","https://dealdesk.fyi/deals/ebay-item-227124277310/","eBay","Electronics","true","2026-08-04","2026-08-04","2026-08-04","$129.99","129.99","","","2026-08-04","","Refurbished · Free shipping"
"ebay-item-227166104007","Lenovo IdeaPad Slim 3x 15Q8X10 Snapdragon X 16GB 1TB 15.3"" Laptop | EXCELLENT |","https://dealdesk.fyi/deals/ebay-item-227166104007/","eBay","Electronics","true","2026-08-04","2026-08-11","2026-08-04","$419.99","419.99","","","2026-08-04","2028-01-31","Refurbished · Free shipping"
"ebay-item-227166104007","Lenovo IdeaPad Slim 3x 15Q8X10 Snapdragon X 16GB 1TB 15.3"" Laptop | EXCELLENT |","https://dealdesk.fyi/deals/ebay-item-227166104007/","eBay","Electronics","true","2026-08-04","2026-08-11","2026-08-11","$419.99","419.99","","","2026-08-11","","Refurbished · Free shipping"
"ebay-item-227252931632","Lenovo ThinkPad T14s Gen 3 AMD Ryzen 5 Pro 6650U - 16GB 256GB - Good Refurbished","https://dealdesk.fyi/deals/ebay-item-227252931632/","eBay","Electronics","true","2026-08-04","2026-08-11","2026-08-04","$375.99","375.99","","","2026-08-04","2027-08-31","Refurbished · Free shipping"
"ebay-item-227252931632","Lenovo ThinkPad T14s Gen 3 AMD Ryzen 5 Pro 6650U - 16GB 256GB - Good Refurbished","https://dealdesk.fyi/deals/ebay-item-227252931632/","eBay","Electronics","true","2026-08-04","2026-08-11","2026-08-11","$375.99","375.99","","","2026-08-11","","Refurbished · Free shipping"
"ebay-item-227273246661-526478756771","Apple iPhone 16e 128GB Unlocked Excellent Condition","https://dealdesk.fyi/deals/ebay-item-227273246661-526478756771/","eBay","Electronics","true","2026-08-04","2026-08-04","2026-08-04","$398.00","398","","","2026-08-04","","Refurbished · Free shipping"
"ebay-item-227325569415","LENOVO ThinkPad P15s 15.6"" Laptop Core i7 32Gb Ram 512gb NVME Nvidia P520 W11Pro","https://dealdesk.fyi/deals/ebay-item-227325569415/","eBay","Electronics","true","2026-08-04","2026-08-11","2026-08-04","$499.99","499.99","","","2026-08-04","2028-01-31","Refurbished · Free shipping"
"ebay-item-227325569415","LENOVO ThinkPad P15s 15.6"" Laptop Core i7 32Gb Ram 512gb NVME Nvidia P520 W11Pro","https://dealdesk.fyi/deals/ebay-item-227325569415/","eBay","Electronics","true","2026-08-04","2026-08-11","2026-08-11","$499.99","499.99","","","2026-08-11","","Refurbished · Free shipping"
"ebay-item-227343086700","Lenovo ThinkPad T490s 14""  Laptop i5 8th Gen 256GB NVMe 8GB RAM Win 11 Pro Cam B","https://dealdesk.fyi/deals/ebay-item-227343086700/","eBay","Electronics","true","2026-08-04","2026-08-04","2026-08-04","$179.99","179.99","","","2026-08-04","","Refurbished · Free shipping"
"ebay-item-227382232760","✅ MINT Bose Wave SoundTouch Music System IV - NEW CD DRIVE, Custom, Warranty","https://dealdesk.fyi/deals/ebay-item-227382232760/","eBay","Electronics","true","2026-08-11","2026-08-11","2026-08-11","$849.95","849.95","","","2026-08-11","","Refurbished · Free shipping"
"ebay-item-227437045858","2024 Pokemon TWM EN Special Illustration Rare #214 Greninja ex PSA 10 GEM MINT","https://dealdesk.fyi/deals/ebay-item-227437045858/","eBay","Toys & hobbies","true","2026-08-04","2026-08-24","2026-08-04","$880.00","880","","","2026-08-04","2026-12-31","Confirm condition, shipping, seller, and availability on eBay"
"ebay-item-227437045858","2024 Pokemon TWM EN Special Illustration Rare #214 Greninja ex PSA 10 GEM MINT","https://dealdesk.fyi/deals/ebay-item-227437045858/","eBay","Toys & hobbies","true","2026-08-04","2026-08-24","2026-08-11","$849.00","849","","","2026-08-11","","Confirm condition, shipping, seller, and availability on eBay"
"ebay-item-227437045858","2024 Pokemon TWM EN Special Illustration Rare #214 Greninja ex PSA 10 GEM MINT","https://dealdesk.fyi/deals/ebay-item-227437045858/","eBay","Toys & hobbies","true","2026-08-04","2026-08-24","2026-08-24","$809.00","809","","","2026-08-24","","Confirm condition, shipping, seller, and availability on eBay"
"ebay-item-227438210700","2026 POKEMON CHAOS RISING ILLUSTRATION RARE #116 MEGA GRENINJA EX PSA 10","https://dealdesk.fyi/deals/ebay-item-227438210700/","eBay","Toys & hobbies","true","2026-08-04","2026-08-11","2026-08-04","$709.00","709","","","2026-08-04","2026-12-31","Confirm condition, shipping, seller, and availability on eBay"
"ebay-item-227438210700","2026 POKEMON CHAOS RISING ILLUSTRATION RARE #116 MEGA GRENINJA EX PSA 10","https://dealdesk.fyi/deals/ebay-item-227438210700/","eBay","Toys & hobbies","true","2026-08-04","2026-08-11","2026-08-11","$659.00","659","","","2026-08-11","","Confirm condition, shipping, seller, and availability on eBay"
"ebay-item-227447360521","✅ Marantz CC4003 5-Disc CD Changer, Remote, USA Seller, Warranty, Minty","https://dealdesk.fyi/deals/ebay-item-227447360521/","eBay","Electronics","true","2026-08-04","2026-08-04","2026-08-04","$550.00","550","","","2026-08-04","","Refurbished · Free shipping"
"ebay-item-227447530389","2026 POKEMON CHAOS RISING ILLUSTRATION RARE #116 MEGA GRENINJA EX PSA 10","https://dealdesk.fyi/deals/ebay-item-227447530389/","eBay","Toys & hobbies","true","2026-08-04","2026-08-04","2026-08-04","$709.00","709","","","2026-08-04","","Confirm condition, shipping, seller, and availability on eBay"
"ebay-item-227450972184","Seagate Exos ST10000NM0226 10TB 3.5 12Gb/s SAS  Enterprise HDD 4KN hard drive","https://dealdesk.fyi/deals/ebay-item-227450972184/","eBay","Electronics","true","2026-08-04","2026-08-11","2026-08-04","$189.99","189.99","","","2026-08-04","2028-01-31","Refurbished · Free shipping"
"ebay-item-227450972184","Seagate Exos ST10000NM0226 10TB 3.5 12Gb/s SAS  Enterprise HDD 4KN hard drive","https://dealdesk.fyi/deals/ebay-item-227450972184/","eBay","Electronics","true","2026-08-04","2026-08-11","2026-08-11","$189.99","189.99","","","2026-08-11","","Refurbished · Free shipping"
"ebay-item-227451364505","2019 POKEMON SUN & MOON UNIFIED MINDS #35 SLOWPOKE & PSYDUCK GX PSA 10","https://dealdesk.fyi/deals/ebay-item-227451364505/","eBay","Toys & hobbies","true","2026-08-04","2026-08-04","2026-08-04","$699.00","699","","","2026-08-04","","Confirm condition, shipping, seller, and availability on eBay"
"ebay-item-227454518320","Lenovo ThinkPad T14 Gen 6 14"" Intel Ultra 5 235U vPro 16GB 512GB Touch WUXGA","https://dealdesk.fyi/deals/ebay-item-227454518320/","eBay","Electronics","true","2026-08-04","2026-08-04","2026-08-04","$849.99","849.99","","","2026-08-04","","Refurbished · Free shipping"
"ebay-item-227455564619","2025 POKEMON PFL EN-PHANTASMAL FLAMES #125 MEGA CHARIZARD X EX PSA 9","https://dealdesk.fyi/deals/ebay-item-227455564619/","eBay","Toys & hobbies","true","2026-08-04","2026-08-04","2026-08-04","$789.00","789","","","2026-08-04","","Confirm condition, shipping, seller, and availability on eBay"
"ebay-item-227456669630","2019 Pokemon Sun Moon Team Up Celebi Venusaur GX #1/181 PSA 10","https://dealdesk.fyi/deals/ebay-item-227456669630/","eBay","Toys & hobbies","true","2026-08-04","2026-08-04","2026-08-04","$399.00","399","","","2026-08-04","","Confirm condition, shipping, seller, and availability on eBay"
"ebay-item-227456695734","PSA 10 Celebi & Venusaur GX SM167 Full Art Promo - Tag Team Tins Pokémon","https://dealdesk.fyi/deals/ebay-item-227456695734/","eBay","Toys & hobbies","true","2026-08-04","2026-08-04","2026-08-04","$655.00","655","","","2026-08-04","","Confirm condition, shipping, seller, and availability on eBay"
"ebay-item-227457204907","PSA 10 GEM MINT 2019 POKEMON SUN & MOON UNIFIED MINDS #125 UMBREON & DARKRAI GX","https://dealdesk.fyi/deals/ebay-item-227457204907/","eBay","Toys & hobbies","true","2026-08-11","2026-08-11","2026-08-11","$699.00","699","","","2026-08-11","","Confirm condition, shipping, seller, and availability on eBay"
"ebay-item-227459510730","Pokemon Galarian Moltres V Chilling Reign Full Alt Art 177/198 PSA 10 Gem Mint","https://dealdesk.fyi/deals/ebay-item-227459510730/","eBay","Toys & hobbies","true","2026-08-04","2026-08-04","2026-08-04","$499.00","499","","","2026-08-04","","Confirm condition, shipping, seller, and availability on eBay"
"ebay-item-227460845872","Charizard & Braixen GX SM230 Pokemon Tag Team Black Star Promo GEM MINT PSA 10","https://dealdesk.fyi/deals/ebay-item-227460845872/","eBay","Toys & hobbies","true","2026-08-11","2026-08-11","2026-08-11","$699.00","699","","","2026-08-11","","Confirm condition, shipping, seller, and availability on eBay"
"ebay-item-227461082181","Wizards Pokémon Base Set Charizard Holo 4/102 1999 English Mitsuhiro Arita","https://dealdesk.fyi/deals/ebay-item-227461082181/","eBay","Collectibles","true","2026-08-04","2026-08-04","2026-08-04","$429.99","429.99","","","2026-08-04","","Pre-Owned · Free shipping"
"ebay-item-227461266712","2020-21 Topps Chrome UCL Pedri #61 Neon Green Refractor /99 (RC) AUTO","https://dealdesk.fyi/deals/ebay-item-227461266712/","eBay","Sports collectibles","true","2026-08-04","2026-08-04","2026-08-04","$400.00","400","","","2026-08-04","","Pre-Owned"
"ebay-item-227462383354","2019 POKEMON SUN & MOON HIDDEN FATES #SV69 FULL ART/UMBREON GX PSA 10","https://dealdesk.fyi/deals/ebay-item-227462383354/","eBay","Toys & hobbies","true","2026-08-11","2026-08-11","2026-08-11","$719.99","719.99","","","2026-08-11","","Confirm condition, shipping, seller, and availability on eBay"
"ebay-item-227463649525","🔥【PRO SERVICED】Technics SA-300 Stereo 70W Receiver! XSTR/LED UPGRADES💥GUARANTY","https://dealdesk.fyi/deals/ebay-item-227463649525/","eBay","Electronics","true","2026-08-11","2026-08-11","2026-08-11","$395.96","395.96","$439.95","439.95","2026-08-11","","Refurbished · Free shipping"
"ebay-item-227463969575","2019 Pokemon Sun & Moon Team Up Gengar & Mimikyu GX Tag Team Fa PSA 9 #164","https://dealdesk.fyi/deals/ebay-item-227463969575/","eBay","Toys & hobbies","true","2026-08-11","2026-08-11","2026-08-11","$459.00","459","","","2026-08-11","","Confirm condition, shipping, seller, and availability on eBay"
"ebay-item-227464010027","2026 POKEMON ASC EN-ASCENDED HEROES #290 MEGA DRAGONITE EX PSA 10","https://dealdesk.fyi/deals/ebay-item-227464010027/","eBay","Toys & hobbies","true","2026-08-11","2026-08-24","2026-08-11","$1549.00","1549","","","2026-08-11","","Confirm condition, shipping, seller, and availability on eBay"
"ebay-item-227464010027","2026 POKEMON ASC EN-ASCENDED HEROES #290 MEGA DRAGONITE EX PSA 10","https://dealdesk.fyi/deals/ebay-item-227464010027/","eBay","Toys & hobbies","true","2026-08-11","2026-08-24","2026-08-24","$1399.00","1399","","","2026-08-24","","Confirm condition, shipping, seller, and availability on eBay"
"ebay-item-227464042010","2025 POKEMON DRI SPECIAL ILLUSTRATION RARE #231 TEAM ROCKET'S MEWTWO EX PSA 10","https://dealdesk.fyi/deals/ebay-item-227464042010/","eBay","Toys & hobbies","true","2026-08-11","2026-08-11","2026-08-11","$1199.00","1199","","","2026-08-11","","Confirm condition, shipping, seller, and availability on eBay"
"ebay-item-227464157285","Pokemon Mega Lopunny & Jigglypuff Gx Cosmic Eclipse 226/236 PSA 9","https://dealdesk.fyi/deals/ebay-item-227464157285/","eBay","Toys & hobbies","true","2026-08-11","2026-08-11","2026-08-11","$319.00","319","","","2026-08-11","","Confirm condition, shipping, seller, and availability on eBay"
"ebay-item-227465254819","2025 POKEMON PRE EN-PRISMATIC EVOLUTIONS #144 LEAFEON EX PSA 9","https://dealdesk.fyi/deals/ebay-item-227465254819/","eBay","Toys & hobbies","true","2026-08-11","2026-08-11","2026-08-11","$299.00","299","","","2026-08-11","","Confirm condition, shipping, seller, and availability on eBay"
"ebay-item-227465276382","2019 POKEMON SM BLACK STAR PROMO #SM192 FULL ART/LUCARIO & MELMETAL GX PSA 10","https://dealdesk.fyi/deals/ebay-item-227465276382/","eBay","Toys & hobbies","true","2026-08-11","2026-08-11","2026-08-11","$305.00","305","","","2026-08-11","","Confirm condition, shipping, seller, and availability on eBay"
"ebay-item-227466671621","Pokemon 2021 LEAFEON Vmax 205/203 Alt Art SR Evolving Skies Gem Mint PSA 10","https://dealdesk.fyi/deals/ebay-item-227466671621/","eBay","Toys & hobbies","true","2026-08-11","2026-08-11","2026-08-11","$599.00","599","","","2026-08-11","","Confirm condition, shipping, seller, and availability on eBay"
"ebay-item-227466691285","Mewtwo EX Full Art 103/108 - Evolutions - PSA 10 GEM MINT","https://dealdesk.fyi/deals/ebay-item-227466691285/","eBay","Toys & hobbies","true","2026-08-11","2026-08-11","2026-08-11","$649.00","649","","","2026-08-11","","Confirm condition, shipping, seller, and availability on eBay"
"ebay-item-227467910638","HP Victus 15.6"" FHD 144Hz (Core i7-13620H, 16GB/1TB SSD, RTX 5060) Gaming Laptop","https://dealdesk.fyi/deals/ebay-item-227467910638/","eBay","Electronics","true","2026-08-11","2026-08-11","2026-08-11","$949.98","949.98","","","2026-08-11","","Refurbished · Free shipping"
"ebay-item-227469018453","2025 POKEMON BLK EN-BLACK BOLT BLACK WHITE RARE #172 ZEKROM EX PSA 9","https://dealdesk.fyi/deals/ebay-item-227469018453/","eBay","Toys & hobbies","true","2026-08-11","2026-08-24","2026-08-11","$599.00","599","","","2026-08-11","","Confirm condition, shipping, seller, and availability on eBay"
"ebay-item-227469018453","2025 POKEMON BLK EN-BLACK BOLT BLACK WHITE RARE #172 ZEKROM EX PSA 9","https://dealdesk.fyi/deals/ebay-item-227469018453/","eBay","Toys & hobbies","true","2026-08-11","2026-08-24","2026-08-24","$539.00","539","","","2026-08-24","","Confirm condition, shipping, seller, and availability on eBay"
"ebay-item-227470437855","Lenovo ThinkPad X1 Nano Gen 1 13"" 2K i7-1180G7 16GB 1TB SSD FPR IR win10P 1Yr","https://dealdesk.fyi/deals/ebay-item-227470437855/","eBay","Electronics","true","2026-08-11","2026-08-11","2026-08-11","$649.00","649","$1665.00","1665","2026-08-11","","Refurbished · Free shipping"
"ebay-item-233730886679","ONN 11"" Swivel Screen Portable Blu-Ray/DVD Player w/ HDMI, USB, Ethernet 1000097","https://dealdesk.fyi/deals/ebay-item-233730886679/","eBay","Electronics","true","2026-08-11","2026-08-11","2026-08-11","$113.99","113.99","$159.99","159.99","2026-08-11","","Refurbished · Free shipping"
"ebay-item-235198697187","Samsung 2.0Ch Soundbar with Built-in Woofer - Black HW-C400","https://dealdesk.fyi/deals/ebay-item-235198697187/","eBay","Electronics","true","2026-08-04","2026-08-11","2026-08-04","$59.77","59.77","$139.99","139.99","2026-08-04","2026-11-30","Refurbished · Free shipping"
"ebay-item-235198697187","Samsung 2.0Ch Soundbar with Built-in Woofer - Black HW-C400","https://dealdesk.fyi/deals/ebay-item-235198697187/","eBay","Electronics","true","2026-08-04","2026-08-11","2026-08-11","$59.77","59.77","$139.99","139.99","2026-08-11","","Refurbished · Free shipping"
"ebay-item-235913969816","VIZIO All-in-One 2.1 ch Soundbar w/ Dolby Atmos in Black, HDMI eARC - SV210D-080","https://dealdesk.fyi/deals/ebay-item-235913969816/","eBay","Electronics","true","2026-08-04","2026-08-04","2026-08-04","$69.99","69.99","$179.99","179.99","2026-08-04","","Refurbished · Free shipping"
"ebay-item-235915448446","Lifelong G70 15.6"" FHD 1080p 60Hz 6ms Portable Monitor w/ USB-C and Mini HDMI","https://dealdesk.fyi/deals/ebay-item-235915448446/","eBay","Electronics","true","2026-08-04","2026-08-11","2026-08-04","$33.99","33.99","$129.99","129.99","2026-08-04","2028-01-31","Refurbished · Free shipping"
"ebay-item-235915448446","Lifelong G70 15.6"" FHD 1080p 60Hz 6ms Portable Monitor w/ USB-C and Mini HDMI","https://dealdesk.fyi/deals/ebay-item-235915448446/","eBay","Electronics","true","2026-08-04","2026-08-11","2026-08-11","$33.99","33.99","$129.99","129.99","2026-08-11","","Refurbished · Free shipping"
"ebay-item-236372324263","Arcade Classics WWE Counter Series Game with 8"" Liquid Crystal Screen & 4 Games","https://dealdesk.fyi/deals/ebay-item-236372324263/","eBay","Collectibles","true","2026-08-04","2026-08-04","2026-08-04","$179.99","179.99","$229.99","229.99","2026-08-04","","Free shipping"
"ebay-item-236631062029","Lenovo Legion Go 2 Handheld Gaming PC AMD Ryzen Z2 32GB 1TB 8.8"" OLED + WARRANTY","https://dealdesk.fyi/deals/ebay-item-236631062029/","eBay","Electronics","true","2026-08-11","2026-08-11","2026-08-11","$1299.00","1299","","","2026-08-11","","Refurbished · Free shipping"
"ebay-item-236811254020","Lorex 4K+ 12MP IP Wired Bullet Security Camera with Smart Lighting (E910AB)","https://dealdesk.fyi/deals/ebay-item-236811254020/","eBay","Electronics","true","2026-08-04","2026-08-31","2026-08-04","$80.70","80.7","$84.95","84.95","2026-08-04","2026-11-07","Refurbished · Free shipping"
"ebay-item-236811254020","Lorex 4K+ 12MP IP Wired Bullet Security Camera with Smart Lighting (E910AB)","https://dealdesk.fyi/deals/ebay-item-236811254020/","eBay","Electronics","true","2026-08-04","2026-08-31","2026-08-11","$80.70","80.7","$84.95","84.95","2026-08-11","","Refurbished · Free shipping"
"ebay-item-236811254020","Lorex 4K+ 12MP IP Wired Bullet Security Camera with Smart Lighting (E910AB)","https://dealdesk.fyi/deals/ebay-item-236811254020/","eBay","Electronics","true","2026-08-04","2026-08-31","2026-08-31","$84.95","84.95","","","2026-08-31","","Refurbished · Free shipping"
"ebay-item-236866375751","Apple iPhone 13 Unlocked 128GB | Refurbished - Very Good","https://dealdesk.fyi/deals/ebay-item-236866375751/","eBay","Electronics","true","2026-08-11","2026-08-11","2026-08-11","$239.40","239.4","$266.00","266","2026-08-11","","Refurbished · Free shipping"
"ebay-item-236929906964","Lenovo ThinkPad T14s Gen 1 Laptop -Core i5 10310u 16GB 256GB-Excellent! Win 11","https://dealdesk.fyi/deals/ebay-item-236929906964/","eBay","Electronics","true","2026-08-04","2026-08-04","2026-08-04","$249.00","249","","","2026-08-04","","Refurbished · Free shipping"
"ebay-item-236982788671","1995 Marvel Pepsi Mexico Prismatic 💎 SPIDER-MAN 💎 BGS 9.5 💎 POP 1 (NONE ^) 💎","https://dealdesk.fyi/deals/ebay-item-236982788671/","eBay","Collectibles","true","2026-08-04","2026-08-04","2026-08-04","$725.00","725","","","2026-08-04","","Free shipping"
"ebay-item-236983071996","Topps UFC Freedom 250 2026 Sean O'Malley UFC Dollar Insert Black 4/10 UD-20","https://dealdesk.fyi/deals/ebay-item-236983071996/","eBay","Sports collectibles","true","2026-08-04","2026-08-04","2026-08-04","$295.00","295","","","2026-08-04","","Pre-Owned"
"ebay-item-236983277642","2024 TOPPS CHROME DISNEY SAPPHIRE EDITION #93 STITCH PSA 10","https://dealdesk.fyi/deals/ebay-item-236983277642/","eBay","Collectibles","true","2026-08-04","2026-08-04","2026-08-04","$599.00","599","","","2026-08-04","","Confirm condition, shipping, seller, and availability on eBay"
"ebay-item-236983378226","2010 Topps Chrome - Tom Brady #C80 Refractor","https://dealdesk.fyi/deals/ebay-item-236983378226/","eBay","Sports collectibles","true","2026-08-04","2026-08-04","2026-08-04","$274.99","274.99","","","2026-08-04","","Confirm condition, shipping, seller, and availability on eBay"
"ebay-item-254075847053","Dell Chromebook 3189 Touchscreen Laptop 11.6"" Intel 4GB RAM 32GB SSD Chrome","https://dealdesk.fyi/deals/ebay-item-254075847053/","eBay","Electronics","true","2026-08-04","2026-08-04","2026-08-04","$69.99","69.99","","","2026-08-04","","Refurbished · Free shipping"
"ebay-item-254170214367","Lenovo ThinkPad Touchscreen Laptop 11.6"" Intel Pentium 4GB RAM 256GB SSD Win 11","https://dealdesk.fyi/deals/ebay-item-254170214367/","eBay","Electronics","true","2026-08-04","2026-08-04","2026-08-04","$109.31","109.31","","","2026-08-04","","Refurbished · Free shipping"
"ebay-item-254579476051","Lenovo ThinkPad Business Laptop 14"" Intel Core i5 16GB RAM 256GB SSD Windows 11","https://dealdesk.fyi/deals/ebay-item-254579476051/","eBay","Electronics","true","2026-08-11","2026-08-11","2026-08-11","$229.99","229.99","","","2026-08-11","","Refurbished · Free shipping"
"ebay-item-254640934467","Lenovo ThinkPad Business Laptop 13"" Core i5 16GB RAM 256GB SSD Win 11 WiFi HDMI","https://dealdesk.fyi/deals/ebay-item-254640934467/","eBay","Electronics","true","2026-08-11","2026-08-11","2026-08-11","$224.99","224.99","","","2026-08-11","","Refurbished · Free shipping"
"ebay-item-254986400075-554895531578","Samsung Galaxy S21 5G 128GB G991U Unlocked - Very Good","https://dealdesk.fyi/deals/ebay-item-254986400075-554895531578/","eBay","Electronics","true","2026-08-11","2026-08-11","2026-08-11","$147.99","147.99","$799.99","799.99","2026-08-11","","Refurbished · Free shipping"
"ebay-item-254986400075-554895531579","Samsung Galaxy S21 5G 128GB G991U Unlocked - Very Good","https://dealdesk.fyi/deals/ebay-item-254986400075-554895531579/","eBay","Electronics","true","2026-08-04","2026-08-04","2026-08-04","$147.99","147.99","$799.99","799.99","2026-08-04","","Refurbished · Free shipping"
"ebay-item-254987231741-554895524528","Samsung Galaxy S21 5G 128GB G991U Unlocked - Good","https://dealdesk.fyi/deals/ebay-item-254987231741-554895524528/","eBay","Electronics","true","2026-08-04","2026-08-11","2026-08-04","$128.99","128.99","$799.99","799.99","2026-08-04","2028-01-31","Refurbished · Free shipping"
"ebay-item-254987231741-554895524528","Samsung Galaxy S21 5G 128GB G991U Unlocked - Good","https://dealdesk.fyi/deals/ebay-item-254987231741-554895524528/","eBay","Electronics","true","2026-08-04","2026-08-11","2026-08-11","$128.99","128.99","$799.99","799.99","2026-08-11","","Refurbished · Free shipping"
"ebay-item-254987231741-554895524532","Samsung Galaxy S21 5G 128GB G991U Unlocked - Good","https://dealdesk.fyi/deals/ebay-item-254987231741-554895524532/","eBay","Electronics","true","2026-08-11","2026-08-11","2026-08-11","$128.99","128.99","$799.99","799.99","2026-08-11","","Refurbished · Free shipping"
"ebay-item-255352036778","Acer ENDURO N7 - 14"" Laptop Intel Core i5-8250U 1.6GHz 8GB RAM 256GB SSD W10P","https://dealdesk.fyi/deals/ebay-item-255352036778/","eBay","Electronics","true","2026-08-04","2026-08-31","2026-08-04","$650.99","650.99","$3,094.99","3094.99","2026-08-04","2028-01-31","Refurbished · Free shipping"
"ebay-item-255352036778","Acer ENDURO N7 - 14"" Laptop Intel Core i5-8250U 1.6GHz 8GB RAM 256GB SSD W10P","https://dealdesk.fyi/deals/ebay-item-255352036778/","eBay","Electronics","true","2026-08-04","2026-08-31","2026-08-11","$650.99","650.99","$3094.99","3094.99","2026-08-11","","Refurbished · Free shipping"
"ebay-item-255352036778","Acer ENDURO N7 - 14"" Laptop Intel Core i5-8250U 1.6GHz 8GB RAM 256GB SSD W10P","https://dealdesk.fyi/deals/ebay-item-255352036778/","eBay","Electronics","true","2026-08-04","2026-08-31","2026-08-28","$664.99","664.99","$3094.99","3094.99","2026-08-28","","Refurbished · Free shipping"
"ebay-item-255352036778","Acer ENDURO N7 - 14"" Laptop Intel Core i5-8250U 1.6GHz 8GB RAM 256GB SSD W10P","https://dealdesk.fyi/deals/ebay-item-255352036778/","eBay","Electronics","true","2026-08-04","2026-08-31","2026-08-31","$778.74","778.74","$3094.99","3094.99","2026-08-31","","Refurbished · Free shipping"
"ebay-item-255750739980-555687003470","Samsung Galaxy S22 128GB S901U Unlocked - Excellent","https://dealdesk.fyi/deals/ebay-item-255750739980-555687003470/","eBay","Electronics","true","2026-08-11","2026-08-11","2026-08-11","$189.99","189.99","$799.99","799.99","2026-08-11","","Refurbished · Free shipping"
"ebay-item-255788146936-555925536746","Samsung Galaxy S22+ 128GB S906U Unlocked - Excellent","https://dealdesk.fyi/deals/ebay-item-255788146936-555925536746/","eBay","Electronics","true","2026-08-11","2026-08-11","2026-08-11","$198.99","198.99","$999.99","999.99","2026-08-11","","Refurbished · Free shipping"
"ebay-item-255788146958-555925658945","Samsung Galaxy S22+ 128GB S906U Unlocked - Very Good","https://dealdesk.fyi/deals/ebay-item-255788146958-555925658945/","eBay","Electronics","true","2026-08-04","2026-08-11","2026-08-04","$189.99","189.99","$999.99","999.99","2026-08-04","2028-01-31","Refurbished · Free shipping"
"ebay-item-255788146958-555925658945","Samsung Galaxy S22+ 128GB S906U Unlocked - Very Good","https://dealdesk.fyi/deals/ebay-item-255788146958-555925658945/","eBay","Electronics","true","2026-08-04","2026-08-11","2026-08-11","$189.99","189.99","$999.99","999.99","2026-08-11","","Refurbished · Free shipping"
"ebay-item-255803826545-555925514141","Samsung Galaxy S22+ 128GB S906U Unlocked - Good","https://dealdesk.fyi/deals/ebay-item-255803826545-555925514141/","eBay","Electronics","true","2026-08-04","2026-08-11","2026-08-04","$161.99","161.99","$999.99","999.99","2026-08-04","2028-01-31","Refurbished · Free shipping"
"ebay-item-255803826545-555925514141","Samsung Galaxy S22+ 128GB S906U Unlocked - Good","https://dealdesk.fyi/deals/ebay-item-255803826545-555925514141/","eBay","Electronics","true","2026-08-04","2026-08-11","2026-08-11","$161.99","161.99","$999.99","999.99","2026-08-11","","Refurbished · Free shipping"
"ebay-item-255865325274-555803153093","Samsung Galaxy S22 128GB S901U Unlocked - Good","https://dealdesk.fyi/deals/ebay-item-255865325274-555803153093/","eBay","Electronics","true","2026-08-04","2026-08-11","2026-08-04","$147.99","147.99","$799.99","799.99","2026-08-04","2028-01-31","Refurbished · Free shipping"
"ebay-item-255865325274-555803153093","Samsung Galaxy S22 128GB S901U Unlocked - Good","https://dealdesk.fyi/deals/ebay-item-255865325274-555803153093/","eBay","Electronics","true","2026-08-04","2026-08-11","2026-08-11","$147.99","147.99","$799.99","799.99","2026-08-11","","Refurbished · Free shipping"
"ebay-item-255865325366-555803298945","Samsung Galaxy S22 256GB S901U Unlocked - Good","https://dealdesk.fyi/deals/ebay-item-255865325366-555803298945/","eBay","Electronics","true","2026-08-11","2026-08-11","2026-08-11","$161.99","161.99","$849.99","849.99","2026-08-11","","Refurbished · Free shipping"
"ebay-item-255883394766-556399764072","Samsung Galaxy S21 Ultra 5G 128GB G998U Unlocked - Good","https://dealdesk.fyi/deals/ebay-item-255883394766-556399764072/","eBay","Electronics","true","2026-08-04","2026-08-11","2026-08-04","$219.99","219.99","$1,199.99","1199.99","2026-08-04","2028-01-31","Refurbished · Free shipping"
"ebay-item-255883394766-556399764072","Samsung Galaxy S21 Ultra 5G 128GB G998U Unlocked - Good","https://dealdesk.fyi/deals/ebay-item-255883394766-556399764072/","eBay","Electronics","true","2026-08-04","2026-08-11","2026-08-11","$219.99","219.99","$1199.99","1199.99","2026-08-11","","Refurbished · Free shipping"
"ebay-item-256195038210","Acer Aspire 3 15.6"" Laptop AMD Ryzen3 7320U 2.4GHz 8GB RAM 128GB SSD Refurbished","https://dealdesk.fyi/deals/ebay-item-256195038210/","eBay","Electronics","true","2026-08-04","2026-08-04","2026-08-04","$189.71","189.71","$329.99","329.99","2026-08-04","","Confirm condition, shipping, seller, and availability on eBay"
"ebay-item-256245941032","Lenovo Yoga 11e Touchscreen Laptop 11.6"" Pentium 4GB RAM 256GB SSD Win 11 HDMI","https://dealdesk.fyi/deals/ebay-item-256245941032/","eBay","Electronics","true","2026-08-04","2026-08-11","2026-08-04","$99.99","99.99","","","2026-08-04","2027-08-31","Refurbished · Free shipping"
"ebay-item-256245941032","Lenovo Yoga 11e Touchscreen Laptop 11.6"" Pentium 4GB RAM 256GB SSD Win 11 HDMI","https://dealdesk.fyi/deals/ebay-item-256245941032/","eBay","Electronics","true","2026-08-04","2026-08-11","2026-08-11","$99.99","99.99","","","2026-08-11","","Refurbished · Free shipping"
"ebay-item-256271376594","AOPEN E0 20E0QBI 20"" 1600x900 75Hz Computer Monitor - Refurbished","https://dealdesk.fyi/deals/ebay-item-256271376594/","eBay","Electronics","true","2026-08-04","2026-08-28","2026-08-04","$57.65","57.65","$69.99","69.99","2026-08-04","2028-01-31","Refurbished · Free shipping"
"ebay-item-256271376594","AOPEN E0 20E0QBI 20"" 1600x900 75Hz Computer Monitor - Refurbished","https://dealdesk.fyi/deals/ebay-item-256271376594/","eBay","Electronics","true","2026-08-04","2026-08-28","2026-08-11","$58.52","58.52","$69.99","69.99","2026-08-11","","Refurbished · Free shipping"
"ebay-item-256271376594","AOPEN E0 20E0QBI 20"" 1600x900 75Hz Computer Monitor - Refurbished","https://dealdesk.fyi/deals/ebay-item-256271376594/","eBay","Electronics","true","2026-08-04","2026-08-28","2026-08-23","$56.91","56.91","$69.99","69.99","2026-08-23","","Refurbished · Free shipping"
"ebay-item-256271376594","AOPEN E0 20E0QBI 20"" 1600x900 75Hz Computer Monitor - Refurbished","https://dealdesk.fyi/deals/ebay-item-256271376594/","eBay","Electronics","true","2026-08-04","2026-08-28","2026-08-28","$56.99","56.99","$69.99","69.99","2026-08-28","","Refurbished · Free shipping"
"ebay-item-256271376655","Acer Vero V7 - 22"" Monitor FullHD 1920x1080 100Hz 4ms 250Nit HDMI VGA DP","https://dealdesk.fyi/deals/ebay-item-256271376655/","eBay","Electronics","true","2026-08-04","2026-08-04","2026-08-04","$55.79","55.79","$113.80","113.8","2026-08-04","","Refurbished · Free shipping"
"ebay-item-256339859745","Acer V6820i Projector UHD DLP 3840x2160 2400 lumens 10,000:1 Contrast Ratio","https://dealdesk.fyi/deals/ebay-item-256339859745/","eBay","Electronics","true","2026-08-04","2026-08-31","2026-08-04","$644.99","644.99","$1,499.99","1499.99","2026-08-04","2028-01-31","Pre-Owned · Free shipping"
"ebay-item-256339859745","Acer V6820i Projector UHD DLP 3840x2160 2400 lumens 10,000:1 Contrast Ratio","https://dealdesk.fyi/deals/ebay-item-256339859745/","eBay","Electronics","true","2026-08-04","2026-08-31","2026-08-11","$599.84","599.84","$1499.99","1499.99","2026-08-11","","Pre-Owned · Free shipping"
"ebay-item-256339859745","Acer V6820i Projector UHD DLP 3840x2160 2400 lumens 10,000:1 Contrast Ratio","https://dealdesk.fyi/deals/ebay-item-256339859745/","eBay","Electronics","true","2026-08-04","2026-08-31","2026-08-28","$575.86","575.86","$1499.99","1499.99","2026-08-28","","Pre-Owned · Free shipping"
"ebay-item-256339859745","Acer V6820i Projector UHD DLP 3840x2160 2400 lumens 10,000:1 Contrast Ratio","https://dealdesk.fyi/deals/ebay-item-256339859745/","eBay","Electronics","true","2026-08-04","2026-08-31","2026-08-31","$624.99","624.99","$1499.99","1499.99","2026-08-31","","Pre-Owned · Free shipping"
"ebay-item-256362994569","Acer Chromebook 314 14"" Intel Celeron N4500 4GB 128GB SSD Refurbished","https://dealdesk.fyi/deals/ebay-item-256362994569/","eBay","Electronics","true","2026-08-04","2026-08-04","2026-08-04","$172.04","172.04","$349.99","349.99","2026-08-04","","Refurbished · Free shipping"
"ebay-item-256372271129-556453888063","Samsung Galaxy S23 128GB S911U Unlocked - Excellent","https://dealdesk.fyi/deals/ebay-item-256372271129-556453888063/","eBay","Electronics","true","2026-08-04","2026-08-11","2026-08-04","$255.99","255.99","$799.99","799.99","2026-08-04","2028-01-31","Refurbished · Free shipping"
"ebay-item-256372271129-556453888063","Samsung Galaxy S23 128GB S911U Unlocked - Excellent","https://dealdesk.fyi/deals/ebay-item-256372271129-556453888063/","eBay","Electronics","true","2026-08-04","2026-08-11","2026-08-11","$255.99","255.99","$799.99","799.99","2026-08-11","","Refurbished · Free shipping"
"ebay-item-256372450471-556454356898","Samsung Galaxy S23 128GB S911U Unlocked - Very Good","https://dealdesk.fyi/deals/ebay-item-256372450471-556454356898/","eBay","Electronics","true","2026-08-11","2026-08-11","2026-08-11","$237.99","237.99","$799.99","799.99","2026-08-11","","Refurbished · Free shipping"
"ebay-item-256372450471-556454356899","Samsung Galaxy S23 128GB S911U Unlocked - Very Good","https://dealdesk.fyi/deals/ebay-item-256372450471-556454356899/","eBay","Electronics","true","2026-08-04","2026-08-04","2026-08-04","$237.99","237.99","$799.99","799.99","2026-08-04","","Refurbished · Free shipping"
"ebay-item-256372465052-556454234750","Samsung Galaxy S23 128GB S911U Unlocked - Good","https://dealdesk.fyi/deals/ebay-item-256372465052-556454234750/","eBay","Electronics","true","2026-08-04","2026-08-04","2026-08-04","$209.99","209.99","$799.99","799.99","2026-08-04","","Refurbished · Free shipping"
"ebay-item-256372558330-556609785242","Samsung Galaxy S23+ 256GB S916U Unlocked - Good","https://dealdesk.fyi/deals/ebay-item-256372558330-556609785242/","eBay","Electronics","true","2026-08-04","2026-08-11","2026-08-04","$257.99","257.99","$999.99","999.99","2026-08-04","2028-01-31","Refurbished · Free shipping"
"ebay-item-256372558330-556609785242","Samsung Galaxy S23+ 256GB S916U Unlocked - Good","https://dealdesk.fyi/deals/ebay-item-256372558330-556609785242/","eBay","Electronics","true","2026-08-04","2026-08-11","2026-08-11","$257.99","257.99","$999.99","999.99","2026-08-11","","Refurbished · Free shipping"
"ebay-item-256372558345-556609935299","Samsung Galaxy S23+ 256GB S916U Unlocked - Very Good","https://dealdesk.fyi/deals/ebay-item-256372558345-556609935299/","eBay","Electronics","true","2026-08-11","2026-08-11","2026-08-11","$303.99","303.99","$999.99","999.99","2026-08-11","","Refurbished · Free shipping"
"ebay-item-256379350806-556466738893","Samsung Galaxy S23 Ultra 256GB S918U Unlocked - Excellent","https://dealdesk.fyi/deals/ebay-item-256379350806-556466738893/","eBay","Electronics","true","2026-08-11","2026-08-11","2026-08-11","$416.99","416.99","$1199.99","1199.99","2026-08-11","","Refurbished · Free shipping"
"ebay-item-256379350806-556605231630","Samsung Galaxy S23 Ultra 256GB S918U Unlocked - Excellent","https://dealdesk.fyi/deals/ebay-item-256379350806-556605231630/","eBay","Electronics","true","2026-08-04","2026-08-11","2026-08-04","$416.99","416.99","$1,199.99","1199.99","2026-08-04","2028-01-31","Refurbished · Free shipping"
"ebay-item-256379350806-556605231630","Samsung Galaxy S23 Ultra 256GB S918U Unlocked - Excellent","https://dealdesk.fyi/deals/ebay-item-256379350806-556605231630/","eBay","Electronics","true","2026-08-04","2026-08-11","2026-08-11","$416.99","416.99","$1199.99","1199.99","2026-08-11","","Refurbished · Free shipping"
"ebay-item-256413667885-556528799834","Samsung Galaxy S23 Ultra 512GB S918U Unlocked - Good","https://dealdesk.fyi/deals/ebay-item-256413667885-556528799834/","eBay","Electronics","true","2026-08-04","2026-08-11","2026-08-04","$390.99","390.99","$1,379.99","1379.99","2026-08-04","2028-01-31","Refurbished · Free shipping"
"ebay-item-256413667885-556528799834","Samsung Galaxy S23 Ultra 512GB S918U Unlocked - Good","https://dealdesk.fyi/deals/ebay-item-256413667885-556528799834/","eBay","Electronics","true","2026-08-04","2026-08-11","2026-08-11","$390.99","390.99","$1379.99","1379.99","2026-08-11","","Refurbished · Free shipping"
"ebay-item-256459409583-556607550211","Samsung Galaxy S22 Ultra 256GB S908U Unlocked - Good","https://dealdesk.fyi/deals/ebay-item-256459409583-556607550211/","eBay","Electronics","true","2026-08-04","2026-08-11","2026-08-04","$304.99","304.99","$1,299.00","1299","2026-08-04","2028-01-31","Refurbished · Free shipping"
"ebay-item-256459409583-556607550211","Samsung Galaxy S22 Ultra 256GB S908U Unlocked - Good","https://dealdesk.fyi/deals/ebay-item-256459409583-556607550211/","eBay","Electronics","true","2026-08-04","2026-08-11","2026-08-11","$304.99","304.99","$1299.00","1299","2026-08-11","","Refurbished · Free shipping"
"ebay-item-256460585805-556609999488","Samsung Galaxy S23 Ultra 256GB S918U Unlocked - Good","https://dealdesk.fyi/deals/ebay-item-256460585805-556609999488/","eBay","Electronics","true","2026-08-04","2026-08-11","2026-08-04","$371.99","371.99","$1,199.99","1199.99","2026-08-04","2028-01-31","Refurbished · Free shipping"
"ebay-item-256460585805-556609999488","Samsung Galaxy S23 Ultra 256GB S918U Unlocked - Good","https://dealdesk.fyi/deals/ebay-item-256460585805-556609999488/","eBay","Electronics","true","2026-08-04","2026-08-11","2026-08-11","$371.99","371.99","$1199.99","1199.99","2026-08-11","","Refurbished · Free shipping"
"ebay-item-256482045980-556654595690","Samsung Galaxy S23 Ultra 512GB S918U Unlocked - Excellent","https://dealdesk.fyi/deals/ebay-item-256482045980-556654595690/","eBay","Electronics","true","2026-08-04","2026-08-04","2026-08-04","$454.99","454.99","$1,379.99","1379.99","2026-08-04","","Refurbished · Free shipping"
"ebay-item-256482045980-557473856184","Samsung Galaxy S23 Ultra 512GB S918U Unlocked - Excellent","https://dealdesk.fyi/deals/ebay-item-256482045980-557473856184/","eBay","Electronics","true","2026-08-11","2026-08-11","2026-08-11","$454.99","454.99","$1379.99","1379.99","2026-08-11","","Refurbished · Free shipping"
"ebay-item-256484189078-556659354822","Samsung Galaxy S23 FE 128GB S711U Unlocked - Very Good","https://dealdesk.fyi/deals/ebay-item-256484189078-556659354822/","eBay","Electronics","true","2026-08-04","2026-08-04","2026-08-04","$208.99","208.99","$629.99","629.99","2026-08-04","","Refurbished · Free shipping"
"ebay-item-256484189096-556659162343","Samsung Galaxy S23 FE 128GB S711U Unlocked - Good","https://dealdesk.fyi/deals/ebay-item-256484189096-556659162343/","eBay","Electronics","true","2026-08-04","2026-08-11","2026-08-04","$190.99","190.99","$629.99","629.99","2026-08-04","2028-01-31","Refurbished · Free shipping"
"ebay-item-256484189096-556659162343","Samsung Galaxy S23 FE 128GB S711U Unlocked - Good","https://dealdesk.fyi/deals/ebay-item-256484189096-556659162343/","eBay","Electronics","true","2026-08-04","2026-08-11","2026-08-11","$190.99","190.99","$629.99","629.99","2026-08-11","","Refurbished · Free shipping"
"ebay-item-256491677037","Acer M501 - Dock Station 3.1 USB Type-C 4096x2160 Resolution HDMI DisplayPort","https://dealdesk.fyi/deals/ebay-item-256491677037/","eBay","Electronics","true","2026-08-04","2026-08-31","2026-08-04","$115.31","115.31","$239.99","239.99","2026-08-04","2028-01-31","Refurbished · Free shipping"
"ebay-item-256491677037","Acer M501 - Dock Station 3.1 USB Type-C 4096x2160 Resolution HDMI DisplayPort","https://dealdesk.fyi/deals/ebay-item-256491677037/","eBay","Electronics","true","2026-08-04","2026-08-31","2026-08-11","$138.74","138.74","$239.99","239.99","2026-08-11","","Refurbished · Free shipping"
"ebay-item-256491677037","Acer M501 - Dock Station 3.1 USB Type-C 4096x2160 Resolution HDMI DisplayPort","https://dealdesk.fyi/deals/ebay-item-256491677037/","eBay","Electronics","true","2026-08-04","2026-08-31","2026-08-23","$115.31","115.31","$239.99","239.99","2026-08-23","","Refurbished · Free shipping"
"ebay-item-256491677037","Acer M501 - Dock Station 3.1 USB Type-C 4096x2160 Resolution HDMI DisplayPort","https://dealdesk.fyi/deals/ebay-item-256491677037/","eBay","Electronics","true","2026-08-04","2026-08-31","2026-08-28","$110.70","110.7","$239.99","239.99","2026-08-28","","Refurbished · Free shipping"
"ebay-item-256491677037","Acer M501 - Dock Station 3.1 USB Type-C 4096x2160 Resolution HDMI DisplayPort","https://dealdesk.fyi/deals/ebay-item-256491677037/","eBay","Electronics","true","2026-08-04","2026-08-31","2026-08-31","$124.99","124.99","$239.99","239.99","2026-08-31","","Refurbished · Free shipping"
"ebay-item-256497629590-556689084754","Samsung Galaxy S22 Ultra 512GB S908U Unlocked - Good","https://dealdesk.fyi/deals/ebay-item-256497629590-556689084754/","eBay","Electronics","true","2026-08-11","2026-08-11","2026-08-11","$314.99","314.99","$1299.00","1299","2026-08-11","","Refurbished · Free shipping"
"ebay-item-256499109365","Acer 315-15.6in Chromebook Intel N100 3.4GHz 4GB 128GB SSD Refurbished","https://dealdesk.fyi/deals/ebay-item-256499109365/","eBay","Electronics","true","2026-08-04","2026-08-23","2026-08-04","$204.59","204.59","$329.99","329.99","2026-08-04","2028-01-31","Refurbished · Free shipping"
"ebay-item-256499109365","Acer 315-15.6in Chromebook Intel N100 3.4GHz 4GB 128GB SSD Refurbished","https://dealdesk.fyi/deals/ebay-item-256499109365/","eBay","Electronics","true","2026-08-04","2026-08-23","2026-08-11","$207.66","207.66","$329.99","329.99","2026-08-11","","Refurbished · Free shipping"
"ebay-item-256499109365","Acer 315-15.6in Chromebook Intel N100 3.4GHz 4GB 128GB SSD Refurbished","https://dealdesk.fyi/deals/ebay-item-256499109365/","eBay","Electronics","true","2026-08-04","2026-08-23","2026-08-23","$215.00","215","$329.99","329.99","2026-08-23","","Refurbished · Free shipping"
"ebay-item-256546223161","Acer CB2 34in Widescreen Monitor UWQHD 3440x1440 75Hz IPS Refurbished","https://dealdesk.fyi/deals/ebay-item-256546223161/","eBay","Electronics","true","2026-08-04","2026-08-28","2026-08-04","$269.69","269.69","$399.99","399.99","2026-08-04","2028-01-31","Refurbished · Free shipping"
"ebay-item-256546223161","Acer CB2 34in Widescreen Monitor UWQHD 3440x1440 75Hz IPS Refurbished","https://dealdesk.fyi/deals/ebay-item-256546223161/","eBay","Electronics","true","2026-08-04","2026-08-28","2026-08-11","$269.69","269.69","$399.99","399.99","2026-08-11","","Refurbished · Free shipping"
"ebay-item-256546223161","Acer CB2 34in Widescreen Monitor UWQHD 3440x1440 75Hz IPS Refurbished","https://dealdesk.fyi/deals/ebay-item-256546223161/","eBay","Electronics","true","2026-08-04","2026-08-28","2026-08-23","$275.08","275.08","$399.99","399.99","2026-08-23","","Refurbished · Free shipping"
"ebay-item-256546223161","Acer CB2 34in Widescreen Monitor UWQHD 3440x1440 75Hz IPS Refurbished","https://dealdesk.fyi/deals/ebay-item-256546223161/","eBay","Electronics","true","2026-08-04","2026-08-28","2026-08-28","$276.93","276.93","$399.99","399.99","2026-08-28","","Refurbished · Free shipping"
"ebay-item-256613651818-556880821709","Samsung Galaxy S23 Ultra 512GB S918U Unlocked - Very Good","https://dealdesk.fyi/deals/ebay-item-256613651818-556880821709/","eBay","Electronics","true","2026-08-04","2026-08-11","2026-08-04","$427.99","427.99","$1,379.99","1379.99","2026-08-04","2028-01-31","Refurbished · Free shipping"
"ebay-item-256613651818-556880821709","Samsung Galaxy S23 Ultra 512GB S918U Unlocked - Very Good","https://dealdesk.fyi/deals/ebay-item-256613651818-556880821709/","eBay","Electronics","true","2026-08-04","2026-08-11","2026-08-11","$427.99","427.99","$1379.99","1379.99","2026-08-11","","Refurbished · Free shipping"
"ebay-item-256628617125-557473583241","Samsung Galaxy S24 Ultra 256GB S928U Unlocked - Good","https://dealdesk.fyi/deals/ebay-item-256628617125-557473583241/","eBay","Electronics","true","2026-08-04","2026-08-04","2026-08-04","$499.99","499.99","$1,299.99","1299.99","2026-08-04","","Refurbished · Free shipping"
"ebay-item-256652847329-556952370920","Samsung Galaxy S24 Ultra 512GB S928U Unlocked - Good","https://dealdesk.fyi/deals/ebay-item-256652847329-556952370920/","eBay","Electronics","true","2026-08-11","2026-08-11","2026-08-11","$523.99","523.99","$1419.99","1419.99","2026-08-11","","Refurbished · Free shipping"
"ebay-item-256652847329-557536210133","Samsung Galaxy S24 Ultra 512GB S928U Unlocked - Good","https://dealdesk.fyi/deals/ebay-item-256652847329-557536210133/","eBay","Electronics","true","2026-08-04","2026-08-23","2026-08-04","$523.99","523.99","$1,419.99","1419.99","2026-08-04","","Refurbished · Free shipping"
"ebay-item-256652847329-557536210133","Samsung Galaxy S24 Ultra 512GB S928U Unlocked - Good","https://dealdesk.fyi/deals/ebay-item-256652847329-557536210133/","eBay","Electronics","true","2026-08-04","2026-08-23","2026-08-23","$523.99","523.99","$1419.99","1419.99","2026-08-23","","Refurbished · Free shipping"
"ebay-item-256671767980-556999752104","IRIS Flip 8GB Unlocked - Very Good","https://dealdesk.fyi/deals/ebay-item-256671767980-556999752104/","eBay","Electronics","true","2026-08-11","2026-08-11","2026-08-11","$19.99","19.99","$59.99","59.99","2026-08-11","","Refurbished · Free shipping"
"ebay-item-256754180033-557197034005","Samsung Galaxy S24 Ultra 512GB S928U Unlocked - Excellent","https://dealdesk.fyi/deals/ebay-item-256754180033-557197034005/","eBay","Electronics","true","2026-08-11","2026-08-11","2026-08-11","$615.99","615.99","$1419.99","1419.99","2026-08-11","","Refurbished · Free shipping"
"ebay-item-256754180033-557307741953","Samsung Galaxy S24 Ultra 512GB S928U Unlocked - Excellent","https://dealdesk.fyi/deals/ebay-item-256754180033-557307741953/","eBay","Electronics","true","2026-08-04","2026-08-04","2026-08-04","$615.99","615.99","$1,419.99","1419.99","2026-08-04","","Refurbished · Free shipping"
"ebay-item-256763827585-557447036033","Samsung Galaxy S24 128GB S921U Unlocked - Good","https://dealdesk.fyi/deals/ebay-item-256763827585-557447036033/","eBay","Electronics","true","2026-08-04","2026-08-25","2026-08-04","$309.99","309.99","$799.99","799.99","2026-08-04","2028-01-31","Refurbished · Free shipping"
"ebay-item-256763827585-557447036033","Samsung Galaxy S24 128GB S921U Unlocked - Good","https://dealdesk.fyi/deals/ebay-item-256763827585-557447036033/","eBay","Electronics","true","2026-08-04","2026-08-25","2026-08-11","$309.99","309.99","$799.99","799.99","2026-08-11","","Refurbished · Free shipping"
"ebay-item-256763827585-557447036033","Samsung Galaxy S24 128GB S921U Unlocked - Good","https://dealdesk.fyi/deals/ebay-item-256763827585-557447036033/","eBay","Electronics","true","2026-08-04","2026-08-25","2026-08-25","$319.99","319.99","$799.99","799.99","2026-08-25","","Refurbished · Free shipping"
"ebay-item-256878400721","WX844L Worx Powershare Nitro 20V Cordless 18-Gauge Narrow Crown Staple Gun-CR","https://dealdesk.fyi/deals/ebay-item-256878400721/","eBay","Home & garden","true","2026-08-04","2026-08-11","2026-08-04","$158.99","158.99","$199.99","199.99","2026-08-04","2027-05-31","Refurbished · Free shipping"
"ebay-item-256878400721","WX844L Worx Powershare Nitro 20V Cordless 18-Gauge Narrow Crown Staple Gun-CR","https://dealdesk.fyi/deals/ebay-item-256878400721/","eBay","Home & garden","true","2026-08-04","2026-08-11","2026-08-11","$158.99","158.99","$199.99","199.99","2026-08-11","","Refurbished · Free shipping"
"ebay-item-256879670961","WX959L WORX Drill/Driver-Circular Saw- Flex Light Combo Kit","https://dealdesk.fyi/deals/ebay-item-256879670961/","eBay","Home & garden","true","2026-08-04","2026-08-11","2026-08-04","$178.99","178.99","$199.99","199.99","2026-08-04","2027-05-31","Refurbished · Free shipping"
"ebay-item-256879670961","WX959L WORX Drill/Driver-Circular Saw- Flex Light Combo Kit","https://dealdesk.fyi/deals/ebay-item-256879670961/","eBay","Home & garden","true","2026-08-04","2026-08-11","2026-08-11","$178.99","178.99","$199.99","199.99","2026-08-11","","Refurbished · Free shipping"
"ebay-item-256922967394","WX027L Worx 20V MaxLithium Cordless Multi-Function LED Flashlight-CR","https://dealdesk.fyi/deals/ebay-item-256922967394/","eBay","Home & garden","true","2026-08-04","2026-08-11","2026-08-04","$74.99","74.99","$107.99","107.99","2026-08-04","2027-05-31","Refurbished · Free shipping"
"ebay-item-256922967394","WX027L Worx 20V MaxLithium Cordless Multi-Function LED Flashlight-CR","https://dealdesk.fyi/deals/ebay-item-256922967394/","eBay","Home & garden","true","2026-08-04","2026-08-11","2026-08-11","$74.99","74.99","$107.99","107.99","2026-08-11","","Refurbished · Free shipping"
"ebay-item-257114279816","HP EliteBook 850 G6 15.6” FHD Laptop Core i7 16GB RAM 512GB SSD Windows 11 Pro","https://dealdesk.fyi/deals/ebay-item-257114279816/","eBay","Electronics","true","2026-08-04","2026-08-11","2026-08-04","$397.52","397.52","","","2026-08-04","2028-01-31","Refurbished · Free shipping"
"ebay-item-257114279816","HP EliteBook 850 G6 15.6” FHD Laptop Core i7 16GB RAM 512GB SSD Windows 11 Pro","https://dealdesk.fyi/deals/ebay-item-257114279816/","eBay","Electronics","true","2026-08-04","2026-08-11","2026-08-11","$397.52","397.52","","","2026-08-11","","Refurbished · Free shipping"
"ebay-item-257146795807-557791023649","Samsung Galaxy S25 256GB S931U Unlocked - Excellent","https://dealdesk.fyi/deals/ebay-item-257146795807-557791023649/","eBay","Electronics","true","2026-08-04","2026-08-04","2026-08-04","$539.99","539.99","$859.99","859.99","2026-08-04","","Refurbished · Free shipping"
"ebay-item-257169528820-557807697274","Samsung Galaxy S24+ 512GB S926U Unlocked - Good","https://dealdesk.fyi/deals/ebay-item-257169528820-557807697274/","eBay","Electronics","true","2026-08-11","2026-08-11","2026-08-11","$399.99","399.99","$1119.99","1119.99","2026-08-11","","Refurbished · Free shipping"
"ebay-item-257169528820-557807697277","Samsung Galaxy S24+ 512GB S926U Unlocked - Good","https://dealdesk.fyi/deals/ebay-item-257169528820-557807697277/","eBay","Electronics","true","2026-08-04","2026-08-27","2026-08-04","$399.99","399.99","$1,119.99","1119.99","2026-08-04","","Refurbished · Free shipping"
"ebay-item-257169528820-557807697277","Samsung Galaxy S24+ 512GB S926U Unlocked - Good","https://dealdesk.fyi/deals/ebay-item-257169528820-557807697277/","eBay","Electronics","true","2026-08-04","2026-08-27","2026-08-27","$399.99","399.99","$1119.99","1119.99","2026-08-27","","Refurbished · Free shipping"
"ebay-item-257189836660-557828252095","Samsung Galaxy S25 Ultra 512GB S938U Unlocked - Excellent","https://dealdesk.fyi/deals/ebay-item-257189836660-557828252095/","eBay","Electronics","true","2026-08-11","2026-08-11","2026-08-11","$734.99","734.99","$1419.99","1419.99","2026-08-11","","Refurbished · Free shipping"
"ebay-item-257189836660-557828252096","Samsung Galaxy S25 Ultra 512GB S938U Unlocked - Excellent","https://dealdesk.fyi/deals/ebay-item-257189836660-557828252096/","eBay","Electronics","true","2026-08-04","2026-08-23","2026-08-04","$734.99","734.99","$1,419.99","1419.99","2026-08-04","","Refurbished · Free shipping"
"ebay-item-257189836660-557828252096","Samsung Galaxy S25 Ultra 512GB S938U Unlocked - Excellent","https://dealdesk.fyi/deals/ebay-item-257189836660-557828252096/","eBay","Electronics","true","2026-08-04","2026-08-23","2026-08-23","$734.99","734.99","$1419.99","1419.99","2026-08-23","","Refurbished · Free shipping"
"ebay-item-257190056679-557828543167","Samsung Galaxy S25 Ultra 256GB S938U Unlocked - Excellent","https://dealdesk.fyi/deals/ebay-item-257190056679-557828543167/","eBay","Electronics","true","2026-08-04","2026-08-11","2026-08-04","$682.99","682.99","$1,299.99","1299.99","2026-08-04","2028-01-31","Refurbished · Free shipping"
"ebay-item-257190056679-557828543167","Samsung Galaxy S25 Ultra 256GB S938U Unlocked - Excellent","https://dealdesk.fyi/deals/ebay-item-257190056679-557828543167/","eBay","Electronics","true","2026-08-04","2026-08-11","2026-08-11","$682.99","682.99","$1299.99","1299.99","2026-08-11","","Refurbished · Free shipping"
"ebay-item-257213743386","Acer Aspire 14"" AI Copilot+PC Laptop Core Ultra 5 226V Gen 4 ARC 16GB 1TB Refurb","https://dealdesk.fyi/deals/ebay-item-257213743386/","eBay","Electronics","true","2026-08-11","2026-08-28","2026-08-11","$499.99","499.99","$799.99","799.99","2026-08-11","","Refurbished · Free shipping"
"ebay-item-257213743386","Acer Aspire 14"" AI Copilot+PC Laptop Core Ultra 5 226V Gen 4 ARC 16GB 1TB Refurb","https://dealdesk.fyi/deals/ebay-item-257213743386/","eBay","Electronics","true","2026-08-11","2026-08-28","2026-08-23","$410.99","410.99","$799.99","799.99","2026-08-23","","Refurbished · Free shipping"
"ebay-item-257213743386","Acer Aspire 14"" AI Copilot+PC Laptop Core Ultra 5 226V Gen 4 ARC 16GB 1TB Refurb","https://dealdesk.fyi/deals/ebay-item-257213743386/","eBay","Electronics","true","2026-08-11","2026-08-28","2026-08-28","$390.41","390.41","$799.99","799.99","2026-08-28","","Refurbished · Free shipping"
"ebay-item-257285303938-557956552112","Apple iPhone 15 128GB Unlocked - Good","https://dealdesk.fyi/deals/ebay-item-257285303938-557956552112/","eBay","Electronics","true","2026-08-04","2026-08-11","2026-08-04","$371.99","371.99","$799.00","799","2026-08-04","2026-08-31","Refurbished · Free shipping"
"ebay-item-257285303938-557956552112","Apple iPhone 15 128GB Unlocked - Good","https://dealdesk.fyi/deals/ebay-item-257285303938-557956552112/","eBay","Electronics","true","2026-08-04","2026-08-11","2026-08-11","$371.99","371.99","$799.00","799","2026-08-11","","Refurbished · Free shipping"
"ebay-item-257300993690-557974988537","Apple iPhone 15 128GB Unlocked - Excellent","https://dealdesk.fyi/deals/ebay-item-257300993690-557974988537/","eBay","Electronics","true","2026-08-04","2026-08-04","2026-08-04","$407.99","407.99","$799.00","799","2026-08-04","","Refurbished · Free shipping"
"ebay-item-257334133694-558010943484","Apple iPhone 15 Pro Max 256GB Unlocked - Good","https://dealdesk.fyi/deals/ebay-item-257334133694-558010943484/","eBay","Electronics","true","2026-08-11","2026-08-11","2026-08-11","$599.99","599.99","$1199.00","1199","2026-08-11","","Refurbished · Free shipping"
"ebay-item-257335215032-558011763289","Samsung Galaxy S25+ 256GB S936U Unlocked - Excellent","https://dealdesk.fyi/deals/ebay-item-257335215032-558011763289/","eBay","Electronics","true","2026-08-04","2026-08-04","2026-08-04","$568.99","568.99","$999.99","999.99","2026-08-04","","Refurbished · Free shipping"
"ebay-item-257347876400-558021262809","Samsung Galaxy Z Flip6 256GB F741U Unlocked - Good","https://dealdesk.fyi/deals/ebay-item-257347876400-558021262809/","eBay","Electronics","true","2026-08-11","2026-08-11","2026-08-11","$323.99","323.99","$1099.99","1099.99","2026-08-11","","Refurbished · Free shipping"
"ebay-item-257421265259","Acer Chromebook 314 14"" FHD Celeron N4500 4GB RAM 128GB eMMC Refurbished","https://dealdesk.fyi/deals/ebay-item-257421265259/","eBay","Electronics","true","2026-08-11","2026-08-24","2026-08-11","$153.00","153","","","2026-08-11","","Refurbished · Free shipping"
"ebay-item-257421265259","Acer Chromebook 314 14"" FHD Celeron N4500 4GB RAM 128GB eMMC Refurbished","https://dealdesk.fyi/deals/ebay-item-257421265259/","eBay","Electronics","true","2026-08-11","2026-08-24","2026-08-24","$148.42","148.42","","","2026-08-24","","Refurbished · Free shipping"
"ebay-item-257473271786","Acer 16"" WUXGA Intel Core Ultra 9 S2 288V 32GB 1TB SSD Copilot+ AI PC Refurb","https://dealdesk.fyi/deals/ebay-item-257473271786/","eBay","Electronics","true","2026-08-11","2026-08-29","2026-08-11","$724.72","724.72","","","2026-08-11","","Refurbished · Free shipping"
"ebay-item-257473271786","Acer 16"" WUXGA Intel Core Ultra 9 S2 288V 32GB 1TB SSD Copilot+ AI PC Refurb","https://dealdesk.fyi/deals/ebay-item-257473271786/","eBay","Electronics","true","2026-08-11","2026-08-29","2026-08-29","$746.06","746.06","","","2026-08-29","","Refurbished · Free shipping"
"ebay-item-257514466440","MSI Vector A16 HX A8WHG-004US 16"" Gaming Laptop R9 8940HX 5070Ti 16GB 1TB Win11","https://dealdesk.fyi/deals/ebay-item-257514466440/","eBay","Electronics","true","2026-08-11","2026-08-11","2026-08-11","$1599.00","1599","$1999.00","1999","2026-08-11","","Refurbished · Free shipping"
"ebay-item-257544527183","WX030L WORX 20V Power Share Cordless Cube Vac Compact Vacuum-CR","https://dealdesk.fyi/deals/ebay-item-257544527183/","eBay","Home & garden","true","2026-08-04","2026-08-11","2026-08-04","$94.99","94.99","$155.99","155.99","2026-08-04","2027-05-31","Refurbished · Free shipping"
"ebay-item-257544527183","WX030L WORX 20V Power Share Cordless Cube Vac Compact Vacuum-CR","https://dealdesk.fyi/deals/ebay-item-257544527183/","eBay","Home & garden","true","2026-08-04","2026-08-11","2026-08-11","$94.99","94.99","$155.99","155.99","2026-08-11","","Refurbished · Free shipping"
"ebay-item-257635001496","🔥【PRO SERVICED】RARE ""S"" MONSTER Pioneer SX-980 160W Receiver!~LED MOD💥GUARANTY","https://dealdesk.fyi/deals/ebay-item-257635001496/","eBay","Electronics","true","2026-08-04","2026-08-11","2026-08-04","$2,399.35","2399.35","$2,665.95","2665.95","2026-08-04","2026-11-30","Refurbished · Free shipping"
"ebay-item-257635001496","🔥【PRO SERVICED】RARE ""S"" MONSTER Pioneer SX-980 160W Receiver!~LED MOD💥GUARANTY","https://dealdesk.fyi/deals/ebay-item-257635001496/","eBay","Electronics","true","2026-08-04","2026-08-11","2026-08-11","$2399.35","2399.35","$2665.95","2665.95","2026-08-11","","Refurbished · Free shipping"
"ebay-item-257659393558","Star Wars Unlimited Luke Skywalker Galactic Championship 2026 Card","https://dealdesk.fyi/deals/ebay-item-257659393558/","eBay","Collectibles","true","2026-08-04","2026-08-11","2026-08-04","$300.00","300","","","2026-08-04","2026-12-31","Pre-Owned"
"ebay-item-257659393558","Star Wars Unlimited Luke Skywalker Galactic Championship 2026 Card","https://dealdesk.fyi/deals/ebay-item-257659393558/","eBay","Collectibles","true","2026-08-04","2026-08-11","2026-08-11","$300.00","300","","","2026-08-11","","Pre-Owned"
"ebay-item-257659455587-558240938396","Samsung Galaxy A35 5G 128GB A356U AT&T/Unlocked Smartphone - Good","https://dealdesk.fyi/deals/ebay-item-257659455587-558240938396/","eBay","Electronics","true","2026-08-04","2026-08-04","2026-08-04","$82.39","82.39","","","2026-08-04","","Refurbished · Free shipping"
"ebay-item-257660209002","2024-25 Flawless ZACH LAVINE Championship Tags /10 CHICAGO BULLS","https://dealdesk.fyi/deals/ebay-item-257660209002/","eBay","Sports collectibles","true","2026-08-04","2026-08-04","2026-08-04","$750.00","750","","","2026-08-04","","Pre-Owned"
"ebay-item-257660214568","Panini Donruss 2025 Tyler Shough Rookie Downtown! Insert #19 New Orleans Saints","https://dealdesk.fyi/deals/ebay-item-257660214568/","eBay","Sports collectibles","true","2026-08-04","2026-08-04","2026-08-04","$410.00","410","","","2026-08-04","","Pre-Owned"
"ebay-item-257660244408","Omega Red Clawed Chrome/20 Topps Marvel Chrome 2026","https://dealdesk.fyi/deals/ebay-item-257660244408/","eBay","Collectibles","true","2026-08-04","2026-08-04","2026-08-04","$250.00","250","","","2026-08-04","","Pre-Owned · Free shipping"
"ebay-item-257660384163","🔥 2024 Topps Chrome L/E Blue Rookie Auto /150 Jackson Chourio 🔥","https://dealdesk.fyi/deals/ebay-item-257660384163/","eBay","Sports collectibles","true","2026-08-04","2026-08-04","2026-08-04","$385.00","385","","","2026-08-04","","Pre-Owned"
"ebay-item-257667508880-558244372004","Samsung Galaxy A10e A102U 32GB T-Mobile/Unlocked - Good","https://dealdesk.fyi/deals/ebay-item-257667508880-558244372004/","eBay","Electronics","true","2026-08-11","2026-08-11","2026-08-11","$41.89","41.89","","","2026-08-11","","Refurbished · Free shipping"
"ebay-item-257669304146","🔥【PRO SERVICED】Kenwood KR-5400 Stereo 70W Receiver! XSTR/CAP/LED MODS💥GUARANTY","https://dealdesk.fyi/deals/ebay-item-257669304146/","eBay","Electronics","true","2026-08-11","2026-08-11","2026-08-11","$555.25","555.25","$616.95","616.95","2026-08-11","","Refurbished · Free shipping"
"ebay-item-257671873145","1934 National Chicle Sky Birds Charles Lindbergh #36 PSA 4  (Series of 48)","https://dealdesk.fyi/deals/ebay-item-257671873145/","eBay","Collectibles","true","2026-08-11","2026-08-11","2026-08-11","$274.99","274.99","","","2026-08-11","","Confirm condition, shipping, seller, and availability on eBay"
"ebay-item-257672183399","1889 Kinney Leaders George Washington Tobacco Card Poor","https://dealdesk.fyi/deals/ebay-item-257672183399/","eBay","Collectibles","true","2026-08-11","2026-08-11","2026-08-11","$299.00","299","","","2026-08-11","","Pre-Owned"
"ebay-item-257673966150","1997 Finest Silver Embossed Refractor #303 Ryne Sandberg","https://dealdesk.fyi/deals/ebay-item-257673966150/","eBay","Sports collectibles","true","2026-08-11","2026-08-11","2026-08-11","$700.00","700","","","2026-08-11","","Pre-Owned"
"ebay-item-257673986331","2023-24 Panini Megacracks La Liga EA Sports #108BIS Lamine Yamal Rc Rookie PSA 8","https://dealdesk.fyi/deals/ebay-item-257673986331/","eBay","Sports collectibles","true","2026-08-11","2026-08-11","2026-08-11","$1000.00","1000","","","2026-08-11","","Confirm condition, shipping, seller, and availability on eBay"
"ebay-item-264476753478","Lenovo Yoga 11e Gen 5 2-in-1 Touchscreen 11"" HD Laptop 4GB 128GB SSD Windows 11","https://dealdesk.fyi/deals/ebay-item-264476753478/","eBay","Electronics","true","2026-08-04","2026-08-04","2026-08-04","$99.99","99.99","","","2026-08-04","","Refurbished · Free shipping"
"ebay-item-265185441009","Acer Predator Cestus 350 Wireless Gaming Mouse","https://dealdesk.fyi/deals/ebay-item-265185441009/","eBay","Electronics","true","2026-08-04","2026-08-28","2026-08-04","$45.56","45.56","$129.99","129.99","2026-08-04","2028-01-31","Refurbished · Free shipping"
"ebay-item-265185441009","Acer Predator Cestus 350 Wireless Gaming Mouse","https://dealdesk.fyi/deals/ebay-item-265185441009/","eBay","Electronics","true","2026-08-04","2026-08-28","2026-08-11","$45.56","45.56","$129.99","129.99","2026-08-11","","Refurbished · Free shipping"
"ebay-item-265185441009","Acer Predator Cestus 350 Wireless Gaming Mouse","https://dealdesk.fyi/deals/ebay-item-265185441009/","eBay","Electronics","true","2026-08-04","2026-08-28","2026-08-28","$46.54","46.54","$129.99","129.99","2026-08-28","","Refurbished · Free shipping"
"ebay-item-265677881274","Acer X28 28"" Gaming Monitor 4K UHD 3840x2160 IPS 1ms 400Nit VESA Refurbished","https://dealdesk.fyi/deals/ebay-item-265677881274/","eBay","Electronics","true","2026-08-04","2026-08-28","2026-08-04","$232.49","232.49","$999.99","999.99","2026-08-04","2028-01-31","Refurbished · Free shipping"
"ebay-item-265677881274","Acer X28 28"" Gaming Monitor 4K UHD 3840x2160 IPS 1ms 400Nit VESA Refurbished","https://dealdesk.fyi/deals/ebay-item-265677881274/","eBay","Electronics","true","2026-08-04","2026-08-28","2026-08-11","$278.74","278.74","$999.99","999.99","2026-08-11","","Refurbished · Free shipping"
"ebay-item-265677881274","Acer X28 28"" Gaming Monitor 4K UHD 3840x2160 IPS 1ms 400Nit VESA Refurbished","https://dealdesk.fyi/deals/ebay-item-265677881274/","eBay","Electronics","true","2026-08-04","2026-08-28","2026-08-23","$235.98","235.98","$999.99","999.99","2026-08-23","","Refurbished · Free shipping"
"ebay-item-265677881274","Acer X28 28"" Gaming Monitor 4K UHD 3840x2160 IPS 1ms 400Nit VESA Refurbished","https://dealdesk.fyi/deals/ebay-item-265677881274/","eBay","Electronics","true","2026-08-04","2026-08-28","2026-08-28","$241.85","241.85","$999.99","999.99","2026-08-28","","Refurbished · Free shipping"
"ebay-item-265741526047","Dell Latitude 5490 Business Laptop 14"" Core i5 16GB RAM 256GB SSD Windows 11 Pro","https://dealdesk.fyi/deals/ebay-item-265741526047/","eBay","Electronics","true","2026-08-11","2026-08-11","2026-08-11","$243.49","243.49","","","2026-08-11","","Refurbished · Free shipping"
"ebay-item-266071055949","Acer 45W Adapter with Power Cord","https://dealdesk.fyi/deals/ebay-item-266071055949/","eBay","Electronics","true","2026-08-04","2026-08-28","2026-08-04","$19.99","19.99","$29.99","29.99","2026-08-04","2028-01-31","Pre-Owned · Free shipping"
"ebay-item-266071055949","Acer 45W Adapter with Power Cord","https://dealdesk.fyi/deals/ebay-item-266071055949/","eBay","Electronics","true","2026-08-04","2026-08-28","2026-08-11","$18.59","18.59","$29.99","29.99","2026-08-11","","Pre-Owned · Free shipping"
"ebay-item-266071055949","Acer 45W Adapter with Power Cord","https://dealdesk.fyi/deals/ebay-item-266071055949/","eBay","Electronics","true","2026-08-04","2026-08-28","2026-08-28","$18.99","18.99","$29.99","29.99","2026-08-28","","Pre-Owned · Free shipping"
"ebay-item-266151308350","Acer 65W Adapter with Power Cord","https://dealdesk.fyi/deals/ebay-item-266151308350/","eBay","Electronics","true","2026-08-04","2026-08-28","2026-08-04","$19.99","19.99","$29.99","29.99","2026-08-04","2028-01-31","Pre-Owned · Free shipping"
"ebay-item-266151308350","Acer 65W Adapter with Power Cord","https://dealdesk.fyi/deals/ebay-item-266151308350/","eBay","Electronics","true","2026-08-04","2026-08-28","2026-08-11","$18.59","18.59","$29.99","29.99","2026-08-11","","Pre-Owned · Free shipping"
"ebay-item-266151308350","Acer 65W Adapter with Power Cord","https://dealdesk.fyi/deals/ebay-item-266151308350/","eBay","Electronics","true","2026-08-04","2026-08-28","2026-08-28","$18.99","18.99","$29.99","29.99","2026-08-28","","Pre-Owned · Free shipping"
"ebay-item-266233217647","DJI Osmo Mobile SE Smartphone Gimbal Stabilizer Android & IOS for Vlog","https://dealdesk.fyi/deals/ebay-item-266233217647/","eBay","Electronics","true","2026-08-04","2026-08-11","2026-08-04","$55.00","55","$99.00","99","2026-08-04","2043-04-07","Free shipping"
"ebay-item-266233217647","DJI Osmo Mobile SE Smartphone Gimbal Stabilizer Android & IOS for Vlog","https://dealdesk.fyi/deals/ebay-item-266233217647/","eBay","Electronics","true","2026-08-04","2026-08-11","2026-08-11","$55.00","55","$99.00","99","2026-08-11","","Free shipping"
"ebay-item-266384828094","Acer Chromebook Spin 514- 14in AMD 5625C 8GB RAM 128GB SSD Refurbished","https://dealdesk.fyi/deals/ebay-item-266384828094/","eBay","Electronics","true","2026-08-04","2026-08-31","2026-08-04","$427.79","427.79","$699.99","699.99","2026-08-04","2028-01-31","Refurbished · Free shipping"
"ebay-item-266384828094","Acer Chromebook Spin 514- 14in AMD 5625C 8GB RAM 128GB SSD Refurbished","https://dealdesk.fyi/deals/ebay-item-266384828094/","eBay","Electronics","true","2026-08-04","2026-08-31","2026-08-11","$511.24","511.24","$699.99","699.99","2026-08-11","","Refurbished · Free shipping"
"ebay-item-266384828094","Acer Chromebook Spin 514- 14in AMD 5625C 8GB RAM 128GB SSD Refurbished","https://dealdesk.fyi/deals/ebay-item-266384828094/","eBay","Electronics","true","2026-08-04","2026-08-31","2026-08-23","$427.79","427.79","$699.99","699.99","2026-08-23","","Refurbished · Free shipping"
"ebay-item-266384828094","Acer Chromebook Spin 514- 14in AMD 5625C 8GB RAM 128GB SSD Refurbished","https://dealdesk.fyi/deals/ebay-item-266384828094/","eBay","Electronics","true","2026-08-04","2026-08-31","2026-08-28","$410.69","410.69","$699.99","699.99","2026-08-28","","Refurbished · Free shipping"
"ebay-item-266384828094","Acer Chromebook Spin 514- 14in AMD 5625C 8GB RAM 128GB SSD Refurbished","https://dealdesk.fyi/deals/ebay-item-266384828094/","eBay","Electronics","true","2026-08-04","2026-08-31","2026-08-31","$437.49","437.49","$699.99","699.99","2026-08-31","","Refurbished · Free shipping"
"ebay-item-266409524211","Acer AOPEN 22CV1Q 21.5"" Monitor 1920x1080 100Hz 1ms 250Nit Refurbished","https://dealdesk.fyi/deals/ebay-item-266409524211/","eBay","Electronics","true","2026-08-04","2026-08-28","2026-08-04","$57.65","57.65","$79.99","79.99","2026-08-04","2028-01-31","Refurbished · Free shipping"
"ebay-item-266409524211","Acer AOPEN 22CV1Q 21.5"" Monitor 1920x1080 100Hz 1ms 250Nit Refurbished","https://dealdesk.fyi/deals/ebay-item-266409524211/","eBay","Electronics","true","2026-08-04","2026-08-28","2026-08-11","$58.52","58.52","$79.99","79.99","2026-08-11","","Refurbished · Free shipping"
"ebay-item-266409524211","Acer AOPEN 22CV1Q 21.5"" Monitor 1920x1080 100Hz 1ms 250Nit Refurbished","https://dealdesk.fyi/deals/ebay-item-266409524211/","eBay","Electronics","true","2026-08-04","2026-08-28","2026-08-23","$60.59","60.59","$79.99","79.99","2026-08-23","","Refurbished · Free shipping"
"ebay-item-266409524211","Acer AOPEN 22CV1Q 21.5"" Monitor 1920x1080 100Hz 1ms 250Nit Refurbished","https://dealdesk.fyi/deals/ebay-item-266409524211/","eBay","Electronics","true","2026-08-04","2026-08-28","2026-08-28","$62.31","62.31","$79.99","79.99","2026-08-28","","Refurbished · Free shipping"
"ebay-item-266458531325","Acer Veriton Z6- 23.8in AIO Intel i5 2.7GHz 16GB 512GB SSD Refurbished","https://dealdesk.fyi/deals/ebay-item-266458531325/","eBay","Electronics","true","2026-08-04","2026-08-31","2026-08-04","$497.54","497.54","$1,199.99","1199.99","2026-08-04","2028-01-31","Refurbished · Free shipping"
"ebay-item-266458531325","Acer Veriton Z6- 23.8in AIO Intel i5 2.7GHz 16GB 512GB SSD Refurbished","https://dealdesk.fyi/deals/ebay-item-266458531325/","eBay","Electronics","true","2026-08-04","2026-08-31","2026-08-11","$594.99","594.99","$1199.99","1199.99","2026-08-11","","Refurbished · Free shipping"
"ebay-item-266458531325","Acer Veriton Z6- 23.8in AIO Intel i5 2.7GHz 16GB 512GB SSD Refurbished","https://dealdesk.fyi/deals/ebay-item-266458531325/","eBay","Electronics","true","2026-08-04","2026-08-31","2026-08-23","$497.54","497.54","$1199.99","1199.99","2026-08-23","","Refurbished · Free shipping"
"ebay-item-266458531325","Acer Veriton Z6- 23.8in AIO Intel i5 2.7GHz 16GB 512GB SSD Refurbished","https://dealdesk.fyi/deals/ebay-item-266458531325/","eBay","Electronics","true","2026-08-04","2026-08-31","2026-08-28","$477.65","477.65","$1199.99","1199.99","2026-08-28","","Refurbished · Free shipping"
"ebay-item-266458531325","Acer Veriton Z6- 23.8in AIO Intel i5 2.7GHz 16GB 512GB SSD Refurbished","https://dealdesk.fyi/deals/ebay-item-266458531325/","eBay","Electronics","true","2026-08-04","2026-08-31","2026-08-31","$499.99","499.99","$1199.99","1199.99","2026-08-31","","Refurbished · Free shipping"
"ebay-item-266458531387","Acer Veriton Z6 - 23.8"" AIO Intel Core i7-11700 2.50GHz 16GB RAM 512GB SSD W10P","https://dealdesk.fyi/deals/ebay-item-266458531387/","eBay","Electronics","true","2026-08-04","2026-08-31","2026-08-04","$504.98","504.98","$1,349.99","1349.99","2026-08-04","2028-01-31","Refurbished · Free shipping"
"ebay-item-266458531387","Acer Veriton Z6 - 23.8"" AIO Intel Core i7-11700 2.50GHz 16GB RAM 512GB SSD W10P","https://dealdesk.fyi/deals/ebay-item-266458531387/","eBay","Electronics","true","2026-08-04","2026-08-31","2026-08-11","$603.74","603.74","$1349.99","1349.99","2026-08-11","","Refurbished · Free shipping"
"ebay-item-266458531387","Acer Veriton Z6 - 23.8"" AIO Intel Core i7-11700 2.50GHz 16GB RAM 512GB SSD W10P","https://dealdesk.fyi/deals/ebay-item-266458531387/","eBay","Electronics","true","2026-08-04","2026-08-31","2026-08-23","$504.98","504.98","$1349.99","1349.99","2026-08-23","","Refurbished · Free shipping"
"ebay-item-266458531387","Acer Veriton Z6 - 23.8"" AIO Intel Core i7-11700 2.50GHz 16GB RAM 512GB SSD W10P","https://dealdesk.fyi/deals/ebay-item-266458531387/","eBay","Electronics","true","2026-08-04","2026-08-31","2026-08-28","$515.84","515.84","$1349.99","1349.99","2026-08-28","","Refurbished · Free shipping"
"ebay-item-266458531387","Acer Veriton Z6 - 23.8"" AIO Intel Core i7-11700 2.50GHz 16GB RAM 512GB SSD W10P","https://dealdesk.fyi/deals/ebay-item-266458531387/","eBay","Electronics","true","2026-08-04","2026-08-31","2026-08-31","$603.74","603.74","$1349.99","1349.99","2026-08-31","","Refurbished · Free shipping"
"ebay-item-266574701809","Acer K202Q 19.5"" 1600x900 75Hz 200Nit 6ms VGA HDMI VESA 100x100 Refurbished","https://dealdesk.fyi/deals/ebay-item-266574701809/","eBay","Electronics","true","2026-08-04","2026-08-28","2026-08-04","$55.79","55.79","$79.99","79.99","2026-08-04","2028-01-31","Refurbished · Free shipping"
"ebay-item-266574701809","Acer K202Q 19.5"" 1600x900 75Hz 200Nit 6ms VGA HDMI VESA 100x100 Refurbished","https://dealdesk.fyi/deals/ebay-item-266574701809/","eBay","Electronics","true","2026-08-04","2026-08-28","2026-08-11","$67.49","67.49","$79.99","79.99","2026-08-11","","Refurbished · Free shipping"
"ebay-item-266574701809","Acer K202Q 19.5"" 1600x900 75Hz 200Nit 6ms VGA HDMI VESA 100x100 Refurbished","https://dealdesk.fyi/deals/ebay-item-266574701809/","eBay","Electronics","true","2026-08-04","2026-08-28","2026-08-23","$55.79","55.79","$79.99","79.99","2026-08-23","","Refurbished · Free shipping"
"ebay-item-266574701809","Acer K202Q 19.5"" 1600x900 75Hz 200Nit 6ms VGA HDMI VESA 100x100 Refurbished","https://dealdesk.fyi/deals/ebay-item-266574701809/","eBay","Electronics","true","2026-08-04","2026-08-28","2026-08-28","$56.99","56.99","$79.99","79.99","2026-08-28","","Refurbished · Free shipping"
"ebay-item-266604903773","Acer CXI5-C432 Chromebox Intel Celeron 7305 1.10GHz 4GB RAM 32GB FLASH ChromeOS","https://dealdesk.fyi/deals/ebay-item-266604903773/","eBay","Electronics","true","2026-08-04","2026-08-04","2026-08-04","$158.18","158.18","$374.99","374.99","2026-08-04","","Refurbished · Free shipping"
"ebay-item-266621700826","Acer Vero - 21.5in Monitor FHD 1920x1080 100Hz 4ms 250Nit Refurbished","https://dealdesk.fyi/deals/ebay-item-266621700826/","eBay","Electronics","true","2026-08-04","2026-08-28","2026-08-04","$83.69","83.69","$274.99","274.99","2026-08-04","2028-01-31","Refurbished · Free shipping"
"ebay-item-266621700826","Acer Vero - 21.5in Monitor FHD 1920x1080 100Hz 4ms 250Nit Refurbished","https://dealdesk.fyi/deals/ebay-item-266621700826/","eBay","Electronics","true","2026-08-04","2026-08-28","2026-08-11","$83.69","83.69","$274.99","274.99","2026-08-11","","Refurbished · Free shipping"
"ebay-item-266621700826","Acer Vero - 21.5in Monitor FHD 1920x1080 100Hz 4ms 250Nit Refurbished","https://dealdesk.fyi/deals/ebay-item-266621700826/","eBay","Electronics","true","2026-08-04","2026-08-28","2026-08-28","$85.49","85.49","$274.99","274.99","2026-08-28","","Refurbished · Free shipping"
"ebay-item-266621700855","Acer Vero - 21.5"" Monitor FullHD 1920x1080 100Hz 4ms 250Nit HDMI VGA DisplayPort","https://dealdesk.fyi/deals/ebay-item-266621700855/","eBay","Electronics","true","2026-08-04","2026-08-04","2026-08-04","$55.79","55.79","$129.99","129.99","2026-08-04","","Refurbished · Free shipping"
"ebay-item-266635764309","Acer K2 Essential 19.5in Monitor HD+ 1600x900 75Hz 6ms 200Nit Refurbished","https://dealdesk.fyi/deals/ebay-item-266635764309/","eBay","Electronics","true","2026-08-04","2026-08-28","2026-08-04","$55.79","55.79","$79.99","79.99","2026-08-04","2028-01-31","Refurbished · Free shipping"
"ebay-item-266635764309","Acer K2 Essential 19.5in Monitor HD+ 1600x900 75Hz 6ms 200Nit Refurbished","https://dealdesk.fyi/deals/ebay-item-266635764309/","eBay","Electronics","true","2026-08-04","2026-08-28","2026-08-11","$55.79","55.79","$79.99","79.99","2026-08-11","","Refurbished · Free shipping"
"ebay-item-266635764309","Acer K2 Essential 19.5in Monitor HD+ 1600x900 75Hz 6ms 200Nit Refurbished","https://dealdesk.fyi/deals/ebay-item-266635764309/","eBay","Electronics","true","2026-08-04","2026-08-28","2026-08-28","$56.99","56.99","$79.99","79.99","2026-08-28","","Refurbished · Free shipping"
"ebay-item-266771349460","Acer 314 - 14"" Chromebook Intel Celeron N100 8GB RAM 64GB SSD Chrome OS","https://dealdesk.fyi/deals/ebay-item-266771349460/","eBay","Electronics","true","2026-08-04","2026-08-11","2026-08-04","$260.39","260.39","$534.99","534.99","2026-08-04","2028-01-31","Refurbished · Free shipping"
"ebay-item-266771349460","Acer 314 - 14"" Chromebook Intel Celeron N100 8GB RAM 64GB SSD Chrome OS","https://dealdesk.fyi/deals/ebay-item-266771349460/","eBay","Electronics","true","2026-08-04","2026-08-11","2026-08-11","$260.39","260.39","$534.99","534.99","2026-08-11","","Refurbished · Free shipping"
"ebay-item-266844623100","Acer Predator XB3 28"" Gaming Monitor 144Hz 3840x2160 1ms Refurbished","https://dealdesk.fyi/deals/ebay-item-266844623100/","eBay","Electronics","true","2026-08-04","2026-08-04","2026-08-04","$284.57","284.57","$499.99","499.99","2026-08-04","","Refurbished · Free shipping"
"ebay-item-266855045277","Acer Nitro 15.6in 4K UHD IPS Monitor 60Hz 3840x2160 320Nit Refurbished","https://dealdesk.fyi/deals/ebay-item-266855045277/","eBay","Electronics","true","2026-08-04","2026-08-11","2026-08-04","$743.99","743.99","$1,099.99","1099.99","2026-08-04","2028-01-31","Refurbished · Free shipping"
"ebay-item-266855045277","Acer Nitro 15.6in 4K UHD IPS Monitor 60Hz 3840x2160 320Nit Refurbished","https://dealdesk.fyi/deals/ebay-item-266855045277/","eBay","Electronics","true","2026-08-04","2026-08-11","2026-08-11","$889.99","889.99","$1099.99","1099.99","2026-08-11","","Refurbished · Free shipping"
"ebay-item-266950120184","Acer AOPEN E0 - 20"" Monitor FullHD 1600x900 75Hz TN 6ms GTG 250Nit HDMI VGA","https://dealdesk.fyi/deals/ebay-item-266950120184/","eBay","Electronics","true","2026-08-04","2026-08-28","2026-08-04","$55.79","55.79","$69.99","69.99","2026-08-04","2028-01-31","Refurbished · Free shipping"
"ebay-item-266950120184","Acer AOPEN E0 - 20"" Monitor FullHD 1600x900 75Hz TN 6ms GTG 250Nit HDMI VGA","https://dealdesk.fyi/deals/ebay-item-266950120184/","eBay","Electronics","true","2026-08-04","2026-08-28","2026-08-11","$55.79","55.79","$69.99","69.99","2026-08-11","","Refurbished · Free shipping"
"ebay-item-266950120184","Acer AOPEN E0 - 20"" Monitor FullHD 1600x900 75Hz TN 6ms GTG 250Nit HDMI VGA","https://dealdesk.fyi/deals/ebay-item-266950120184/","eBay","Electronics","true","2026-08-04","2026-08-28","2026-08-28","$56.99","56.99","$69.99","69.99","2026-08-28","","Refurbished · Free shipping"
"ebay-item-267054074922","Acer Spin 714 14"" Touch Core Ultra 5 115U 1st Gen 8GB 256GB AI PC Refurbished","https://dealdesk.fyi/deals/ebay-item-267054074922/","eBay","Electronics","true","2026-08-04","2026-08-24","2026-08-04","$332.93","332.93","$699.99","699.99","2026-08-04","","Refurbished · Free shipping"
"ebay-item-267054074922","Acer Spin 714 14"" Touch Core Ultra 5 115U 1st Gen 8GB 256GB AI PC Refurbished","https://dealdesk.fyi/deals/ebay-item-267054074922/","eBay","Electronics","true","2026-08-04","2026-08-24","2026-08-24","$332.00","332","$699.99","699.99","2026-08-24","","Refurbished · Free shipping"
"ebay-item-267096494337","Lenovo ThinkPad X1 Yoga Touch Laptop 14"" FHD i7 16GB RAM 512GB SSD Win 11 Pro","https://dealdesk.fyi/deals/ebay-item-267096494337/","eBay","Electronics","true","2026-08-04","2026-08-04","2026-08-04","$486.87","486.87","$795.00","795","2026-08-04","","Refurbished · Free shipping"
"ebay-item-267431903254","DJI Osmo 360 Action Camera Adventure Combo","https://dealdesk.fyi/deals/ebay-item-267431903254/","eBay","Electronics","true","2026-08-11","2026-08-11","2026-08-11","$454.99","454.99","$699.98","699.98","2026-08-11","","Free shipping"
"ebay-item-267431903629","DJI Mic 3 (1 Transmitter + 1 Receiver)","https://dealdesk.fyi/deals/ebay-item-267431903629/","eBay","Electronics","true","2026-08-04","2026-08-27","2026-08-04","$169.00","169","$169.01","169.01","2026-08-04","2043-04-07","Free shipping"
"ebay-item-267431903629","DJI Mic 3 (1 Transmitter + 1 Receiver)","https://dealdesk.fyi/deals/ebay-item-267431903629/","eBay","Electronics","true","2026-08-04","2026-08-27","2026-08-11","$143.00","143","$169.00","169","2026-08-11","","Free shipping"
"ebay-item-267431903629","DJI Mic 3 (1 Transmitter + 1 Receiver)","https://dealdesk.fyi/deals/ebay-item-267431903629/","eBay","Electronics","true","2026-08-04","2026-08-27","2026-08-27","$169.00","169","","","2026-08-27","","Free shipping"
"ebay-item-267477744552","Dell Latitude 14” HD Laptop Intel Core i5 8GB RAM 256GB SSD Windows 11 HDMI WiFi","https://dealdesk.fyi/deals/ebay-item-267477744552/","eBay","Electronics","true","2026-08-04","2026-08-11","2026-08-04","$199.99","199.99","","","2026-08-04","2027-08-31","Refurbished · Free shipping"
"ebay-item-267477744552","Dell Latitude 14” HD Laptop Intel Core i5 8GB RAM 256GB SSD Windows 11 HDMI WiFi","https://dealdesk.fyi/deals/ebay-item-267477744552/","eBay","Electronics","true","2026-08-04","2026-08-11","2026-08-11","$199.99","199.99","","","2026-08-11","","Refurbished · Free shipping"
"ebay-item-267531855325","Acer Aspire Go 15 15.6"" Laptop Intel Core 3 N355 1.90 GHz 8GB RAM 128GB SSD","https://dealdesk.fyi/deals/ebay-item-267531855325/","eBay","Electronics","true","2026-08-04","2026-08-04","2026-08-04","$251.40","251.4","$299.99","299.99","2026-08-04","","Refurbished · Free shipping"
"ebay-item-267568407218","DJI RS 5 Handheld Camera Stabilizer","https://dealdesk.fyi/deals/ebay-item-267568407218/","eBay","Electronics","true","2026-08-04","2026-08-04","2026-08-04","$569.00","569","","","2026-08-04","","Free shipping"
"ebay-item-267648882404","Acer Aspire Go 15 15.6"" i7-13620H 13th Gen 32GB 1TB SSD Touch Win11 Refurbished","https://dealdesk.fyi/deals/ebay-item-267648882404/","eBay","Electronics","true","2026-08-11","2026-08-11","2026-08-11","$706.79","706.79","$849.99","849.99","2026-08-11","","Refurbished · Free shipping"
"ebay-item-267659721467","DJI Neo 2 Motion Fly More Combo","https://dealdesk.fyi/deals/ebay-item-267659721467/","eBay","Electronics","true","2026-08-04","2026-08-04","2026-08-04","$599.00","599","","","2026-08-04","","Free shipping"
"ebay-item-267659721487","DJI Avata 2 Fly Smart Combo (Single Battery)","https://dealdesk.fyi/deals/ebay-item-267659721487/","eBay","Electronics","true","2026-08-04","2026-08-11","2026-08-04","$619.00","619","","","2026-08-04","2043-04-07","Free shipping"
"ebay-item-267659721487","DJI Avata 2 Fly Smart Combo (Single Battery)","https://dealdesk.fyi/deals/ebay-item-267659721487/","eBay","Electronics","true","2026-08-04","2026-08-11","2026-08-11","$619.00","619","","","2026-08-11","","Free shipping"
"ebay-item-267743426423","SONY HTA9M2 16-Speaker Home Theater Audio System Dolby Atmos","https://dealdesk.fyi/deals/ebay-item-267743426423/","eBay","Electronics","true","2026-08-11","2026-08-11","2026-08-11","$1399.00","1399","$2499.99","2499.99","2026-08-11","","Refurbished · Free shipping"
"ebay-item-267746891604","Parkside 2025 NWSL Vol. 2 Gabrielle Carle Gold 1/1 #339 Washington Spirit","https://dealdesk.fyi/deals/ebay-item-267746891604/","eBay","Sports collectibles","true","2026-08-04","2026-08-04","2026-08-04","$399.99","399.99","","","2026-08-04","","Pre-Owned"
"ebay-item-267747064017","Lamine Yamal 2023-24 Topps FC Barcelona #/399 AQUA REFRACTOR GOLDEN FUTURE (RC)","https://dealdesk.fyi/deals/ebay-item-267747064017/","eBay","Sports collectibles","true","2026-08-04","2026-08-04","2026-08-04","$289.95","289.95","","","2026-08-04","","Pre-Owned"
"ebay-item-267747080764","Doraemon CCG 2024 SSP N01.05 Serialized card 103/750","https://dealdesk.fyi/deals/ebay-item-267747080764/","eBay","Collectibles","true","2026-08-04","2026-08-04","2026-08-04","$400.00","400","","","2026-08-04","","Pre-Owned"
"ebay-item-275343494303","Acer USB 3.0 Dock II - U301 Docking Station HDMI RJ-45 Headphone","https://dealdesk.fyi/deals/ebay-item-275343494303/","eBay","Electronics","true","2026-08-04","2026-08-28","2026-08-04","$58.58","58.58","$129.99","129.99","2026-08-04","2028-01-31","Refurbished · Free shipping"
"ebay-item-275343494303","Acer USB 3.0 Dock II - U301 Docking Station HDMI RJ-45 Headphone","https://dealdesk.fyi/deals/ebay-item-275343494303/","eBay","Electronics","true","2026-08-04","2026-08-28","2026-08-11","$69.99","69.99","$129.99","129.99","2026-08-11","","Refurbished · Free shipping"
"ebay-item-275343494303","Acer USB 3.0 Dock II - U301 Docking Station HDMI RJ-45 Headphone","https://dealdesk.fyi/deals/ebay-item-275343494303/","eBay","Electronics","true","2026-08-04","2026-08-28","2026-08-23","$58.58","58.58","$129.99","129.99","2026-08-23","","Refurbished · Free shipping"
"ebay-item-275343494303","Acer USB 3.0 Dock II - U301 Docking Station HDMI RJ-45 Headphone","https://dealdesk.fyi/deals/ebay-item-275343494303/","eBay","Electronics","true","2026-08-04","2026-08-28","2026-08-28","$56.25","56.25","$129.99","129.99","2026-08-28","","Refurbished · Free shipping"
"ebay-item-275525522173","Acer B248Y 23.8"" Full HD 1920x1080 IPS 75Hz LED Monitor HDMI Refurbished","https://dealdesk.fyi/deals/ebay-item-275525522173/","eBay","Electronics","true","2026-08-04","2026-08-31","2026-08-04","$112.15","112.15","$249.99","249.99","2026-08-04","2028-01-31","Refurbished · Free shipping"
"ebay-item-275525522173","Acer B248Y 23.8"" Full HD 1920x1080 IPS 75Hz LED Monitor HDMI Refurbished","https://dealdesk.fyi/deals/ebay-item-275525522173/","eBay","Electronics","true","2026-08-04","2026-08-31","2026-08-11","$124.99","124.99","$249.99","249.99","2026-08-11","","Refurbished · Free shipping"
"ebay-item-275525522173","Acer B248Y 23.8"" Full HD 1920x1080 IPS 75Hz LED Monitor HDMI Refurbished","https://dealdesk.fyi/deals/ebay-item-275525522173/","eBay","Electronics","true","2026-08-04","2026-08-31","2026-08-23","$104.15","104.15","$249.99","249.99","2026-08-23","","Refurbished · Free shipping"
"ebay-item-275525522173","Acer B248Y 23.8"" Full HD 1920x1080 IPS 75Hz LED Monitor HDMI Refurbished","https://dealdesk.fyi/deals/ebay-item-275525522173/","eBay","Electronics","true","2026-08-04","2026-08-31","2026-08-28","$106.39","106.39","$249.99","249.99","2026-08-28","","Refurbished · Free shipping"
"ebay-item-275525522173","Acer B248Y 23.8"" Full HD 1920x1080 IPS 75Hz LED Monitor HDMI Refurbished","https://dealdesk.fyi/deals/ebay-item-275525522173/","eBay","Electronics","true","2026-08-04","2026-08-31","2026-08-31","$124.99","124.99","$249.99","249.99","2026-08-31","","Refurbished · Free shipping"
"ebay-item-276019558646","Acer NMW200 Nitro Gaming Mouse III 125MHz","https://dealdesk.fyi/deals/ebay-item-276019558646/","eBay","Electronics","true","2026-08-04","2026-08-31","2026-08-04","$18.59","18.59","$29.99","29.99","2026-08-04","2028-01-31","Refurbished · Free shipping"
"ebay-item-276019558646","Acer NMW200 Nitro Gaming Mouse III 125MHz","https://dealdesk.fyi/deals/ebay-item-276019558646/","eBay","Electronics","true","2026-08-04","2026-08-31","2026-08-11","$18.59","18.59","$29.99","29.99","2026-08-11","","Refurbished · Free shipping"
"ebay-item-276019558646","Acer NMW200 Nitro Gaming Mouse III 125MHz","https://dealdesk.fyi/deals/ebay-item-276019558646/","eBay","Electronics","true","2026-08-04","2026-08-31","2026-08-28","$18.99","18.99","$29.99","29.99","2026-08-28","","Refurbished · Free shipping"
"ebay-item-276019558646","Acer NMW200 Nitro Gaming Mouse III 125MHz","https://dealdesk.fyi/deals/ebay-item-276019558646/","eBay","Electronics","true","2026-08-04","2026-08-31","2026-08-31","$22.49","22.49","$29.99","29.99","2026-08-31","","Refurbished · Free shipping"
"ebay-item-276151052436","Acer Predator XB273U 27""Gaming Monitor 360Hz 2560x1440 NVIDIA G-Sync Refurbished","https://dealdesk.fyi/deals/ebay-item-276151052436/","eBay","Electronics","true","2026-08-04","2026-08-28","2026-08-04","$306.89","306.89","$1,099.99","1099.99","2026-08-04","2028-01-31","Refurbished · Free shipping"
"ebay-item-276151052436","Acer Predator XB273U 27""Gaming Monitor 360Hz 2560x1440 NVIDIA G-Sync Refurbished","https://dealdesk.fyi/deals/ebay-item-276151052436/","eBay","Electronics","true","2026-08-04","2026-08-28","2026-08-11","$306.89","306.89","$1099.99","1099.99","2026-08-11","","Refurbished · Free shipping"
"ebay-item-276151052436","Acer Predator XB273U 27""Gaming Monitor 360Hz 2560x1440 NVIDIA G-Sync Refurbished","https://dealdesk.fyi/deals/ebay-item-276151052436/","eBay","Electronics","true","2026-08-04","2026-08-28","2026-08-28","$313.49","313.49","$1099.99","1099.99","2026-08-28","","Refurbished · Free shipping"
"ebay-item-276151052609","Acer Nitro VG1 27"" WQHD IPS Gaming Monitor 180Hz 2560x1440 Refurbished","https://dealdesk.fyi/deals/ebay-item-276151052609/","eBay","Electronics","true","2026-08-04","2026-08-26","2026-08-04","$121.82","121.82","$279.99","279.99","2026-08-04","","Refurbished · Free shipping"
"ebay-item-276151052609","Acer Nitro VG1 27"" WQHD IPS Gaming Monitor 180Hz 2560x1440 Refurbished","https://dealdesk.fyi/deals/ebay-item-276151052609/","eBay","Electronics","true","2026-08-04","2026-08-26","2026-08-26","$123.33","123.33","$279.99","279.99","2026-08-26","","Refurbished · Free shipping"
"ebay-item-276222120862","Acer Vero B7 23.8"" Widescreen Monitor 1920x1080 100Hz 4ms Refurbished","https://dealdesk.fyi/deals/ebay-item-276222120862/","eBay","Electronics","true","2026-08-04","2026-08-04","2026-08-04","$64.90","64.9","$259.99","259.99","2026-08-04","","Refurbished · Free shipping"
"ebay-item-276449430468","Acer TravelMate P4-14in Laptop Intel i5 2.4GHz 16GB 512GB Refurbished","https://dealdesk.fyi/deals/ebay-item-276449430468/","eBay","Electronics","true","2026-08-04","2026-08-04","2026-08-04","$507.77","507.77","$999.99","999.99","2026-08-04","","Refurbished · Free shipping"
"ebay-item-276495504432-2560620323790","Dyson Supersonic Hair Dryer | Certified Refurbished | Latest Generation","https://dealdesk.fyi/deals/ebay-item-276495504432-2560620323790/","eBay","Home & garden","true","2026-08-04","2026-08-11","2026-08-04","$229.99","229.99","$519.99","519.99","2026-08-04","2028-01-31","Refurbished · Free shipping"
"ebay-item-276495504432-2560620323790","Dyson Supersonic Hair Dryer | Certified Refurbished | Latest Generation","https://dealdesk.fyi/deals/ebay-item-276495504432-2560620323790/","eBay","Home & garden","true","2026-08-04","2026-08-11","2026-08-11","$249.99","249.99","$519.99","519.99","2026-08-11","","Refurbished · Free shipping"
"ebay-item-276495504432-2560620323794","Dyson Supersonic Hair Dryer | Certified Refurbished | Latest Generation","https://dealdesk.fyi/deals/ebay-item-276495504432-2560620323794/","eBay","Home & garden","true","2026-08-11","2026-08-11","2026-08-11","$249.99","249.99","$429.99","429.99","2026-08-11","","Refurbished · Free shipping"
"ebay-item-276514629703","Acer B247YU 23.8in Widescreen Monitor WQHD 2560X1440 75Hz Refurbished","https://dealdesk.fyi/deals/ebay-item-276514629703/","eBay","Electronics","true","2026-08-04","2026-08-28","2026-08-04","$125.54","125.54","$299.99","299.99","2026-08-04","2028-01-31","Refurbished · Free shipping"
"ebay-item-276514629703","Acer B247YU 23.8in Widescreen Monitor WQHD 2560X1440 75Hz Refurbished","https://dealdesk.fyi/deals/ebay-item-276514629703/","eBay","Electronics","true","2026-08-04","2026-08-28","2026-08-11","$125.54","125.54","$299.99","299.99","2026-08-11","","Refurbished · Free shipping"
"ebay-item-276514629703","Acer B247YU 23.8in Widescreen Monitor WQHD 2560X1440 75Hz Refurbished","https://dealdesk.fyi/deals/ebay-item-276514629703/","eBay","Electronics","true","2026-08-04","2026-08-28","2026-08-28","$128.24","128.24","$299.99","299.99","2026-08-28","","Refurbished · Free shipping"
"ebay-item-276582090868","Dyson V15 Detect Total Clean Extra | Yellow/Nickel | Refurbished","https://dealdesk.fyi/deals/ebay-item-276582090868/","eBay","Home & garden","true","2026-08-04","2026-08-23","2026-08-04","$369.99","369.99","$749.99","749.99","2026-08-04","2028-01-31","Refurbished · Free shipping"
"ebay-item-276582090868","Dyson V15 Detect Total Clean Extra | Yellow/Nickel | Refurbished","https://dealdesk.fyi/deals/ebay-item-276582090868/","eBay","Home & garden","true","2026-08-04","2026-08-23","2026-08-11","$439.99","439.99","$749.99","749.99","2026-08-11","","Refurbished · Free shipping"
"ebay-item-276582090868","Dyson V15 Detect Total Clean Extra | Yellow/Nickel | Refurbished","https://dealdesk.fyi/deals/ebay-item-276582090868/","eBay","Home & garden","true","2026-08-04","2026-08-23","2026-08-23","$349.99","349.99","$749.99","749.99","2026-08-23","","Refurbished · Free shipping"
"ebay-item-276594764420","Acer K2 Essential - 19.5"" Monitor HD+ 1600x900 75Hz TN 6ms 200Nit HDMI VGA","https://dealdesk.fyi/deals/ebay-item-276594764420/","eBay","Electronics","true","2026-08-04","2026-08-28","2026-08-04","$55.79","55.79","$79.99","79.99","2026-08-04","2028-01-31","Refurbished · Free shipping"
"ebay-item-276594764420","Acer K2 Essential - 19.5"" Monitor HD+ 1600x900 75Hz TN 6ms 200Nit HDMI VGA","https://dealdesk.fyi/deals/ebay-item-276594764420/","eBay","Electronics","true","2026-08-04","2026-08-28","2026-08-11","$55.79","55.79","$79.99","79.99","2026-08-11","","Refurbished · Free shipping"
"ebay-item-276594764420","Acer K2 Essential - 19.5"" Monitor HD+ 1600x900 75Hz TN 6ms 200Nit HDMI VGA","https://dealdesk.fyi/deals/ebay-item-276594764420/","eBay","Electronics","true","2026-08-04","2026-08-28","2026-08-28","$56.99","56.99","$79.99","79.99","2026-08-28","","Refurbished · Free shipping"
"ebay-item-276635206123","SV29 Outsize Cordless Vacuum Cleaner | Nickel/Red | Refurbished","https://dealdesk.fyi/deals/ebay-item-276635206123/","eBay","Home & garden","true","2026-08-04","2026-08-31","2026-08-04","$279.99","279.99","$599.99","599.99","2026-08-04","2028-01-31","Refurbished · Free shipping"
"ebay-item-276635206123","SV29 Outsize Cordless Vacuum Cleaner | Nickel/Red | Refurbished","https://dealdesk.fyi/deals/ebay-item-276635206123/","eBay","Home & garden","true","2026-08-04","2026-08-31","2026-08-11","$299.99","299.99","$599.99","599.99","2026-08-11","","Refurbished · Free shipping"
"ebay-item-276635206123","SV29 Outsize Cordless Vacuum Cleaner | Nickel/Red | Refurbished","https://dealdesk.fyi/deals/ebay-item-276635206123/","eBay","Home & garden","true","2026-08-04","2026-08-31","2026-08-23","$239.99","239.99","$599.99","599.99","2026-08-23","","Refurbished · Free shipping"
"ebay-item-276635206123","SV29 Outsize Cordless Vacuum Cleaner | Nickel/Red | Refurbished","https://dealdesk.fyi/deals/ebay-item-276635206123/","eBay","Home & garden","true","2026-08-04","2026-08-31","2026-08-24","$279.99","279.99","$599.99","599.99","2026-08-24","","Refurbished · Free shipping"
"ebay-item-276635206123","SV29 Outsize Cordless Vacuum Cleaner | Nickel/Red | Refurbished","https://dealdesk.fyi/deals/ebay-item-276635206123/","eBay","Home & garden","true","2026-08-04","2026-08-31","2026-08-31","$299.99","299.99","$599.99","599.99","2026-08-31","","Refurbished · Free shipping"
"ebay-item-276646642466","Dyson TP4A Pure Cool™ tower purifier fan | White/Silver | Refurbished","https://dealdesk.fyi/deals/ebay-item-276646642466/","eBay","Home & garden","true","2026-08-04","2026-08-24","2026-08-04","$199.99","199.99","$549.99","549.99","2026-08-04","2028-01-31","Refurbished · Free shipping"
"ebay-item-276646642466","Dyson TP4A Pure Cool™ tower purifier fan | White/Silver | Refurbished","https://dealdesk.fyi/deals/ebay-item-276646642466/","eBay","Home & garden","true","2026-08-04","2026-08-24","2026-08-11","$199.99","199.99","$549.99","549.99","2026-08-11","","Refurbished · Free shipping"
"ebay-item-276646642466","Dyson TP4A Pure Cool™ tower purifier fan | White/Silver | Refurbished","https://dealdesk.fyi/deals/ebay-item-276646642466/","eBay","Home & garden","true","2026-08-04","2026-08-24","2026-08-23","$159.99","159.99","$549.99","549.99","2026-08-23","","Refurbished · Free shipping"
"ebay-item-276646642466","Dyson TP4A Pure Cool™ tower purifier fan | White/Silver | Refurbished","https://dealdesk.fyi/deals/ebay-item-276646642466/","eBay","Home & garden","true","2026-08-04","2026-08-24","2026-08-24","$199.99","199.99","$549.99","549.99","2026-08-24","","Refurbished · Free shipping"
"ebay-item-276668818214","Dyson V8 Absolute Cordless Vacuum | Silver/Nickel | Refurbished","https://dealdesk.fyi/deals/ebay-item-276668818214/","eBay","Home & garden","true","2026-08-04","2026-08-27","2026-08-04","$199.99","199.99","$589.99","589.99","2026-08-04","2028-01-31","Refurbished · Free shipping"
"ebay-item-276668818214","Dyson V8 Absolute Cordless Vacuum | Silver/Nickel | Refurbished","https://dealdesk.fyi/deals/ebay-item-276668818214/","eBay","Home & garden","true","2026-08-04","2026-08-27","2026-08-11","$239.99","239.99","$589.99","589.99","2026-08-11","","Refurbished · Free shipping"
"ebay-item-276668818214","Dyson V8 Absolute Cordless Vacuum | Silver/Nickel | Refurbished","https://dealdesk.fyi/deals/ebay-item-276668818214/","eBay","Home & garden","true","2026-08-04","2026-08-27","2026-08-23","$189.99","189.99","$589.99","589.99","2026-08-23","","Refurbished · Free shipping"
"ebay-item-276668818214","Dyson V8 Absolute Cordless Vacuum | Silver/Nickel | Refurbished","https://dealdesk.fyi/deals/ebay-item-276668818214/","eBay","Home & garden","true","2026-08-04","2026-08-27","2026-08-27","$199.99","199.99","$589.99","589.99","2026-08-27","","Refurbished · Free shipping"
"ebay-item-276785201004","9"" Compact Industrial Duty Earth Auger 2 9/16"" Round Drive Interchangeable Edges","https://dealdesk.fyi/deals/ebay-item-276785201004/","eBay","Business & industrial","true","2026-08-04","2026-08-11","2026-08-04","$299.99","299.99","","","2026-08-04","2026-12-31","Free shipping"
"ebay-item-276785201004","9"" Compact Industrial Duty Earth Auger 2 9/16"" Round Drive Interchangeable Edges","https://dealdesk.fyi/deals/ebay-item-276785201004/","eBay","Business & industrial","true","2026-08-04","2026-08-11","2026-08-11","$299.99","299.99","","","2026-08-11","","Free shipping"
"ebay-item-276785217142","12"" Compact Industrial Duty Earth Auger, 2 9/16"" Round Drive","https://dealdesk.fyi/deals/ebay-item-276785217142/","eBay","Business & industrial","true","2026-08-11","2026-08-11","2026-08-11","$369.99","369.99","","","2026-08-11","","Free shipping"
"ebay-item-276983924700","Dyson SV29 Outsize Extra Cordless Vacuum Cleaner | Nickel/Iron | Refurbished","https://dealdesk.fyi/deals/ebay-item-276983924700/","eBay","Home & garden","true","2026-08-04","2026-08-24","2026-08-04","$279.99","279.99","$599.99","599.99","2026-08-04","2028-01-31","Refurbished · Free shipping"
"ebay-item-276983924700","Dyson SV29 Outsize Extra Cordless Vacuum Cleaner | Nickel/Iron | Refurbished","https://dealdesk.fyi/deals/ebay-item-276983924700/","eBay","Home & garden","true","2026-08-04","2026-08-24","2026-08-11","$299.99","299.99","$599.99","599.99","2026-08-11","","Refurbished · Free shipping"
"ebay-item-276983924700","Dyson SV29 Outsize Extra Cordless Vacuum Cleaner | Nickel/Iron | Refurbished","https://dealdesk.fyi/deals/ebay-item-276983924700/","eBay","Home & garden","true","2026-08-04","2026-08-24","2026-08-23","$239.99","239.99","$599.99","599.99","2026-08-23","","Refurbished · Free shipping"
"ebay-item-276983924700","Dyson SV29 Outsize Extra Cordless Vacuum Cleaner | Nickel/Iron | Refurbished","https://dealdesk.fyi/deals/ebay-item-276983924700/","eBay","Home & garden","true","2026-08-04","2026-08-24","2026-08-24","$279.99","279.99","$599.99","599.99","2026-08-24","","Refurbished · Free shipping"
"ebay-item-277081411244","Dyson Purifier Cool™ TP7C Purifying Tower Fan | White/Silver | Refurbished","https://dealdesk.fyi/deals/ebay-item-277081411244/","eBay","Home & garden","true","2026-08-04","2026-08-11","2026-08-04","$459.99","459.99","$499.99","499.99","2026-08-04","2028-01-31","Refurbished · Free shipping"
"ebay-item-277081411244","Dyson Purifier Cool™ TP7C Purifying Tower Fan | White/Silver | Refurbished","https://dealdesk.fyi/deals/ebay-item-277081411244/","eBay","Home & garden","true","2026-08-04","2026-08-11","2026-08-11","$459.99","459.99","$499.99","499.99","2026-08-11","","Refurbished · Free shipping"
"ebay-item-277111167470-2560381572404","Dyson AM09 Hot + Cool Heater & Fan | Refurbished","https://dealdesk.fyi/deals/ebay-item-277111167470-2560381572404/","eBay","Home & garden","true","2026-08-04","2026-08-04","2026-08-04","$199.99","199.99","$449.99","449.99","2026-08-04","","Refurbished · Free shipping"
"ebay-item-277111167470-2560807862091","Dyson AM09 Hot + Cool Heater & Fan | Refurbished","https://dealdesk.fyi/deals/ebay-item-277111167470-2560807862091/","eBay","Home & garden","true","2026-08-11","2026-08-31","2026-08-11","$214.99","214.99","$499.99","499.99","2026-08-11","","Refurbished · Free shipping"
"ebay-item-277111167470-2560807862091","Dyson AM09 Hot + Cool Heater & Fan | Refurbished","https://dealdesk.fyi/deals/ebay-item-277111167470-2560807862091/","eBay","Home & garden","true","2026-08-11","2026-08-31","2026-08-23","$169.99","169.99","$499.99","499.99","2026-08-23","","Refurbished · Free shipping"
"ebay-item-277111167470-2560807862091","Dyson AM09 Hot + Cool Heater & Fan | Refurbished","https://dealdesk.fyi/deals/ebay-item-277111167470-2560807862091/","eBay","Home & garden","true","2026-08-11","2026-08-31","2026-08-24","$199.99","199.99","$499.99","499.99","2026-08-24","","Refurbished · Free shipping"
"ebay-item-277111167470-2560807862091","Dyson AM09 Hot + Cool Heater & Fan | Refurbished","https://dealdesk.fyi/deals/ebay-item-277111167470-2560807862091/","eBay","Home & garden","true","2026-08-11","2026-08-31","2026-08-31","$214.99","214.99","$499.99","499.99","2026-08-31","","Refurbished · Free shipping"
"ebay-item-277131242978","Dyson SV25 V8 Extra Cordless Vacuum | Purple | Refurbished","https://dealdesk.fyi/deals/ebay-item-277131242978/","eBay","Home & garden","true","2026-08-04","2026-08-23","2026-08-04","$199.99","199.99","$539.99","539.99","2026-08-04","2028-01-31","Refurbished · Free shipping"
"ebay-item-277131242978","Dyson SV25 V8 Extra Cordless Vacuum | Purple | Refurbished","https://dealdesk.fyi/deals/ebay-item-277131242978/","eBay","Home & garden","true","2026-08-04","2026-08-23","2026-08-11","$224.99","224.99","$539.99","539.99","2026-08-11","","Refurbished · Free shipping"
"ebay-item-277131242978","Dyson SV25 V8 Extra Cordless Vacuum | Purple | Refurbished","https://dealdesk.fyi/deals/ebay-item-277131242978/","eBay","Home & garden","true","2026-08-04","2026-08-23","2026-08-23","$179.99","179.99","$539.99","539.99","2026-08-23","","Refurbished · Free shipping"
"ebay-item-277151918843-2560860839003","Dyson HS06 Airstrait | Certified Refurbished","https://dealdesk.fyi/deals/ebay-item-277151918843-2560860839003/","eBay","Home & garden","true","2026-08-04","2026-08-11","2026-08-04","$249.99","249.99","$499.99","499.99","2026-08-04","2028-01-31","Refurbished · Free shipping"
"ebay-item-277151918843-2560860839003","Dyson HS06 Airstrait | Certified Refurbished","https://dealdesk.fyi/deals/ebay-item-277151918843-2560860839003/","eBay","Home & garden","true","2026-08-04","2026-08-11","2026-08-11","$264.99","264.99","$499.99","499.99","2026-08-11","","Refurbished · Free shipping"
"ebay-item-277197518830","Dyson SV25 V8 Extra Cordless Vacuum | Red | Refurbished","https://dealdesk.fyi/deals/ebay-item-277197518830/","eBay","Home & garden","true","2026-08-04","2026-08-31","2026-08-04","$199.99","199.99","$499.99","499.99","2026-08-04","2028-01-31","Refurbished · Free shipping"
"ebay-item-277197518830","Dyson SV25 V8 Extra Cordless Vacuum | Red | Refurbished","https://dealdesk.fyi/deals/ebay-item-277197518830/","eBay","Home & garden","true","2026-08-04","2026-08-31","2026-08-11","$224.99","224.99","$499.99","499.99","2026-08-11","","Refurbished · Free shipping"
"ebay-item-277197518830","Dyson SV25 V8 Extra Cordless Vacuum | Red | Refurbished","https://dealdesk.fyi/deals/ebay-item-277197518830/","eBay","Home & garden","true","2026-08-04","2026-08-31","2026-08-23","$179.99","179.99","$499.99","499.99","2026-08-23","","Refurbished · Free shipping"
"ebay-item-277197518830","Dyson SV25 V8 Extra Cordless Vacuum | Red | Refurbished","https://dealdesk.fyi/deals/ebay-item-277197518830/","eBay","Home & garden","true","2026-08-04","2026-08-31","2026-08-24","$199.99","199.99","$499.99","499.99","2026-08-24","","Refurbished · Free shipping"
"ebay-item-277197518830","Dyson SV25 V8 Extra Cordless Vacuum | Red | Refurbished","https://dealdesk.fyi/deals/ebay-item-277197518830/","eBay","Home & garden","true","2026-08-04","2026-08-31","2026-08-31","$224.99","224.99","$499.99","499.99","2026-08-31","","Refurbished · Free shipping"
"ebay-item-277300375424-2560761892152","Dyson Supersonic Nural™ hair dryer | Refurbished","https://dealdesk.fyi/deals/ebay-item-277300375424-2560761892152/","eBay","Home & garden","true","2026-08-04","2026-08-04","2026-08-04","$249.99","249.99","$449.99","449.99","2026-08-04","","Refurbished · Free shipping"
"ebay-item-277300375424-2560835445294","Dyson Supersonic Nural™ hair dryer | Refurbished","https://dealdesk.fyi/deals/ebay-item-277300375424-2560835445294/","eBay","Home & garden","true","2026-08-11","2026-08-11","2026-08-11","$289.99","289.99","$449.99","449.99","2026-08-11","","Refurbished · Free shipping"
"ebay-item-277354288014","Lenovo ThinkPad X13 Gen 2 WUXGA TOUCH 2.8G i7-1185G7 16GB 512GB Win 11 PRO","https://dealdesk.fyi/deals/ebay-item-277354288014/","eBay","Electronics","true","2026-08-11","2026-08-11","2026-08-11","$324.99","324.99","$699.99","699.99","2026-08-11","","Refurbished · Free shipping"
"ebay-item-277426426361","Dyson Purifier Humidify+Cool Formaldehyde™ PH04 | White/Gold | Refurbished","https://dealdesk.fyi/deals/ebay-item-277426426361/","eBay","Home & garden","true","2026-08-04","2026-08-31","2026-08-04","$399.99","399.99","$999.99","999.99","2026-08-04","2028-01-31","Refurbished · Free shipping"
"ebay-item-277426426361","Dyson Purifier Humidify+Cool Formaldehyde™ PH04 | White/Gold | Refurbished","https://dealdesk.fyi/deals/ebay-item-277426426361/","eBay","Home & garden","true","2026-08-04","2026-08-31","2026-08-11","$414.99","414.99","$999.99","999.99","2026-08-11","","Refurbished · Free shipping"
"ebay-item-277426426361","Dyson Purifier Humidify+Cool Formaldehyde™ PH04 | White/Gold | Refurbished","https://dealdesk.fyi/deals/ebay-item-277426426361/","eBay","Home & garden","true","2026-08-04","2026-08-31","2026-08-23","$329.99","329.99","$999.99","999.99","2026-08-23","","Refurbished · Free shipping"
"ebay-item-277426426361","Dyson Purifier Humidify+Cool Formaldehyde™ PH04 | White/Gold | Refurbished","https://dealdesk.fyi/deals/ebay-item-277426426361/","eBay","Home & garden","true","2026-08-04","2026-08-31","2026-08-24","$399.99","399.99","$999.99","999.99","2026-08-24","","Refurbished · Free shipping"
"ebay-item-277426426361","Dyson Purifier Humidify+Cool Formaldehyde™ PH04 | White/Gold | Refurbished","https://dealdesk.fyi/deals/ebay-item-277426426361/","eBay","Home & garden","true","2026-08-04","2026-08-31","2026-08-31","$414.99","414.99","$999.99","999.99","2026-08-31","","Refurbished · Free shipping"
"ebay-item-277471921016","Dyson V8 Origin Extra Cordless Vacuum | Blue | Refurbished","https://dealdesk.fyi/deals/ebay-item-277471921016/","eBay","Home & garden","true","2026-08-04","2026-08-31","2026-08-04","$179.99","179.99","$419.99","419.99","2026-08-04","2028-01-31","Refurbished · Free shipping"
"ebay-item-277471921016","Dyson V8 Origin Extra Cordless Vacuum | Blue | Refurbished","https://dealdesk.fyi/deals/ebay-item-277471921016/","eBay","Home & garden","true","2026-08-04","2026-08-31","2026-08-11","$214.99","214.99","$419.99","419.99","2026-08-11","","Refurbished · Free shipping"
"ebay-item-277471921016","Dyson V8 Origin Extra Cordless Vacuum | Blue | Refurbished","https://dealdesk.fyi/deals/ebay-item-277471921016/","eBay","Home & garden","true","2026-08-04","2026-08-31","2026-08-23","$169.99","169.99","$419.99","419.99","2026-08-23","","Refurbished · Free shipping"
"ebay-item-277471921016","Dyson V8 Origin Extra Cordless Vacuum | Blue | Refurbished","https://dealdesk.fyi/deals/ebay-item-277471921016/","eBay","Home & garden","true","2026-08-04","2026-08-31","2026-08-24","$179.99","179.99","$419.99","419.99","2026-08-24","","Refurbished · Free shipping"
"ebay-item-277471921016","Dyson V8 Origin Extra Cordless Vacuum | Blue | Refurbished","https://dealdesk.fyi/deals/ebay-item-277471921016/","eBay","Home & garden","true","2026-08-04","2026-08-31","2026-08-31","$214.99","214.99","$419.99","419.99","2026-08-31","","Refurbished · Free shipping"
"ebay-item-277472732832","Dyson V8 Origin Cordless Vacuum | Red | Refurbished","https://dealdesk.fyi/deals/ebay-item-277472732832/","eBay","Home & garden","true","2026-08-04","2026-08-31","2026-08-04","$179.99","179.99","$419.99","419.99","2026-08-04","2028-01-31","Refurbished · Free shipping"
"ebay-item-277472732832","Dyson V8 Origin Cordless Vacuum | Red | Refurbished","https://dealdesk.fyi/deals/ebay-item-277472732832/","eBay","Home & garden","true","2026-08-04","2026-08-31","2026-08-11","$214.99","214.99","$419.99","419.99","2026-08-11","","Refurbished · Free shipping"
"ebay-item-277472732832","Dyson V8 Origin Cordless Vacuum | Red | Refurbished","https://dealdesk.fyi/deals/ebay-item-277472732832/","eBay","Home & garden","true","2026-08-04","2026-08-31","2026-08-23","$169.99","169.99","$419.99","419.99","2026-08-23","","Refurbished · Free shipping"
"ebay-item-277472732832","Dyson V8 Origin Cordless Vacuum | Red | Refurbished","https://dealdesk.fyi/deals/ebay-item-277472732832/","eBay","Home & garden","true","2026-08-04","2026-08-31","2026-08-24","$179.99","179.99","$419.99","419.99","2026-08-24","","Refurbished · Free shipping"
"ebay-item-277472732832","Dyson V8 Origin Cordless Vacuum | Red | Refurbished","https://dealdesk.fyi/deals/ebay-item-277472732832/","eBay","Home & garden","true","2026-08-04","2026-08-31","2026-08-31","$214.99","214.99","$419.99","419.99","2026-08-31","","Refurbished · Free shipping"
"ebay-item-277497811444","Dyson Pure Humidify+Cool™ Purifying Humidifying Fan PH3A | White/Nickel |","https://dealdesk.fyi/deals/ebay-item-277497811444/","eBay","Home & garden","true","2026-08-04","2026-08-31","2026-08-04","$349.99","349.99","$799.99","799.99","2026-08-04","2028-01-31","Refurbished · Free shipping"
"ebay-item-277497811444","Dyson Pure Humidify+Cool™ Purifying Humidifying Fan PH3A | White/Nickel |","https://dealdesk.fyi/deals/ebay-item-277497811444/","eBay","Home & garden","true","2026-08-04","2026-08-31","2026-08-11","$399.99","399.99","$799.99","799.99","2026-08-11","","Refurbished · Free shipping"
"ebay-item-277497811444","Dyson Pure Humidify+Cool™ Purifying Humidifying Fan PH3A | White/Nickel |","https://dealdesk.fyi/deals/ebay-item-277497811444/","eBay","Home & garden","true","2026-08-04","2026-08-31","2026-08-23","$319.99","319.99","$799.99","799.99","2026-08-23","","Refurbished · Free shipping"
"ebay-item-277497811444","Dyson Pure Humidify+Cool™ Purifying Humidifying Fan PH3A | White/Nickel |","https://dealdesk.fyi/deals/ebay-item-277497811444/","eBay","Home & garden","true","2026-08-04","2026-08-31","2026-08-24","$349.99","349.99","$799.99","799.99","2026-08-24","","Refurbished · Free shipping"
"ebay-item-277497811444","Dyson Pure Humidify+Cool™ Purifying Humidifying Fan PH3A | White/Nickel |","https://dealdesk.fyi/deals/ebay-item-277497811444/","eBay","Home & garden","true","2026-08-04","2026-08-31","2026-08-31","$399.99","399.99","$799.99","799.99","2026-08-31","","Refurbished · Free shipping"
"ebay-item-277498218241","Dyson TP10 Purifier Cool | White/White | Refurbished","https://dealdesk.fyi/deals/ebay-item-277498218241/","eBay","Home & garden","true","2026-08-04","2026-08-11","2026-08-04","$249.99","249.99","$479.99","479.99","2026-08-04","2028-01-31","Refurbished · Free shipping"
"ebay-item-277498218241","Dyson TP10 Purifier Cool | White/White | Refurbished","https://dealdesk.fyi/deals/ebay-item-277498218241/","eBay","Home & garden","true","2026-08-04","2026-08-11","2026-08-11","$274.99","274.99","$479.99","479.99","2026-08-11","","Refurbished · Free shipping"
"ebay-item-277507318041","Dyson Pure Humidify+Cool™ Purifying Fan PH01 | White/Silver | Refurbished","https://dealdesk.fyi/deals/ebay-item-277507318041/","eBay","Home & garden","true","2026-08-04","2026-08-04","2026-08-04","$649.99","649.99","$819.99","819.99","2026-08-04","","Refurbished · Free shipping"
"ebay-item-277516544978","Dyson Pure Humidify+Cool™ Purifying Humidifying Fan PH01 | Black/Nickel |","https://dealdesk.fyi/deals/ebay-item-277516544978/","eBay","Home & garden","true","2026-08-04","2026-08-11","2026-08-04","$649.99","649.99","$819.99","819.99","2026-08-04","2028-01-31","Refurbished · Free shipping"
"ebay-item-277516544978","Dyson Pure Humidify+Cool™ Purifying Humidifying Fan PH01 | Black/Nickel |","https://dealdesk.fyi/deals/ebay-item-277516544978/","eBay","Home & garden","true","2026-08-04","2026-08-11","2026-08-11","$649.99","649.99","$819.99","819.99","2026-08-11","","Refurbished · Free shipping"
"ebay-item-277518618289","Lenovo ThinkPad L15 RYZEN 5 PRO 5650U gen 2 15.6"" 16GB 512GB Business Laptop","https://dealdesk.fyi/deals/ebay-item-277518618289/","eBay","Electronics","true","2026-08-04","2026-08-25","2026-08-04","$349.00","349","","","2026-08-04","","Refurbished · Free shipping"
"ebay-item-277518618289","Lenovo ThinkPad L15 RYZEN 5 PRO 5650U gen 2 15.6"" 16GB 512GB Business Laptop","https://dealdesk.fyi/deals/ebay-item-277518618289/","eBay","Electronics","true","2026-08-04","2026-08-25","2026-08-25","$375.00","375","","","2026-08-25","","Refurbished · Free shipping"
"ebay-item-277520789131","Dyson HS05 Airwrap Styler (Long) | Nickel/Copper l Refurbished","https://dealdesk.fyi/deals/ebay-item-277520789131/","eBay","Home & garden","true","2026-08-04","2026-08-31","2026-08-04","$379.99","379.99","$599.99","599.99","2026-08-04","2028-01-31","Refurbished · Free shipping"
"ebay-item-277520789131","Dyson HS05 Airwrap Styler (Long) | Nickel/Copper l Refurbished","https://dealdesk.fyi/deals/ebay-item-277520789131/","eBay","Home & garden","true","2026-08-04","2026-08-31","2026-08-11","$414.99","414.99","$599.99","599.99","2026-08-11","","Refurbished · Free shipping"
"ebay-item-277520789131","Dyson HS05 Airwrap Styler (Long) | Nickel/Copper l Refurbished","https://dealdesk.fyi/deals/ebay-item-277520789131/","eBay","Home & garden","true","2026-08-04","2026-08-31","2026-08-23","$329.99","329.99","$599.99","599.99","2026-08-23","","Refurbished · Free shipping"
"ebay-item-277520789131","Dyson HS05 Airwrap Styler (Long) | Nickel/Copper l Refurbished","https://dealdesk.fyi/deals/ebay-item-277520789131/","eBay","Home & garden","true","2026-08-04","2026-08-31","2026-08-24","$379.99","379.99","$599.99","599.99","2026-08-24","","Refurbished · Free shipping"
"ebay-item-277520789131","Dyson HS05 Airwrap Styler (Long) | Nickel/Copper l Refurbished","https://dealdesk.fyi/deals/ebay-item-277520789131/","eBay","Home & garden","true","2026-08-04","2026-08-31","2026-08-31","$414.99","414.99","$599.99","599.99","2026-08-31","","Refurbished · Free shipping"
"ebay-item-277667283075","Acer Aspire 16 AI 16"" Touch Snapdragon X Plus 120Hz 16GB 512GB SSD Win11 Refurb","https://dealdesk.fyi/deals/ebay-item-277667283075/","eBay","Electronics","true","2026-08-11","2026-08-11","2026-08-11","$520.25","520.25","$724.99","724.99","2026-08-11","","Refurbished · Free shipping"
"ebay-item-277667740460","Dyson V10 Absolute Cordless Vacuum | Black | Certified Refurbished","https://dealdesk.fyi/deals/ebay-item-277667740460/","eBay","Home & garden","true","2026-08-04","2026-08-31","2026-08-04","$299.99","299.99","$379.99","379.99","2026-08-04","2028-01-31","Refurbished · Free shipping"
"ebay-item-277667740460","Dyson V10 Absolute Cordless Vacuum | Black | Certified Refurbished","https://dealdesk.fyi/deals/ebay-item-277667740460/","eBay","Home & garden","true","2026-08-04","2026-08-31","2026-08-11","$364.99","364.99","$379.99","379.99","2026-08-11","","Refurbished · Free shipping"
"ebay-item-277667740460","Dyson V10 Absolute Cordless Vacuum | Black | Certified Refurbished","https://dealdesk.fyi/deals/ebay-item-277667740460/","eBay","Home & garden","true","2026-08-04","2026-08-31","2026-08-23","$289.99","289.99","$379.99","379.99","2026-08-23","","Refurbished · Free shipping"
"ebay-item-277667740460","Dyson V10 Absolute Cordless Vacuum | Black | Certified Refurbished","https://dealdesk.fyi/deals/ebay-item-277667740460/","eBay","Home & garden","true","2026-08-04","2026-08-31","2026-08-24","$299.99","299.99","$379.99","379.99","2026-08-24","","Refurbished · Free shipping"
"ebay-item-277667740460","Dyson V10 Absolute Cordless Vacuum | Black | Certified Refurbished","https://dealdesk.fyi/deals/ebay-item-277667740460/","eBay","Home & garden","true","2026-08-04","2026-08-31","2026-08-31","$364.99","364.99","$379.99","379.99","2026-08-31","","Refurbished · Free shipping"
"ebay-item-277667740756","Dyson PH02 Pure Humidify + Cool Cryptomic™ | Gunmetal/Bronze | Refurbished","https://dealdesk.fyi/deals/ebay-item-277667740756/","eBay","Home & garden","true","2026-08-04","2026-08-31","2026-08-04","$359.99","359.99","$899.99","899.99","2026-08-04","2028-01-31","Refurbished · Free shipping"
"ebay-item-277667740756","Dyson PH02 Pure Humidify + Cool Cryptomic™ | Gunmetal/Bronze | Refurbished","https://dealdesk.fyi/deals/ebay-item-277667740756/","eBay","Home & garden","true","2026-08-04","2026-08-31","2026-08-11","$414.99","414.99","$899.99","899.99","2026-08-11","","Refurbished · Free shipping"
"ebay-item-277667740756","Dyson PH02 Pure Humidify + Cool Cryptomic™ | Gunmetal/Bronze | Refurbished","https://dealdesk.fyi/deals/ebay-item-277667740756/","eBay","Home & garden","true","2026-08-04","2026-08-31","2026-08-23","$329.99","329.99","$899.99","899.99","2026-08-23","","Refurbished · Free shipping"
"ebay-item-277667740756","Dyson PH02 Pure Humidify + Cool Cryptomic™ | Gunmetal/Bronze | Refurbished","https://dealdesk.fyi/deals/ebay-item-277667740756/","eBay","Home & garden","true","2026-08-04","2026-08-31","2026-08-24","$359.99","359.99","$899.99","899.99","2026-08-24","","Refurbished · Free shipping"
"ebay-item-277667740756","Dyson PH02 Pure Humidify + Cool Cryptomic™ | Gunmetal/Bronze | Refurbished","https://dealdesk.fyi/deals/ebay-item-277667740756/","eBay","Home & garden","true","2026-08-04","2026-08-31","2026-08-31","$414.99","414.99","$899.99","899.99","2026-08-31","","Refurbished · Free shipping"
"ebay-item-277719757635","Dyson Outsize Plus Extra Cordless Vacuum Cleaner | Nickel | Refurbished","https://dealdesk.fyi/deals/ebay-item-277719757635/","eBay","Home & garden","true","2026-08-04","2026-08-31","2026-08-04","$279.99","279.99","$599.99","599.99","2026-08-04","2028-01-31","Refurbished · Free shipping"
"ebay-item-277719757635","Dyson Outsize Plus Extra Cordless Vacuum Cleaner | Nickel | Refurbished","https://dealdesk.fyi/deals/ebay-item-277719757635/","eBay","Home & garden","true","2026-08-04","2026-08-31","2026-08-11","$299.99","299.99","$599.99","599.99","2026-08-11","","Refurbished · Free shipping"
"ebay-item-277719757635","Dyson Outsize Plus Extra Cordless Vacuum Cleaner | Nickel | Refurbished","https://dealdesk.fyi/deals/ebay-item-277719757635/","eBay","Home & garden","true","2026-08-04","2026-08-31","2026-08-23","$239.99","239.99","$599.99","599.99","2026-08-23","","Refurbished · Free shipping"
"ebay-item-277719757635","Dyson Outsize Plus Extra Cordless Vacuum Cleaner | Nickel | Refurbished","https://dealdesk.fyi/deals/ebay-item-277719757635/","eBay","Home & garden","true","2026-08-04","2026-08-31","2026-08-24","$279.99","279.99","$599.99","599.99","2026-08-24","","Refurbished · Free shipping"
"ebay-item-277719757635","Dyson Outsize Plus Extra Cordless Vacuum Cleaner | Nickel | Refurbished","https://dealdesk.fyi/deals/ebay-item-277719757635/","eBay","Home & garden","true","2026-08-04","2026-08-31","2026-08-31","$299.99","299.99","$599.99","599.99","2026-08-31","","Refurbished · Free shipping"
"ebay-item-277742528926","Dyson TP07 Purifier Cool™ Connected Fan | Black | Refurbished","https://dealdesk.fyi/deals/ebay-item-277742528926/","eBay","Home & garden","true","2026-08-04","2026-08-31","2026-08-04","$359.99","359.99","$649.99","649.99","2026-08-04","2028-01-31","Refurbished · Free shipping"
"ebay-item-277742528926","Dyson TP07 Purifier Cool™ Connected Fan | Black | Refurbished","https://dealdesk.fyi/deals/ebay-item-277742528926/","eBay","Home & garden","true","2026-08-04","2026-08-31","2026-08-11","$389.99","389.99","$649.99","649.99","2026-08-11","","Refurbished · Free shipping"
"ebay-item-277742528926","Dyson TP07 Purifier Cool™ Connected Fan | Black | Refurbished","https://dealdesk.fyi/deals/ebay-item-277742528926/","eBay","Home & garden","true","2026-08-04","2026-08-31","2026-08-23","$309.99","309.99","$649.99","649.99","2026-08-23","","Refurbished · Free shipping"
"ebay-item-277742528926","Dyson TP07 Purifier Cool™ Connected Fan | Black | Refurbished","https://dealdesk.fyi/deals/ebay-item-277742528926/","eBay","Home & garden","true","2026-08-04","2026-08-31","2026-08-24","$359.99","359.99","$649.99","649.99","2026-08-24","","Refurbished · Free shipping"
"ebay-item-277742528926","Dyson TP07 Purifier Cool™ Connected Fan | Black | Refurbished","https://dealdesk.fyi/deals/ebay-item-277742528926/","eBay","Home & garden","true","2026-08-04","2026-08-31","2026-08-31","$389.99","389.99","$649.99","649.99","2026-08-31","","Refurbished · Free shipping"
"ebay-item-277755845674","Dyson V11 Plus Extra | Purple | Refurbished","https://dealdesk.fyi/deals/ebay-item-277755845674/","eBay","Home & garden","true","2026-08-04","2026-08-31","2026-08-04","$319.99","319.99","$599.99","599.99","2026-08-04","2028-01-31","Refurbished · Free shipping"
"ebay-item-277755845674","Dyson V11 Plus Extra | Purple | Refurbished","https://dealdesk.fyi/deals/ebay-item-277755845674/","eBay","Home & garden","true","2026-08-04","2026-08-31","2026-08-11","$364.99","364.99","$599.99","599.99","2026-08-11","","Refurbished · Free shipping"
"ebay-item-277755845674","Dyson V11 Plus Extra | Purple | Refurbished","https://dealdesk.fyi/deals/ebay-item-277755845674/","eBay","Home & garden","true","2026-08-04","2026-08-31","2026-08-23","$289.99","289.99","$599.99","599.99","2026-08-23","","Refurbished · Free shipping"
"ebay-item-277755845674","Dyson V11 Plus Extra | Purple | Refurbished","https://dealdesk.fyi/deals/ebay-item-277755845674/","eBay","Home & garden","true","2026-08-04","2026-08-31","2026-08-31","$364.99","364.99","$599.99","599.99","2026-08-31","","Refurbished · Free shipping"
"ebay-item-277755845699","Dyson Pure Hot+Cool™ Purifying Heating Fan HP04 | Nickel/Silver | Refurbished","https://dealdesk.fyi/deals/ebay-item-277755845699/","eBay","Home & garden","true","2026-08-04","2026-08-31","2026-08-04","$299.99","299.99","$649.99","649.99","2026-08-04","2028-01-31","Refurbished · Free shipping"
"ebay-item-277755845699","Dyson Pure Hot+Cool™ Purifying Heating Fan HP04 | Nickel/Silver | Refurbished","https://dealdesk.fyi/deals/ebay-item-277755845699/","eBay","Home & garden","true","2026-08-04","2026-08-31","2026-08-11","$314.99","314.99","$649.99","649.99","2026-08-11","","Refurbished · Free shipping"
"ebay-item-277755845699","Dyson Pure Hot+Cool™ Purifying Heating Fan HP04 | Nickel/Silver | Refurbished","https://dealdesk.fyi/deals/ebay-item-277755845699/","eBay","Home & garden","true","2026-08-04","2026-08-31","2026-08-23","$249.99","249.99","$649.99","649.99","2026-08-23","","Refurbished · Free shipping"
"ebay-item-277755845699","Dyson Pure Hot+Cool™ Purifying Heating Fan HP04 | Nickel/Silver | Refurbished","https://dealdesk.fyi/deals/ebay-item-277755845699/","eBay","Home & garden","true","2026-08-04","2026-08-31","2026-08-24","$299.99","299.99","$649.99","649.99","2026-08-24","","Refurbished · Free shipping"
"ebay-item-277755845699","Dyson Pure Hot+Cool™ Purifying Heating Fan HP04 | Nickel/Silver | Refurbished","https://dealdesk.fyi/deals/ebay-item-277755845699/","eBay","Home & garden","true","2026-08-04","2026-08-31","2026-08-31","$314.99","314.99","$649.99","649.99","2026-08-31","","Refurbished · Free shipping"
"ebay-item-277755845714","Dyson Purifier Cool Gen1 TP10 purifying fan | White/Silver | Refurbished","https://dealdesk.fyi/deals/ebay-item-277755845714/","eBay","Home & garden","true","2026-08-04","2026-08-31","2026-08-04","$249.99","249.99","$479.99","479.99","2026-08-04","2028-01-31","Refurbished · Free shipping"
"ebay-item-277755845714","Dyson Purifier Cool Gen1 TP10 purifying fan | White/Silver | Refurbished","https://dealdesk.fyi/deals/ebay-item-277755845714/","eBay","Home & garden","true","2026-08-04","2026-08-31","2026-08-11","$274.99","274.99","$479.99","479.99","2026-08-11","","Refurbished · Free shipping"
"ebay-item-277755845714","Dyson Purifier Cool Gen1 TP10 purifying fan | White/Silver | Refurbished","https://dealdesk.fyi/deals/ebay-item-277755845714/","eBay","Home & garden","true","2026-08-04","2026-08-31","2026-08-23","$219.99","219.99","$479.99","479.99","2026-08-23","","Refurbished · Free shipping"
"ebay-item-277755845714","Dyson Purifier Cool Gen1 TP10 purifying fan | White/Silver | Refurbished","https://dealdesk.fyi/deals/ebay-item-277755845714/","eBay","Home & garden","true","2026-08-04","2026-08-31","2026-08-24","$249.99","249.99","$479.99","479.99","2026-08-24","","Refurbished · Free shipping"
"ebay-item-277755845714","Dyson Purifier Cool Gen1 TP10 purifying fan | White/Silver | Refurbished","https://dealdesk.fyi/deals/ebay-item-277755845714/","eBay","Home & garden","true","2026-08-04","2026-08-31","2026-08-31","$274.99","274.99","$479.99","479.99","2026-08-31","","Refurbished · Free shipping"
"ebay-item-277769465576","SV28 V11 Extra Cordless Vacuum Cleaner | Iron | Refurbished","https://dealdesk.fyi/deals/ebay-item-277769465576/","eBay","Home & garden","true","2026-08-04","2026-08-31","2026-08-04","$319.99","319.99","$659.99","659.99","2026-08-04","2028-01-31","Refurbished · Free shipping"
"ebay-item-277769465576","SV28 V11 Extra Cordless Vacuum Cleaner | Iron | Refurbished","https://dealdesk.fyi/deals/ebay-item-277769465576/","eBay","Home & garden","true","2026-08-04","2026-08-31","2026-08-11","$364.99","364.99","$659.99","659.99","2026-08-11","","Refurbished · Free shipping"
"ebay-item-277769465576","SV28 V11 Extra Cordless Vacuum Cleaner | Iron | Refurbished","https://dealdesk.fyi/deals/ebay-item-277769465576/","eBay","Home & garden","true","2026-08-04","2026-08-31","2026-08-23","$289.99","289.99","$659.99","659.99","2026-08-23","","Refurbished · Free shipping"
"ebay-item-277769465576","SV28 V11 Extra Cordless Vacuum Cleaner | Iron | Refurbished","https://dealdesk.fyi/deals/ebay-item-277769465576/","eBay","Home & garden","true","2026-08-04","2026-08-31","2026-08-31","$364.99","364.99","$659.99","659.99","2026-08-31","","Refurbished · Free shipping"
"ebay-item-277787969099","Dyson Supersonic™ (3 attachments)  | Prussian Blue/Rich Copper | Refurbished","https://dealdesk.fyi/deals/ebay-item-277787969099/","eBay","Home & garden","true","2026-08-04","2026-08-31","2026-08-04","$219.99","219.99","$429.99","429.99","2026-08-04","2028-01-31","Refurbished · Free shipping"
"ebay-item-277787969099","Dyson Supersonic™ (3 attachments)  | Prussian Blue/Rich Copper | Refurbished","https://dealdesk.fyi/deals/ebay-item-277787969099/","eBay","Home & garden","true","2026-08-04","2026-08-31","2026-08-11","$239.99","239.99","$429.99","429.99","2026-08-11","","Refurbished · Free shipping"
"ebay-item-277787969099","Dyson Supersonic™ (3 attachments)  | Prussian Blue/Rich Copper | Refurbished","https://dealdesk.fyi/deals/ebay-item-277787969099/","eBay","Home & garden","true","2026-08-04","2026-08-31","2026-08-23","$189.99","189.99","$429.99","429.99","2026-08-23","","Refurbished · Free shipping"
"ebay-item-277787969099","Dyson Supersonic™ (3 attachments)  | Prussian Blue/Rich Copper | Refurbished","https://dealdesk.fyi/deals/ebay-item-277787969099/","eBay","Home & garden","true","2026-08-04","2026-08-31","2026-08-24","$219.99","219.99","$429.99","429.99","2026-08-24","","Refurbished · Free shipping"
"ebay-item-277787969099","Dyson Supersonic™ (3 attachments)  | Prussian Blue/Rich Copper | Refurbished","https://dealdesk.fyi/deals/ebay-item-277787969099/","eBay","Home & garden","true","2026-08-04","2026-08-31","2026-08-31","$239.99","239.99","$429.99","429.99","2026-08-31","","Refurbished · Free shipping"
"ebay-item-277791608774","Dyson V11 Extra Cordless Vacuum Cleaner | Blue | Refurbished","https://dealdesk.fyi/deals/ebay-item-277791608774/","eBay","Home & garden","true","2026-08-04","2026-08-31","2026-08-04","$319.99","319.99","$599.99","599.99","2026-08-04","2028-01-31","Refurbished · Free shipping"
"ebay-item-277791608774","Dyson V11 Extra Cordless Vacuum Cleaner | Blue | Refurbished","https://dealdesk.fyi/deals/ebay-item-277791608774/","eBay","Home & garden","true","2026-08-04","2026-08-31","2026-08-11","$364.99","364.99","$599.99","599.99","2026-08-11","","Refurbished · Free shipping"
"ebay-item-277791608774","Dyson V11 Extra Cordless Vacuum Cleaner | Blue | Refurbished","https://dealdesk.fyi/deals/ebay-item-277791608774/","eBay","Home & garden","true","2026-08-04","2026-08-31","2026-08-23","$289.99","289.99","$599.99","599.99","2026-08-23","","Refurbished · Free shipping"
"ebay-item-277791608774","Dyson V11 Extra Cordless Vacuum Cleaner | Blue | Refurbished","https://dealdesk.fyi/deals/ebay-item-277791608774/","eBay","Home & garden","true","2026-08-04","2026-08-31","2026-08-24","$319.99","319.99","$599.99","599.99","2026-08-24","","Refurbished · Free shipping"
"ebay-item-277791608774","Dyson V11 Extra Cordless Vacuum Cleaner | Blue | Refurbished","https://dealdesk.fyi/deals/ebay-item-277791608774/","eBay","Home & garden","true","2026-08-04","2026-08-31","2026-08-31","$364.99","364.99","$599.99","599.99","2026-08-31","","Refurbished · Free shipping"
"ebay-item-277861113726","SV16 V11 Outsize Cordless Vacuum Cleaner | Nickel | Refurbished","https://dealdesk.fyi/deals/ebay-item-277861113726/","eBay","Home & garden","true","2026-08-04","2026-08-31","2026-08-04","$339.99","339.99","$849.99","849.99","2026-08-04","2028-01-31","Refurbished · Free shipping"
"ebay-item-277861113726","SV16 V11 Outsize Cordless Vacuum Cleaner | Nickel | Refurbished","https://dealdesk.fyi/deals/ebay-item-277861113726/","eBay","Home & garden","true","2026-08-04","2026-08-31","2026-08-11","$364.99","364.99","$849.99","849.99","2026-08-11","","Refurbished · Free shipping"
"ebay-item-277861113726","SV16 V11 Outsize Cordless Vacuum Cleaner | Nickel | Refurbished","https://dealdesk.fyi/deals/ebay-item-277861113726/","eBay","Home & garden","true","2026-08-04","2026-08-31","2026-08-23","$289.99","289.99","$849.99","849.99","2026-08-23","","Refurbished · Free shipping"
"ebay-item-277861113726","SV16 V11 Outsize Cordless Vacuum Cleaner | Nickel | Refurbished","https://dealdesk.fyi/deals/ebay-item-277861113726/","eBay","Home & garden","true","2026-08-04","2026-08-31","2026-08-24","$339.99","339.99","$849.99","849.99","2026-08-24","","Refurbished · Free shipping"
"ebay-item-277861113726","SV16 V11 Outsize Cordless Vacuum Cleaner | Nickel | Refurbished","https://dealdesk.fyi/deals/ebay-item-277861113726/","eBay","Home & garden","true","2026-08-04","2026-08-31","2026-08-31","$364.99","364.99","$849.99","849.99","2026-08-31","","Refurbished · Free shipping"
"ebay-item-277900722042","Dyson HP04 Pure Hot + Cool Purifier | Nickel | Refurbished","https://dealdesk.fyi/deals/ebay-item-277900722042/","eBay","Home & garden","true","2026-08-04","2026-08-31","2026-08-04","$299.99","299.99","$649.99","649.99","2026-08-04","2028-01-31","Refurbished · Free shipping"
"ebay-item-277900722042","Dyson HP04 Pure Hot + Cool Purifier | Nickel | Refurbished","https://dealdesk.fyi/deals/ebay-item-277900722042/","eBay","Home & garden","true","2026-08-04","2026-08-31","2026-08-11","$314.99","314.99","$649.99","649.99","2026-08-11","","Refurbished · Free shipping"
"ebay-item-277900722042","Dyson HP04 Pure Hot + Cool Purifier | Nickel | Refurbished","https://dealdesk.fyi/deals/ebay-item-277900722042/","eBay","Home & garden","true","2026-08-04","2026-08-31","2026-08-23","$249.99","249.99","$649.99","649.99","2026-08-23","","Refurbished · Free shipping"
"ebay-item-277900722042","Dyson HP04 Pure Hot + Cool Purifier | Nickel | Refurbished","https://dealdesk.fyi/deals/ebay-item-277900722042/","eBay","Home & garden","true","2026-08-04","2026-08-31","2026-08-24","$299.99","299.99","$649.99","649.99","2026-08-24","","Refurbished · Free shipping"
"ebay-item-277900722042","Dyson HP04 Pure Hot + Cool Purifier | Nickel | Refurbished","https://dealdesk.fyi/deals/ebay-item-277900722042/","eBay","Home & garden","true","2026-08-04","2026-08-31","2026-08-31","$314.99","314.99","$649.99","649.99","2026-08-31","","Refurbished · Free shipping"
"ebay-item-277917490550","HP ProBook 445 G8 14"" AMD Ryzen 5 5600U 2.3GHz 16GB RAM 512GB SSD Silver, Good","https://dealdesk.fyi/deals/ebay-item-277917490550/","eBay","Electronics","true","2026-08-04","2026-08-04","2026-08-04","$249.98","249.98","","","2026-08-04","","Refurbished · Free shipping"
"ebay-item-277922293329-2560860938882","Dyson Corrale™ Origin Styler Straightener | Refurbished","https://dealdesk.fyi/deals/ebay-item-277922293329-2560860938882/","eBay","Home & garden","true","2026-08-11","2026-08-11","2026-08-11","$189.99","189.99","$499.99","499.99","2026-08-11","","Refurbished · Free shipping"
"ebay-item-277944344269","Dyson Gen5outsize Cordless Vacuum | Nickel/Blue | Refurbished","https://dealdesk.fyi/deals/ebay-item-277944344269/","eBay","Home & garden","true","2026-08-04","2026-08-31","2026-08-04","$599.99","599.99","$1,149.99","1149.99","2026-08-04","2028-01-31","Refurbished · Free shipping"
"ebay-item-277944344269","Dyson Gen5outsize Cordless Vacuum | Nickel/Blue | Refurbished","https://dealdesk.fyi/deals/ebay-item-277944344269/","eBay","Home & garden","true","2026-08-04","2026-08-31","2026-08-11","$689.99","689.99","$1149.99","1149.99","2026-08-11","","Refurbished · Free shipping"
"ebay-item-277944344269","Dyson Gen5outsize Cordless Vacuum | Nickel/Blue | Refurbished","https://dealdesk.fyi/deals/ebay-item-277944344269/","eBay","Home & garden","true","2026-08-04","2026-08-31","2026-08-23","$549.99","549.99","$1149.99","1149.99","2026-08-23","","Refurbished · Free shipping"
"ebay-item-277944344269","Dyson Gen5outsize Cordless Vacuum | Nickel/Blue | Refurbished","https://dealdesk.fyi/deals/ebay-item-277944344269/","eBay","Home & garden","true","2026-08-04","2026-08-31","2026-08-24","$599.99","599.99","$1149.99","1149.99","2026-08-24","","Refurbished · Free shipping"
"ebay-item-277944344269","Dyson Gen5outsize Cordless Vacuum | Nickel/Blue | Refurbished","https://dealdesk.fyi/deals/ebay-item-277944344269/","eBay","Home & garden","true","2026-08-04","2026-08-31","2026-08-31","$689.99","689.99","$1149.99","1149.99","2026-08-31","","Refurbished · Free shipping"
"ebay-item-277946898910","V11 Outsize Cordless Vacuum Cleaner | Red | Refurbished","https://dealdesk.fyi/deals/ebay-item-277946898910/","eBay","Home & garden","true","2026-08-04","2026-08-31","2026-08-04","$339.99","339.99","$849.99","849.99","2026-08-04","2028-01-31","Refurbished · Free shipping"
"ebay-item-277946898910","V11 Outsize Cordless Vacuum Cleaner | Red | Refurbished","https://dealdesk.fyi/deals/ebay-item-277946898910/","eBay","Home & garden","true","2026-08-04","2026-08-31","2026-08-11","$364.99","364.99","$849.99","849.99","2026-08-11","","Refurbished · Free shipping"
"ebay-item-277946898910","V11 Outsize Cordless Vacuum Cleaner | Red | Refurbished","https://dealdesk.fyi/deals/ebay-item-277946898910/","eBay","Home & garden","true","2026-08-04","2026-08-31","2026-08-23","$289.99","289.99","$849.99","849.99","2026-08-23","","Refurbished · Free shipping"
"ebay-item-277946898910","V11 Outsize Cordless Vacuum Cleaner | Red | Refurbished","https://dealdesk.fyi/deals/ebay-item-277946898910/","eBay","Home & garden","true","2026-08-04","2026-08-31","2026-08-24","$339.99","339.99","$849.99","849.99","2026-08-24","","Refurbished · Free shipping"
"ebay-item-277946898910","V11 Outsize Cordless Vacuum Cleaner | Red | Refurbished","https://dealdesk.fyi/deals/ebay-item-277946898910/","eBay","Home & garden","true","2026-08-04","2026-08-31","2026-08-31","$364.99","364.99","$849.99","849.99","2026-08-31","","Refurbished · Free shipping"
"ebay-item-277970132863","Dyson V11 Complete Cordless Vacuum Cleaner | Iron | Refurbished","https://dealdesk.fyi/deals/ebay-item-277970132863/","eBay","Home & garden","true","2026-08-04","2026-08-31","2026-08-04","$319.99","319.99","$699.99","699.99","2026-08-04","2028-01-31","Refurbished · Free shipping"
"ebay-item-277970132863","Dyson V11 Complete Cordless Vacuum Cleaner | Iron | Refurbished","https://dealdesk.fyi/deals/ebay-item-277970132863/","eBay","Home & garden","true","2026-08-04","2026-08-31","2026-08-11","$364.99","364.99","$699.99","699.99","2026-08-11","","Refurbished · Free shipping"
"ebay-item-277970132863","Dyson V11 Complete Cordless Vacuum Cleaner | Iron | Refurbished","https://dealdesk.fyi/deals/ebay-item-277970132863/","eBay","Home & garden","true","2026-08-04","2026-08-31","2026-08-23","$289.99","289.99","$699.99","699.99","2026-08-23","","Refurbished · Free shipping"
"ebay-item-277970132863","Dyson V11 Complete Cordless Vacuum Cleaner | Iron | Refurbished","https://dealdesk.fyi/deals/ebay-item-277970132863/","eBay","Home & garden","true","2026-08-04","2026-08-31","2026-08-24","$319.99","319.99","$699.99","699.99","2026-08-24","","Refurbished · Free shipping"
"ebay-item-277970132863","Dyson V11 Complete Cordless Vacuum Cleaner | Iron | Refurbished","https://dealdesk.fyi/deals/ebay-item-277970132863/","eBay","Home & garden","true","2026-08-04","2026-08-31","2026-08-31","$364.99","364.99","$699.99","699.99","2026-08-31","","Refurbished · Free shipping"
"ebay-item-277978845688","Motorola Moto G 5G [XT2213] 64GB - Fully GSM Unlocked - Moonlight Gray - Fair","https://dealdesk.fyi/deals/ebay-item-277978845688/","eBay","Electronics","true","2026-08-04","2026-08-04","2026-08-04","$59.95","59.95","","","2026-08-04","","Refurbished · Free shipping"
"ebay-item-278003083150","Lenovo ThinkPad X1 Yoga Gen 6 14.0"" FHD IPS Touch i7-1185g7 32GB RAM 512GB LTE","https://dealdesk.fyi/deals/ebay-item-278003083150/","eBay","Electronics","true","2026-08-04","2026-08-11","2026-08-04","$499.99","499.99","$899.99","899.99","2026-08-04","2027-08-31","Refurbished · Free shipping"
"ebay-item-278003083150","Lenovo ThinkPad X1 Yoga Gen 6 14.0"" FHD IPS Touch i7-1185g7 32GB RAM 512GB LTE","https://dealdesk.fyi/deals/ebay-item-278003083150/","eBay","Electronics","true","2026-08-04","2026-08-11","2026-08-11","$499.99","499.99","$899.99","899.99","2026-08-11","","Refurbished · Free shipping"
"ebay-item-278027291246","Dyson Airwrap™ Complete (Long) Diffuse | Prussian Blue/Copper | Refurbished","https://dealdesk.fyi/deals/ebay-item-278027291246/","eBay","Home & garden","true","2026-08-04","2026-08-31","2026-08-04","$379.99","379.99","$599.99","599.99","2026-08-04","2028-01-31","Refurbished · Free shipping"
"ebay-item-278027291246","Dyson Airwrap™ Complete (Long) Diffuse | Prussian Blue/Copper | Refurbished","https://dealdesk.fyi/deals/ebay-item-278027291246/","eBay","Home & garden","true","2026-08-04","2026-08-31","2026-08-11","$414.99","414.99","$599.99","599.99","2026-08-11","","Refurbished · Free shipping"
"ebay-item-278027291246","Dyson Airwrap™ Complete (Long) Diffuse | Prussian Blue/Copper | Refurbished","https://dealdesk.fyi/deals/ebay-item-278027291246/","eBay","Home & garden","true","2026-08-04","2026-08-31","2026-08-23","$329.99","329.99","$599.99","599.99","2026-08-23","","Refurbished · Free shipping"
"ebay-item-278027291246","Dyson Airwrap™ Complete (Long) Diffuse | Prussian Blue/Copper | Refurbished","https://dealdesk.fyi/deals/ebay-item-278027291246/","eBay","Home & garden","true","2026-08-04","2026-08-31","2026-08-24","$379.99","379.99","$599.99","599.99","2026-08-24","","Refurbished · Free shipping"
"ebay-item-278027291246","Dyson Airwrap™ Complete (Long) Diffuse | Prussian Blue/Copper | Refurbished","https://dealdesk.fyi/deals/ebay-item-278027291246/","eBay","Home & garden","true","2026-08-04","2026-08-31","2026-08-31","$414.99","414.99","$599.99","599.99","2026-08-31","","Refurbished · Free shipping"
"ebay-item-278031452690","Dyson Airwrap i.d.™ multi-styler Straight+Wavy | Amber Silk | Refurbished","https://dealdesk.fyi/deals/ebay-item-278031452690/","eBay","Home & garden","true","2026-08-11","2026-08-31","2026-08-11","$414.99","414.99","$649.99","649.99","2026-08-11","","Refurbished · Free shipping"
"ebay-item-278031452690","Dyson Airwrap i.d.™ multi-styler Straight+Wavy | Amber Silk | Refurbished","https://dealdesk.fyi/deals/ebay-item-278031452690/","eBay","Home & garden","true","2026-08-11","2026-08-31","2026-08-23","$329.99","329.99","$649.99","649.99","2026-08-23","","Refurbished · Free shipping"
"ebay-item-278031452690","Dyson Airwrap i.d.™ multi-styler Straight+Wavy | Amber Silk | Refurbished","https://dealdesk.fyi/deals/ebay-item-278031452690/","eBay","Home & garden","true","2026-08-11","2026-08-31","2026-08-24","$379.99","379.99","$649.99","649.99","2026-08-24","","Refurbished · Free shipping"
"ebay-item-278031452690","Dyson Airwrap i.d.™ multi-styler Straight+Wavy | Amber Silk | Refurbished","https://dealdesk.fyi/deals/ebay-item-278031452690/","eBay","Home & garden","true","2026-08-11","2026-08-31","2026-08-31","$414.99","414.99","$649.99","649.99","2026-08-31","","Refurbished · Free shipping"
"ebay-item-278031492239","Dyson Airwrap i.d.™ multi-styler Straight+Wavy | Vinca Blue/Topaz |","https://dealdesk.fyi/deals/ebay-item-278031492239/","eBay","Home & garden","true","2026-08-11","2026-08-31","2026-08-11","$414.99","414.99","$649.99","649.99","2026-08-11","","Refurbished · Free shipping"
"ebay-item-278031492239","Dyson Airwrap i.d.™ multi-styler Straight+Wavy | Vinca Blue/Topaz |","https://dealdesk.fyi/deals/ebay-item-278031492239/","eBay","Home & garden","true","2026-08-11","2026-08-31","2026-08-23","$329.99","329.99","$649.99","649.99","2026-08-23","","Refurbished · Free shipping"
"ebay-item-278031492239","Dyson Airwrap i.d.™ multi-styler Straight+Wavy | Vinca Blue/Topaz |","https://dealdesk.fyi/deals/ebay-item-278031492239/","eBay","Home & garden","true","2026-08-11","2026-08-31","2026-08-24","$379.99","379.99","$649.99","649.99","2026-08-24","","Refurbished · Free shipping"
"ebay-item-278031492239","Dyson Airwrap i.d.™ multi-styler Straight+Wavy | Vinca Blue/Topaz |","https://dealdesk.fyi/deals/ebay-item-278031492239/","eBay","Home & garden","true","2026-08-11","2026-08-31","2026-08-31","$414.99","414.99","$649.99","649.99","2026-08-31","","Refurbished · Free shipping"
"ebay-item-278094982512","Lenovo Legion 7i 15.6 240Hz FHD i7-10750H 2.60GHz 32GB 2TB RTX 2070 Super Max-Q","https://dealdesk.fyi/deals/ebay-item-278094982512/","eBay","Electronics","true","2026-08-11","2026-08-11","2026-08-11","$799.99","799.99","","","2026-08-11","","Refurbished · Free shipping"
"ebay-item-278117089574","SV28 V11 Complete Cordless Vacuum Cleaner | Blue | Refurbished","https://dealdesk.fyi/deals/ebay-item-278117089574/","eBay","Home & garden","true","2026-08-04","2026-08-31","2026-08-04","$319.99","319.99","$699.99","699.99","2026-08-04","2028-01-31","Refurbished · Free shipping"
"ebay-item-278117089574","SV28 V11 Complete Cordless Vacuum Cleaner | Blue | Refurbished","https://dealdesk.fyi/deals/ebay-item-278117089574/","eBay","Home & garden","true","2026-08-04","2026-08-31","2026-08-11","$364.99","364.99","$699.99","699.99","2026-08-11","","Refurbished · Free shipping"
"ebay-item-278117089574","SV28 V11 Complete Cordless Vacuum Cleaner | Blue | Refurbished","https://dealdesk.fyi/deals/ebay-item-278117089574/","eBay","Home & garden","true","2026-08-04","2026-08-31","2026-08-23","$289.99","289.99","$699.99","699.99","2026-08-23","","Refurbished · Free shipping"
"ebay-item-278117089574","SV28 V11 Complete Cordless Vacuum Cleaner | Blue | Refurbished","https://dealdesk.fyi/deals/ebay-item-278117089574/","eBay","Home & garden","true","2026-08-04","2026-08-31","2026-08-24","$319.99","319.99","$699.99","699.99","2026-08-24","","Refurbished · Free shipping"
"ebay-item-278117089574","SV28 V11 Complete Cordless Vacuum Cleaner | Blue | Refurbished","https://dealdesk.fyi/deals/ebay-item-278117089574/","eBay","Home & garden","true","2026-08-04","2026-08-31","2026-08-31","$364.99","364.99","$699.99","699.99","2026-08-31","","Refurbished · Free shipping"
"ebay-item-278127792245-2560900301377","Dyson HD07 Supersonic Origin - Refurbished","https://dealdesk.fyi/deals/ebay-item-278127792245-2560900301377/","eBay","Home & garden","true","2026-08-04","2026-08-24","2026-08-04","$209.99","209.99","$429.99","429.99","2026-08-04","","Refurbished · Free shipping"
"ebay-item-278127792245-2560900301377","Dyson HD07 Supersonic Origin - Refurbished","https://dealdesk.fyi/deals/ebay-item-278127792245-2560900301377/","eBay","Home & garden","true","2026-08-04","2026-08-24","2026-08-23","$199.99","199.99","$429.99","429.99","2026-08-23","","Refurbished · Free shipping"
"ebay-item-278127792245-2560900301377","Dyson HD07 Supersonic Origin - Refurbished","https://dealdesk.fyi/deals/ebay-item-278127792245-2560900301377/","eBay","Home & garden","true","2026-08-04","2026-08-24","2026-08-24","$209.99","209.99","$429.99","429.99","2026-08-24","","Refurbished · Free shipping"
"ebay-item-278163840365","Dyson HS03 Corrale Straightener | Purple/Black | Refurbished","https://dealdesk.fyi/deals/ebay-item-278163840365/","eBay","Home & garden","true","2026-08-11","2026-08-11","2026-08-11","$449.99","449.99","$499.99","499.99","2026-08-11","","Refurbished · Free shipping"
"ebay-item-278178839791","Dyson Digital Slim cordless vacuum | Iron/Nickel | Refurbished","https://dealdesk.fyi/deals/ebay-item-278178839791/","eBay","Home & garden","true","2026-08-04","2026-08-24","2026-08-04","$249.99","249.99","$499.99","499.99","2026-08-04","2028-01-31","Refurbished · Free shipping"
"ebay-item-278178839791","Dyson Digital Slim cordless vacuum | Iron/Nickel | Refurbished","https://dealdesk.fyi/deals/ebay-item-278178839791/","eBay","Home & garden","true","2026-08-04","2026-08-24","2026-08-11","$249.99","249.99","$499.99","499.99","2026-08-11","","Refurbished · Free shipping"
"ebay-item-278178839791","Dyson Digital Slim cordless vacuum | Iron/Nickel | Refurbished","https://dealdesk.fyi/deals/ebay-item-278178839791/","eBay","Home & garden","true","2026-08-04","2026-08-24","2026-08-23","$199.99","199.99","$499.99","499.99","2026-08-23","","Refurbished · Free shipping"
"ebay-item-278178839791","Dyson Digital Slim cordless vacuum | Iron/Nickel | Refurbished","https://dealdesk.fyi/deals/ebay-item-278178839791/","eBay","Home & garden","true","2026-08-04","2026-08-24","2026-08-24","$249.99","249.99","$499.99","499.99","2026-08-24","","Refurbished · Free shipping"
"ebay-item-278178839832","Dyson V9 Motorbar™ Vacuum | Dark Nickel/Gloss Nickel | Refurbished","https://dealdesk.fyi/deals/ebay-item-278178839832/","eBay","Home & garden","true","2026-08-04","2026-08-31","2026-08-04","$299.99","299.99","$599.99","599.99","2026-08-04","2028-01-31","Refurbished · Free shipping"
"ebay-item-278178839832","Dyson V9 Motorbar™ Vacuum | Dark Nickel/Gloss Nickel | Refurbished","https://dealdesk.fyi/deals/ebay-item-278178839832/","eBay","Home & garden","true","2026-08-04","2026-08-31","2026-08-11","$314.99","314.99","$599.99","599.99","2026-08-11","","Refurbished · Free shipping"
"ebay-item-278178839832","Dyson V9 Motorbar™ Vacuum | Dark Nickel/Gloss Nickel | Refurbished","https://dealdesk.fyi/deals/ebay-item-278178839832/","eBay","Home & garden","true","2026-08-04","2026-08-31","2026-08-23","$249.99","249.99","$599.99","599.99","2026-08-23","","Refurbished · Free shipping"
"ebay-item-278178839832","Dyson V9 Motorbar™ Vacuum | Dark Nickel/Gloss Nickel | Refurbished","https://dealdesk.fyi/deals/ebay-item-278178839832/","eBay","Home & garden","true","2026-08-04","2026-08-31","2026-08-31","$314.99","314.99","$599.99","599.99","2026-08-31","","Refurbished · Free shipping"
"ebay-item-278178850793","Dyson V9 Submarine Extra Cordless Wet and Dry Vacuum | Nickel | Refurbished","https://dealdesk.fyi/deals/ebay-item-278178850793/","eBay","Home & garden","true","2026-08-04","2026-08-31","2026-08-04","$279.99","279.99","$599.99","599.99","2026-08-04","2028-01-31","Refurbished · Free shipping"
"ebay-item-278178850793","Dyson V9 Submarine Extra Cordless Wet and Dry Vacuum | Nickel | Refurbished","https://dealdesk.fyi/deals/ebay-item-278178850793/","eBay","Home & garden","true","2026-08-04","2026-08-31","2026-08-11","$314.99","314.99","$599.99","599.99","2026-08-11","","Refurbished · Free shipping"
"ebay-item-278178850793","Dyson V9 Submarine Extra Cordless Wet and Dry Vacuum | Nickel | Refurbished","https://dealdesk.fyi/deals/ebay-item-278178850793/","eBay","Home & garden","true","2026-08-04","2026-08-31","2026-08-23","$249.99","249.99","$599.99","599.99","2026-08-23","","Refurbished · Free shipping"
"ebay-item-278178850793","Dyson V9 Submarine Extra Cordless Wet and Dry Vacuum | Nickel | Refurbished","https://dealdesk.fyi/deals/ebay-item-278178850793/","eBay","Home & garden","true","2026-08-04","2026-08-31","2026-08-31","$314.99","314.99","$599.99","599.99","2026-08-31","","Refurbished · Free shipping"
"ebay-item-278210914436-2560930014349","Dyson Purifier Hot+Cool™ Gen1 HP10 | Refurbished","https://dealdesk.fyi/deals/ebay-item-278210914436-2560930014349/","eBay","Home & garden","true","2026-08-04","2026-08-31","2026-08-04","$279.99","279.99","$529.99","529.99","2026-08-04","2028-01-31","Refurbished · Free shipping"
"ebay-item-278210914436-2560930014349","Dyson Purifier Hot+Cool™ Gen1 HP10 | Refurbished","https://dealdesk.fyi/deals/ebay-item-278210914436-2560930014349/","eBay","Home & garden","true","2026-08-04","2026-08-31","2026-08-11","$289.99","289.99","$529.99","529.99","2026-08-11","","Refurbished · Free shipping"
"ebay-item-278210914436-2560930014349","Dyson Purifier Hot+Cool™ Gen1 HP10 | Refurbished","https://dealdesk.fyi/deals/ebay-item-278210914436-2560930014349/","eBay","Home & garden","true","2026-08-04","2026-08-31","2026-08-23","$229.99","229.99","$529.99","529.99","2026-08-23","","Refurbished · Free shipping"
"ebay-item-278210914436-2560930014349","Dyson Purifier Hot+Cool™ Gen1 HP10 | Refurbished","https://dealdesk.fyi/deals/ebay-item-278210914436-2560930014349/","eBay","Home & garden","true","2026-08-04","2026-08-31","2026-08-24","$279.99","279.99","$529.99","529.99","2026-08-24","","Refurbished · Free shipping"
"ebay-item-278210914436-2560930014349","Dyson Purifier Hot+Cool™ Gen1 HP10 | Refurbished","https://dealdesk.fyi/deals/ebay-item-278210914436-2560930014349/","eBay","Home & garden","true","2026-08-04","2026-08-31","2026-08-31","$289.99","289.99","$529.99","529.99","2026-08-31","","Refurbished · Free shipping"
"ebay-item-278211184906","Lenovo ThinkBook 14 Gen 2 FHD TOUCH i7-1165G7 2.80GHz 16GB 512GB SSD Very Good","https://dealdesk.fyi/deals/ebay-item-278211184906/","eBay","Electronics","true","2026-08-04","2026-08-04","2026-08-04","$289.99","289.99","","","2026-08-04","","Refurbished · Free shipping"
"ebay-item-278212001041-2560930276349","Dyson Supersonic Nural™ Origin hair dryer | Refurbished","https://dealdesk.fyi/deals/ebay-item-278212001041-2560930276349/","eBay","Home & garden","true","2026-08-04","2026-08-31","2026-08-04","$229.99","229.99","$449.99","449.99","2026-08-04","2028-01-31","Refurbished · Free shipping"
"ebay-item-278212001041-2560930276349","Dyson Supersonic Nural™ Origin hair dryer | Refurbished","https://dealdesk.fyi/deals/ebay-item-278212001041-2560930276349/","eBay","Home & garden","true","2026-08-04","2026-08-31","2026-08-11","$264.99","264.99","$449.99","449.99","2026-08-11","","Refurbished · Free shipping"
"ebay-item-278212001041-2560930276349","Dyson Supersonic Nural™ Origin hair dryer | Refurbished","https://dealdesk.fyi/deals/ebay-item-278212001041-2560930276349/","eBay","Home & garden","true","2026-08-04","2026-08-31","2026-08-23","$209.99","209.99","$449.99","449.99","2026-08-23","","Refurbished · Free shipping"
"ebay-item-278212001041-2560930276349","Dyson Supersonic Nural™ Origin hair dryer | Refurbished","https://dealdesk.fyi/deals/ebay-item-278212001041-2560930276349/","eBay","Home & garden","true","2026-08-04","2026-08-31","2026-08-24","$229.99","229.99","$449.99","449.99","2026-08-24","","Refurbished · Free shipping"
"ebay-item-278212001041-2560930276349","Dyson Supersonic Nural™ Origin hair dryer | Refurbished","https://dealdesk.fyi/deals/ebay-item-278212001041-2560930276349/","eBay","Home & garden","true","2026-08-04","2026-08-31","2026-08-31","$264.99","264.99","$449.99","449.99","2026-08-31","","Refurbished · Free shipping"
"ebay-item-278212908333","Dyson V8 Cordless Vacuum | Silver | Refurbished","https://dealdesk.fyi/deals/ebay-item-278212908333/","eBay","Home & garden","true","2026-08-04","2026-08-27","2026-08-04","$189.99","189.99","$539.99","539.99","2026-08-04","2028-01-31","Refurbished · Free shipping"
"ebay-item-278212908333","Dyson V8 Cordless Vacuum | Silver | Refurbished","https://dealdesk.fyi/deals/ebay-item-278212908333/","eBay","Home & garden","true","2026-08-04","2026-08-27","2026-08-11","$224.99","224.99","$539.99","539.99","2026-08-11","","Refurbished · Free shipping"
"ebay-item-278212908333","Dyson V8 Cordless Vacuum | Silver | Refurbished","https://dealdesk.fyi/deals/ebay-item-278212908333/","eBay","Home & garden","true","2026-08-04","2026-08-27","2026-08-23","$179.99","179.99","$539.99","539.99","2026-08-23","","Refurbished · Free shipping"
"ebay-item-278212908333","Dyson V8 Cordless Vacuum | Silver | Refurbished","https://dealdesk.fyi/deals/ebay-item-278212908333/","eBay","Home & garden","true","2026-08-04","2026-08-27","2026-08-27","$189.99","189.99","$539.99","539.99","2026-08-27","","Refurbished · Free shipping"
"ebay-item-278219263716","2025 ONE PIECE PROMOS BVB X ONE PIECE MATCH DAY 2025 #003 MONKEY D. LUFFY PSA 9","https://dealdesk.fyi/deals/ebay-item-278219263716/","eBay","Toys & hobbies","true","2026-08-11","2026-08-11","2026-08-11","$650.00","650","","","2026-08-11","","Free shipping"
"ebay-item-278234146827","Mega Charizard X ex 125/094 ES SPANISH Phantasmal Flames Holo POKEMON","https://dealdesk.fyi/deals/ebay-item-278234146827/","eBay","Toys & hobbies","true","2026-08-04","2026-08-04","2026-08-04","$609.99","609.99","","","2026-08-04","","Pre-Owned · Free shipping"
"ebay-item-278238256123","Pookiemoot  ummbreedme #0197","https://dealdesk.fyi/deals/ebay-item-278238256123/","eBay","Collectibles","true","2026-08-11","2026-08-11","2026-08-11","$300.00","300","","","2026-08-11","","Pre-Owned"
"ebay-item-278245385457","2025 Topps Sapphire Marvel Studios Vincent D'Onofrio/Mayor Wilson Fisk Auto /25","https://dealdesk.fyi/deals/ebay-item-278245385457/","eBay","Collectibles","true","2026-08-04","2026-08-04","2026-08-04","$350.00","350","","","2026-08-04","","Pre-Owned"
"ebay-item-278245428716","Anti Venom /25 Orange Marvel Chrome 2026","https://dealdesk.fyi/deals/ebay-item-278245428716/","eBay","Collectibles","true","2026-08-04","2026-08-04","2026-08-04","$350.00","350","","","2026-08-04","","Pre-Owned"
"ebay-item-278245522961","2025 Topps Chrome Disney MICKEY MOUSE 190 Sorcerer’s Apprentice Refractor PSA 10","https://dealdesk.fyi/deals/ebay-item-278245522961/","eBay","Collectibles","true","2026-08-04","2026-08-04","2026-08-04","$299.00","299","","","2026-08-04","","Confirm condition, shipping, seller, and availability on eBay"
"ebay-item-278245626696","2024 Panini Donruss Downtown! #11 Jj Mccarthy PSA 8","https://dealdesk.fyi/deals/ebay-item-278245626696/","eBay","Sports collectibles","true","2026-08-04","2026-08-04","2026-08-04","$299.95","299.95","","","2026-08-04","","Confirm condition, shipping, seller, and availability on eBay"
"ebay-item-278246901009","PSA 10 One Piece Card Roronoa Zoro Flagship Battle Top 8 Promo ST21-015 Japan","https://dealdesk.fyi/deals/ebay-item-278246901009/","eBay","Toys & hobbies","true","2026-08-11","2026-08-26","2026-08-11","$500.00","500","","","2026-08-11","","Free shipping"
"ebay-item-278246901009","PSA 10 One Piece Card Roronoa Zoro Flagship Battle Top 8 Promo ST21-015 Japan","https://dealdesk.fyi/deals/ebay-item-278246901009/","eBay","Toys & hobbies","true","2026-08-11","2026-08-26","2026-08-24","$450.00","450","","","2026-08-24","","Free shipping"
"ebay-item-278246901009","PSA 10 One Piece Card Roronoa Zoro Flagship Battle Top 8 Promo ST21-015 Japan","https://dealdesk.fyi/deals/ebay-item-278246901009/","eBay","Toys & hobbies","true","2026-08-11","2026-08-26","2026-08-26","$400.00","400","","","2026-08-26","","Free shipping"
"ebay-item-278251422612","Mega Charizard X ex 125/094 ES SPANISH Phantasmal Flames Holo POKEMON","https://dealdesk.fyi/deals/ebay-item-278251422612/","eBay","Toys & hobbies","true","2026-08-11","2026-08-11","2026-08-11","$599.99","599.99","","","2026-08-11","","Pre-Owned · Free shipping"
"ebay-item-278254382583-2560947335187","Dyson Airwrap i.d.™ multi-styler Curly+Coily | Refurbished","https://dealdesk.fyi/deals/ebay-item-278254382583-2560947335187/","eBay","Home & garden","true","2026-08-11","2026-08-24","2026-08-11","$424.99","424.99","$649.99","649.99","2026-08-11","","Refurbished · Free shipping"
"ebay-item-278254382583-2560947335187","Dyson Airwrap i.d.™ multi-styler Curly+Coily | Refurbished","https://dealdesk.fyi/deals/ebay-item-278254382583-2560947335187/","eBay","Home & garden","true","2026-08-11","2026-08-24","2026-08-23","$329.99","329.99","$649.99","649.99","2026-08-23","","Refurbished · Free shipping"
"ebay-item-278254382583-2560947335187","Dyson Airwrap i.d.™ multi-styler Curly+Coily | Refurbished","https://dealdesk.fyi/deals/ebay-item-278254382583-2560947335187/","eBay","Home & garden","true","2026-08-11","2026-08-24","2026-08-24","$379.99","379.99","$649.99","649.99","2026-08-24","","Refurbished · Free shipping"
"ebay-item-278256522746","MacBook Pro 16 Touch Bar Space Gray 2019 2.4GHz i9 64GB 2TB SSD Radeon Pro 5500M","https://dealdesk.fyi/deals/ebay-item-278256522746/","eBay","Electronics","true","2026-08-11","2026-08-11","2026-08-11","$619.99","619.99","","","2026-08-11","","Refurbished · Free shipping"
"ebay-item-278258976799","Mega Charizard X ex 125/094 ES SPANISH Phantasmal Flames Holo POKEMON","https://dealdesk.fyi/deals/ebay-item-278258976799/","eBay","Toys & hobbies","true","2026-08-11","2026-08-11","2026-08-11","$589.99","589.99","","","2026-08-11","","Pre-Owned · Free shipping"
"ebay-item-278267463774","1926 W512 #3a Ty Cobb HOF Detroit SGC A Authentic C98270","https://dealdesk.fyi/deals/ebay-item-278267463774/","eBay","Sports collectibles","true","2026-08-11","2026-08-11","2026-08-11","$749.99","749.99","","","2026-08-11","","Free shipping"
"ebay-item-278268500705","Upper Deck Reflections 2004 Michael Jordan Bulls #23G Serial #241/500 Insert","https://dealdesk.fyi/deals/ebay-item-278268500705/","eBay","Sports collectibles","true","2026-08-11","2026-08-11","2026-08-11","$600.00","600","","","2026-08-11","","Pre-Owned"
"ebay-item-284273213577","Worx 20V (2) PC MAKERX Combo: Rotary Tool + Wood/Metal Crafter (WX988L)-CR","https://dealdesk.fyi/deals/ebay-item-284273213577/","eBay","Home & garden","true","2026-08-04","2026-08-11","2026-08-04","$109.99","109.99","$219.99","219.99","2026-08-04","2027-05-31","Refurbished · Free shipping"
"ebay-item-284273213577","Worx 20V (2) PC MAKERX Combo: Rotary Tool + Wood/Metal Crafter (WX988L)-CR","https://dealdesk.fyi/deals/ebay-item-284273213577/","eBay","Home & garden","true","2026-08-04","2026-08-11","2026-08-11","$109.99","109.99","$219.99","219.99","2026-08-11","","Refurbished · Free shipping"
"ebay-item-284356610245","WX744L.9 Worx 20V MAKERX Wood & Metal Crafter - Battery / Hub Not Included-CR","https://dealdesk.fyi/deals/ebay-item-284356610245/","eBay","Home & garden","true","2026-08-04","2026-08-11","2026-08-04","$29.99","29.99","$81.99","81.99","2026-08-04","2027-05-31","Refurbished · Free shipping"
"ebay-item-284356610245","WX744L.9 Worx 20V MAKERX Wood & Metal Crafter - Battery / Hub Not Included-CR","https://dealdesk.fyi/deals/ebay-item-284356610245/","eBay","Home & garden","true","2026-08-04","2026-08-11","2026-08-11","$29.99","29.99","$81.99","81.99","2026-08-11","","Refurbished · Free shipping"
"ebay-item-284362942742","WX739L.9 Worx 20V MAKERX Rotary Tool Kit - Battery / Hub Not included  CR","https://dealdesk.fyi/deals/ebay-item-284362942742/","eBay","Home & garden","true","2026-08-04","2026-08-11","2026-08-04","$34.99","34.99","$84.99","84.99","2026-08-04","2027-05-31","Refurbished · Free shipping"
"ebay-item-284362942742","WX739L.9 Worx 20V MAKERX Rotary Tool Kit - Battery / Hub Not included  CR","https://dealdesk.fyi/deals/ebay-item-284362942742/","eBay","Home & garden","true","2026-08-04","2026-08-11","2026-08-11","$34.99","34.99","$84.99","84.99","2026-08-11","","Refurbished · Free shipping"
"ebay-item-284516783882","WX746L.9 WORX 20V MAKERX Hot Glue Gun - Tool Only - CR","https://dealdesk.fyi/deals/ebay-item-284516783882/","eBay","Home & garden","true","2026-08-04","2026-08-11","2026-08-04","$27.99","27.99","$59.99","59.99","2026-08-04","2027-05-31","Refurbished · Free shipping"
"ebay-item-284516783882","WX746L.9 WORX 20V MAKERX Hot Glue Gun - Tool Only - CR","https://dealdesk.fyi/deals/ebay-item-284516783882/","eBay","Home & garden","true","2026-08-04","2026-08-11","2026-08-11","$27.99","27.99","$59.99","59.99","2026-08-11","","Refurbished · Free shipping"
"ebay-item-285380809169","Makita AN454-R 1-3/4"" Pneumatic Coil Roofing Nailer Certified Refurbished","https://dealdesk.fyi/deals/ebay-item-285380809169/","eBay","Home & garden","true","2026-08-04","2026-08-31","2026-08-04","$169.00","169","$419.99","419.99","2026-08-04","2026-09-30","Refurbished · Free shipping"
"ebay-item-285380809169","Makita AN454-R 1-3/4"" Pneumatic Coil Roofing Nailer Certified Refurbished","https://dealdesk.fyi/deals/ebay-item-285380809169/","eBay","Home & garden","true","2026-08-04","2026-08-31","2026-08-11","$179.00","179","$419.99","419.99","2026-08-11","","Refurbished · Free shipping"
"ebay-item-285380809169","Makita AN454-R 1-3/4"" Pneumatic Coil Roofing Nailer Certified Refurbished","https://dealdesk.fyi/deals/ebay-item-285380809169/","eBay","Home & garden","true","2026-08-04","2026-08-31","2026-08-23","$160.99","160.99","$419.99","419.99","2026-08-23","","Refurbished · Free shipping"
"ebay-item-285380809169","Makita AN454-R 1-3/4"" Pneumatic Coil Roofing Nailer Certified Refurbished","https://dealdesk.fyi/deals/ebay-item-285380809169/","eBay","Home & garden","true","2026-08-04","2026-08-31","2026-08-31","$180.24","180.24","$419.99","419.99","2026-08-31","","Refurbished · Free shipping"
"ebay-item-285534531688","Nintendo Switch with Neon Blue and Red Joy‑Cons and Super Mario Wonder Bundle","https://dealdesk.fyi/deals/ebay-item-285534531688/","eBay","Electronics","true","2026-08-04","2026-08-11","2026-08-04","$399.99","399.99","","","2026-08-04","2027-04-29","Free shipping"
"ebay-item-285534531688","Nintendo Switch with Neon Blue and Red Joy‑Cons and Super Mario Wonder Bundle","https://dealdesk.fyi/deals/ebay-item-285534531688/","eBay","Electronics","true","2026-08-04","2026-08-11","2026-08-11","$399.99","399.99","","","2026-08-11","","Free shipping"
"ebay-item-285543959016","Sony PlayStation 5 DualSense Wireless Controller - Cobalt Blue","https://dealdesk.fyi/deals/ebay-item-285543959016/","eBay","Electronics","true","2026-08-04","2026-08-11","2026-08-04","$79.99","79.99","","","2026-08-04","2027-04-29","Free shipping"
"ebay-item-285543959016","Sony PlayStation 5 DualSense Wireless Controller - Cobalt Blue","https://dealdesk.fyi/deals/ebay-item-285543959016/","eBay","Electronics","true","2026-08-04","2026-08-11","2026-08-11","$79.99","79.99","","","2026-08-11","","Free shipping"
"ebay-item-285587296185","NEW Nintendo Switch OLED 64GB Neon Console SP Bundle + 🛫 2-Day Shipping! 🛬","https://dealdesk.fyi/deals/ebay-item-285587296185/","eBay","Electronics","true","2026-08-04","2026-08-11","2026-08-04","$329.99","329.99","$399.99","399.99","2026-08-04","2027-04-29","NEW Nintendo Switch OLED 64GB Neon Console SP Bundle + 🛫 2-Day Shipping! 🛬"
"ebay-item-285587296185","NEW Nintendo Switch OLED 64GB Neon Console SP Bundle + 🛫 2-Day Shipping! 🛬","https://dealdesk.fyi/deals/ebay-item-285587296185/","eBay","Electronics","true","2026-08-04","2026-08-11","2026-08-11","$329.99","329.99","$399.99","399.99","2026-08-11","","NEW Nintendo Switch OLED 64GB Neon Console SP Bundle + 🛫 2-Day Shipping! 🛬"
"ebay-item-285772594436","Nintendo Switch OLED 64GB White Console + 🛡️ Screen Protector & SD Card Bundle","https://dealdesk.fyi/deals/ebay-item-285772594436/","eBay","Electronics","true","2026-08-04","2026-08-11","2026-08-04","$279.99","279.99","$399.99","399.99","2026-08-04","2027-04-29","Refurbished · Free shipping"
"ebay-item-285772594436","Nintendo Switch OLED 64GB White Console + 🛡️ Screen Protector & SD Card Bundle","https://dealdesk.fyi/deals/ebay-item-285772594436/","eBay","Electronics","true","2026-08-04","2026-08-11","2026-08-11","$279.99","279.99","$399.99","399.99","2026-08-11","","Refurbished · Free shipping"
"ebay-item-285772640116","Nintendo Switch OLED 64GB Splatoon Ed. + 1-Year Warranty + SD & Screen Protector","https://dealdesk.fyi/deals/ebay-item-285772640116/","eBay","Electronics","true","2026-08-04","2026-08-11","2026-08-04","$329.99","329.99","$419.99","419.99","2026-08-04","2027-04-29","Refurbished · Free shipping"
"ebay-item-285772640116","Nintendo Switch OLED 64GB Splatoon Ed. + 1-Year Warranty + SD & Screen Protector","https://dealdesk.fyi/deals/ebay-item-285772640116/","eBay","Electronics","true","2026-08-04","2026-08-11","2026-08-11","$329.99","329.99","$419.99","419.99","2026-08-11","","Refurbished · Free shipping"
"ebay-item-285821535599","Apple MacBook Air 13 2020 M1 8-Core CPU 7-Core GPU 8GB 256GB Space Gray - Good","https://dealdesk.fyi/deals/ebay-item-285821535599/","eBay","Electronics","true","2026-08-11","2026-08-11","2026-08-11","$339.99","339.99","","","2026-08-11","","Refurbished · Free shipping"
"ebay-item-285828211173","Makita JV0600KR 120V 6.5A Top Handle Corded Jig Saw Certified Refurbished","https://dealdesk.fyi/deals/ebay-item-285828211173/","eBay","Home & garden","true","2026-08-04","2026-08-31","2026-08-04","$98.39","98.39","$129.99","129.99","2026-08-04","2026-09-30","Refurbished · Free shipping"
"ebay-item-285828211173","Makita JV0600KR 120V 6.5A Top Handle Corded Jig Saw Certified Refurbished","https://dealdesk.fyi/deals/ebay-item-285828211173/","eBay","Home & garden","true","2026-08-04","2026-08-31","2026-08-11","$98.39","98.39","$129.99","129.99","2026-08-11","","Refurbished · Free shipping"
"ebay-item-285828211173","Makita JV0600KR 120V 6.5A Top Handle Corded Jig Saw Certified Refurbished","https://dealdesk.fyi/deals/ebay-item-285828211173/","eBay","Home & garden","true","2026-08-04","2026-08-31","2026-08-31","$92.73","92.73","$129.99","129.99","2026-08-31","","Refurbished · Free shipping"
"ebay-item-286014554031","Snakebyte GamePad Pro X Controller for Xbox Series X and PC (White)","https://dealdesk.fyi/deals/ebay-item-286014554031/","eBay","Electronics","true","2026-08-04","2026-08-23","2026-08-04","$19.09","19.09","$129.99","129.99","2026-08-04","2028-01-31","Refurbished · Free shipping"
"ebay-item-286014554031","Snakebyte GamePad Pro X Controller for Xbox Series X and PC (White)","https://dealdesk.fyi/deals/ebay-item-286014554031/","eBay","Electronics","true","2026-08-04","2026-08-23","2026-08-11","$19.09","19.09","$129.99","129.99","2026-08-11","","Refurbished · Free shipping"
"ebay-item-286014554031","Snakebyte GamePad Pro X Controller for Xbox Series X and PC (White)","https://dealdesk.fyi/deals/ebay-item-286014554031/","eBay","Electronics","true","2026-08-04","2026-08-23","2026-08-23","$18.99","18.99","$129.99","129.99","2026-08-23","","Refurbished · Free shipping"
"ebay-item-286094942833","Makita AF506-R 18-Gauge 2"" Pneumatic Brad Nailer Certified Refurbished","https://dealdesk.fyi/deals/ebay-item-286094942833/","eBay","Home & garden","true","2026-08-04","2026-08-31","2026-08-04","$74.47","74.47","$199.00","199","2026-08-04","2026-09-30","Refurbished · Free shipping"
"ebay-item-286094942833","Makita AF506-R 18-Gauge 2"" Pneumatic Brad Nailer Certified Refurbished","https://dealdesk.fyi/deals/ebay-item-286094942833/","eBay","Home & garden","true","2026-08-04","2026-08-31","2026-08-11","$74.47","74.47","$199.00","199","2026-08-11","","Refurbished · Free shipping"
"ebay-item-286094942833","Makita AF506-R 18-Gauge 2"" Pneumatic Brad Nailer Certified Refurbished","https://dealdesk.fyi/deals/ebay-item-286094942833/","eBay","Home & garden","true","2026-08-04","2026-08-31","2026-08-31","$77.02","77.02","$199.00","199","2026-08-31","","Refurbished · Free shipping"
"ebay-item-286100401201","Makita AT1150AR 16-Ga 7/16"" Medium Air Crown Stapler Certified Refurbished","https://dealdesk.fyi/deals/ebay-item-286100401201/","eBay","Home & garden","true","2026-08-04","2026-08-11","2026-08-04","$166.59","166.59","$207.99","207.99","2026-08-04","2026-09-30","Refurbished · Free shipping"
"ebay-item-286100401201","Makita AT1150AR 16-Ga 7/16"" Medium Air Crown Stapler Certified Refurbished","https://dealdesk.fyi/deals/ebay-item-286100401201/","eBay","Home & garden","true","2026-08-04","2026-08-11","2026-08-11","$179.00","179","$207.99","207.99","2026-08-11","","Refurbished · Free shipping"
"ebay-item-286101111453","Lenovo ThinkPad Yoga 11e Gen 6 Laptop 11.6” Core i5 8GB RAM 256GB SSD Win 11 Pro","https://dealdesk.fyi/deals/ebay-item-286101111453/","eBay","Electronics","true","2026-08-04","2026-08-11","2026-08-04","$188.08","188.08","","","2026-08-04","2028-01-31","Refurbished · Free shipping"
"ebay-item-286101111453","Lenovo ThinkPad Yoga 11e Gen 6 Laptop 11.6” Core i5 8GB RAM 256GB SSD Win 11 Pro","https://dealdesk.fyi/deals/ebay-item-286101111453/","eBay","Electronics","true","2026-08-04","2026-08-11","2026-08-11","$169.99","169.99","","","2026-08-11","","Refurbished · Free shipping"
"ebay-item-286108904231","Makita WT02Z-R 12V max CXT 3/8"" Impact Wrench (Tool Only) Certified Refurbished","https://dealdesk.fyi/deals/ebay-item-286108904231/","eBay","Home & garden","true","2026-08-04","2026-08-31","2026-08-04","$64.99","64.99","$119.00","119","2026-08-04","2026-09-30","Refurbished · Free shipping"
"ebay-item-286108904231","Makita WT02Z-R 12V max CXT 3/8"" Impact Wrench (Tool Only) Certified Refurbished","https://dealdesk.fyi/deals/ebay-item-286108904231/","eBay","Home & garden","true","2026-08-04","2026-08-31","2026-08-11","$64.99","64.99","$119.00","119","2026-08-11","","Refurbished · Free shipping"
"ebay-item-286108904231","Makita WT02Z-R 12V max CXT 3/8"" Impact Wrench (Tool Only) Certified Refurbished","https://dealdesk.fyi/deals/ebay-item-286108904231/","eBay","Home & garden","true","2026-08-04","2026-08-31","2026-08-31","$70.03","70.03","$119.00","119","2026-08-31","","Refurbished · Free shipping"
"ebay-item-286280034824-588418375445","Samsung Galaxy S20 S20FE S20 FE S20+ Unlocked T-Mobile TRADE IN PROMO ONLY","https://dealdesk.fyi/deals/ebay-item-286280034824-588418375445/","eBay","Electronics","true","2026-08-04","2026-08-04","2026-08-04","$129.99","129.99","","","2026-08-04","","Refurbished · Free shipping"
"ebay-item-286288847506","Lenovo ThinkPad X13 Gen 2 13” Business Laptop Core i5 16GB RAM 256GB SSD Win 11","https://dealdesk.fyi/deals/ebay-item-286288847506/","eBay","Electronics","true","2026-08-04","2026-08-30","2026-08-04","$269.99","269.99","","","2026-08-04","","Refurbished · Free shipping"
"ebay-item-286288847506","Lenovo ThinkPad X13 Gen 2 13” Business Laptop Core i5 16GB RAM 256GB SSD Win 11","https://dealdesk.fyi/deals/ebay-item-286288847506/","eBay","Electronics","true","2026-08-04","2026-08-30","2026-08-30","$259.99","259.99","","","2026-08-30","","Refurbished · Free shipping"
"ebay-item-286736824423","WORX WX990L 20V (2) PC MAKERX Combo: Rotary Tool, Angle Grinder + Accessories-CR","https://dealdesk.fyi/deals/ebay-item-286736824423/","eBay","Home & garden","true","2026-08-04","2026-08-11","2026-08-04","$143.99","143.99","$210.99","210.99","2026-08-04","2027-05-31","Refurbished · Free shipping"
"ebay-item-286736824423","WORX WX990L 20V (2) PC MAKERX Combo: Rotary Tool, Angle Grinder + Accessories-CR","https://dealdesk.fyi/deals/ebay-item-286736824423/","eBay","Home & garden","true","2026-08-04","2026-08-11","2026-08-11","$143.99","143.99","$210.99","210.99","2026-08-11","","Refurbished · Free shipping"
"ebay-item-286800004418","Makita TM3010CX1-R 120V 3 Amp Oscillating Multi-Tool Kit Certified Refurbished","https://dealdesk.fyi/deals/ebay-item-286800004418/","eBay","Home & garden","true","2026-08-04","2026-08-31","2026-08-04","$119.00","119","$209.99","209.99","2026-08-04","2026-09-30","Refurbished · Free shipping"
"ebay-item-286800004418","Makita TM3010CX1-R 120V 3 Amp Oscillating Multi-Tool Kit Certified Refurbished","https://dealdesk.fyi/deals/ebay-item-286800004418/","eBay","Home & garden","true","2026-08-04","2026-08-31","2026-08-11","$104.99","104.99","$209.99","209.99","2026-08-11","","Refurbished · Free shipping"
"ebay-item-286800004418","Makita TM3010CX1-R 120V 3 Amp Oscillating Multi-Tool Kit Certified Refurbished","https://dealdesk.fyi/deals/ebay-item-286800004418/","eBay","Home & garden","true","2026-08-04","2026-08-31","2026-08-23","$94.99","94.99","$209.99","209.99","2026-08-23","","Refurbished · Free shipping"
"ebay-item-286800004418","Makita TM3010CX1-R 120V 3 Amp Oscillating Multi-Tool Kit Certified Refurbished","https://dealdesk.fyi/deals/ebay-item-286800004418/","eBay","Home & garden","true","2026-08-04","2026-08-31","2026-08-31","$110.71","110.71","$209.99","209.99","2026-08-31","","Refurbished · Free shipping"
"ebay-item-286881045507","Makita BL 7 in. Cut-Off/Angle Grinder Kit XAG12PT1-R Certified Refurbished","https://dealdesk.fyi/deals/ebay-item-286881045507/","eBay","Home & garden","true","2026-08-04","2026-08-31","2026-08-04","$282.35","282.35","$324.99","324.99","2026-08-04","2026-09-30","Refurbished · Free shipping"
"ebay-item-286881045507","Makita BL 7 in. Cut-Off/Angle Grinder Kit XAG12PT1-R Certified Refurbished","https://dealdesk.fyi/deals/ebay-item-286881045507/","eBay","Home & garden","true","2026-08-04","2026-08-31","2026-08-11","$282.35","282.35","$324.99","324.99","2026-08-11","","Refurbished · Free shipping"
"ebay-item-286881045507","Makita BL 7 in. Cut-Off/Angle Grinder Kit XAG12PT1-R Certified Refurbished","https://dealdesk.fyi/deals/ebay-item-286881045507/","eBay","Home & garden","true","2026-08-04","2026-08-31","2026-08-31","$266.09","266.09","$324.99","324.99","2026-08-31","","Refurbished · Free shipping"
"ebay-item-286955252790","Dell Latitude 3440 Laptop 14” HD Core i5 13th Gen 16GB RAM 256GB SSD Win 11 Pro","https://dealdesk.fyi/deals/ebay-item-286955252790/","eBay","Electronics","true","2026-08-04","2026-08-11","2026-08-04","$352.73","352.73","","","2026-08-04","2027-08-31","Refurbished · Free shipping"
"ebay-item-286955252790","Dell Latitude 3440 Laptop 14” HD Core i5 13th Gen 16GB RAM 256GB SSD Win 11 Pro","https://dealdesk.fyi/deals/ebay-item-286955252790/","eBay","Electronics","true","2026-08-04","2026-08-11","2026-08-11","$352.73","352.73","","","2026-08-11","","Refurbished · Free shipping"
"ebay-item-287043009477","Lenovo Tab P12 12.7"" 3K 256GB Storm Grey Wi-Fi Android Tablet + Pen ZACH0165US","https://dealdesk.fyi/deals/ebay-item-287043009477/","eBay","Electronics","true","2026-08-11","2026-08-11","2026-08-11","$249.99","249.99","","","2026-08-11","","Refurbished · Free shipping"
"ebay-item-287070431973","Lenovo IdeaPad 5i 16"" Touch Ultra 7 255U 32GB 1TB SSD W11H 2in1","https://dealdesk.fyi/deals/ebay-item-287070431973/","eBay","Electronics","true","2026-08-04","2026-08-23","2026-08-04","$649.99","649.99","$1,299.99","1299.99","2026-08-04","2028-01-31","Refurbished · Free shipping"
"ebay-item-287070431973","Lenovo IdeaPad 5i 16"" Touch Ultra 7 255U 32GB 1TB SSD W11H 2in1","https://dealdesk.fyi/deals/ebay-item-287070431973/","eBay","Electronics","true","2026-08-04","2026-08-23","2026-08-11","$649.99","649.99","$1299.99","1299.99","2026-08-11","","Refurbished · Free shipping"
"ebay-item-287070431973","Lenovo IdeaPad 5i 16"" Touch Ultra 7 255U 32GB 1TB SSD W11H 2in1","https://dealdesk.fyi/deals/ebay-item-287070431973/","eBay","Electronics","true","2026-08-04","2026-08-23","2026-08-23","$749.99","749.99","$1299.99","1299.99","2026-08-23","","Refurbished · Free shipping"
"ebay-item-287070445476","Lenovo Ideapad 5 16AKP10 16"" WUXGA Touch Ryzen AI7 350 16GB 1TB SSD W11H 2in1","https://dealdesk.fyi/deals/ebay-item-287070445476/","eBay","Electronics","true","2026-08-11","2026-08-11","2026-08-11","$649.99","649.99","$799.99","799.99","2026-08-11","","Refurbished · Free shipping"
"ebay-item-287149416808","Makita HR2811F-R 1-1/8"" Corded SDS-Plus Rotary Hammer Certified Refurbished","https://dealdesk.fyi/deals/ebay-item-287149416808/","eBay","Home & garden","true","2026-08-04","2026-08-31","2026-08-04","$189.99","189.99","$409.00","409","2026-08-04","2026-09-30","Refurbished · Free shipping"
"ebay-item-287149416808","Makita HR2811F-R 1-1/8"" Corded SDS-Plus Rotary Hammer Certified Refurbished","https://dealdesk.fyi/deals/ebay-item-287149416808/","eBay","Home & garden","true","2026-08-04","2026-08-31","2026-08-11","$189.99","189.99","$409.00","409","2026-08-11","","Refurbished · Free shipping"
"ebay-item-287149416808","Makita HR2811F-R 1-1/8"" Corded SDS-Plus Rotary Hammer Certified Refurbished","https://dealdesk.fyi/deals/ebay-item-287149416808/","eBay","Home & garden","true","2026-08-04","2026-08-31","2026-08-31","$184.31","184.31","$409.00","409","2026-08-31","","Refurbished · Free shipping"
"ebay-item-287164702098","Lenovo ThinkPad T14s Gen 3 14"" Intel i5 4.4GHz 10 CORE 16GB 512GB SSD Win11","https://dealdesk.fyi/deals/ebay-item-287164702098/","eBay","Electronics","true","2026-08-11","2026-08-11","2026-08-11","$379.00","379","$758.00","758","2026-08-11","","Refurbished · Free shipping"
"ebay-item-287220081991","Pokemon Cleffa CoroCoro Comics Japanese Glossy Promo #173 PSA 10 Gem Mint","https://dealdesk.fyi/deals/ebay-item-287220081991/","eBay","Toys & hobbies","true","2026-08-04","2026-08-04","2026-08-04","$5,000.00","5000","","","2026-08-04","","Confirm condition, shipping, seller, and availability on eBay"
"ebay-item-287413850141","Lenovo ThinkBook 13x Gen 2 QHD+ 1.3 GHz i5-1235U 16GB 512GB SSD Good","https://dealdesk.fyi/deals/ebay-item-287413850141/","eBay","Electronics","true","2026-08-11","2026-08-11","2026-08-11","$299.99","299.99","","","2026-08-11","","Refurbished · Free shipping"
"ebay-item-287447397008","Pokemon Charizard ex 151 201/165 Special Art Rare Holo Japanese CGC 10 Pristine","https://dealdesk.fyi/deals/ebay-item-287447397008/","eBay","Toys & hobbies","true","2026-08-11","2026-08-11","2026-08-11","$899.00","899","","","2026-08-11","","Confirm condition, shipping, seller, and availability on eBay"
"ebay-item-287449771308","Pokemon Kingdra ex Holo EX Dragon 92/97 PSA 10 Gem Mint","https://dealdesk.fyi/deals/ebay-item-287449771308/","eBay","Toys & hobbies","true","2026-08-04","2026-08-04","2026-08-04","$3,100.00","3100","","","2026-08-04","","Confirm condition, shipping, seller, and availability on eBay"
"ebay-item-287449771372","Pokemon Espeon Reverse Holo EX Delta Species 4/113 PSA 10 Gem Mint","https://dealdesk.fyi/deals/ebay-item-287449771372/","eBay","Toys & hobbies","true","2026-08-11","2026-08-11","2026-08-11","$6500.00","6500","","","2026-08-11","","Confirm condition, shipping, seller, and availability on eBay"
"ebay-item-287450030119","Pokemon Giratina EX XY Ancient Origins Full Art 93/98 PSA 10 Gem Mint","https://dealdesk.fyi/deals/ebay-item-287450030119/","eBay","Toys & hobbies","true","2026-08-04","2026-08-11","2026-08-04","$2,500.00","2500","","","2026-08-04","2026-12-31","Confirm condition, shipping, seller, and availability on eBay"
"ebay-item-287450030119","Pokemon Giratina EX XY Ancient Origins Full Art 93/98 PSA 10 Gem Mint","https://dealdesk.fyi/deals/ebay-item-287450030119/","eBay","Toys & hobbies","true","2026-08-04","2026-08-11","2026-08-11","$2500.00","2500","","","2026-08-11","","Confirm condition, shipping, seller, and availability on eBay"
"ebay-item-287450230616","Pokemon Mewtwo EX XY Breakthrough 163/162 Secret Rare PSA 10 Gem Mint","https://dealdesk.fyi/deals/ebay-item-287450230616/","eBay","Toys & hobbies","true","2026-08-04","2026-08-11","2026-08-04","$9,000.00","9000","","","2026-08-04","2026-12-31","Confirm condition, shipping, seller, and availability on eBay"
"ebay-item-287450230616","Pokemon Mewtwo EX XY Breakthrough 163/162 Secret Rare PSA 10 Gem Mint","https://dealdesk.fyi/deals/ebay-item-287450230616/","eBay","Toys & hobbies","true","2026-08-04","2026-08-11","2026-08-11","$9000.00","9000","","","2026-08-11","","Confirm condition, shipping, seller, and availability on eBay"
"ebay-item-287452440320","Dragon Ball Super Majin Buu Kid Alt Art Top 64 Prize Promo FB04-094 Bgs 10","https://dealdesk.fyi/deals/ebay-item-287452440320/","eBay","Toys & hobbies","true","2026-08-11","2026-08-11","2026-08-11","$1000.00","1000","","","2026-08-11","","Confirm condition, shipping, seller, and availability on eBay"
"ebay-item-287461162665","Lenovo ThinkPad P14s Gen 2 14 FHD Touch i5-1145G7 16GB 256GB NVIDIA 4GB W11 Pro","https://dealdesk.fyi/deals/ebay-item-287461162665/","eBay","Electronics","true","2026-08-11","2026-08-25","2026-08-11","$324.99","324.99","$1199.00","1199","2026-08-11","","Refurbished · Free shipping"
"ebay-item-287461162665","Lenovo ThinkPad P14s Gen 2 14 FHD Touch i5-1145G7 16GB 256GB NVIDIA 4GB W11 Pro","https://dealdesk.fyi/deals/ebay-item-287461162665/","eBay","Electronics","true","2026-08-11","2026-08-25","2026-08-25","$316.99","316.99","$1199.00","1199","2026-08-25","","Refurbished · Free shipping"
"ebay-item-287463721129","DJI Osmo Action 4 Essential Combo 4K Action Camera","https://dealdesk.fyi/deals/ebay-item-287463721129/","eBay","Electronics","true","2026-08-11","2026-08-24","2026-08-11","$199.00","199","$229.00","229","2026-08-11","","Free shipping"
"ebay-item-287463721129","DJI Osmo Action 4 Essential Combo 4K Action Camera","https://dealdesk.fyi/deals/ebay-item-287463721129/","eBay","Electronics","true","2026-08-11","2026-08-24","2026-08-24","$229.00","229","$299.00","299","2026-08-24","","Free shipping"
"ebay-item-287463748425","Pokemon Gengar ex Holo EX Fire Red & Leaf Green 108 PSA 1","https://dealdesk.fyi/deals/ebay-item-287463748425/","eBay","Toys & hobbies","true","2026-08-11","2026-08-11","2026-08-11","$800.00","800","","","2026-08-11","","Confirm condition, shipping, seller, and availability on eBay"
"ebay-item-287463774828","Pokemon Mew Reverse Holo XY Evolutions 53/108 PSA 10 Gem Mint","https://dealdesk.fyi/deals/ebay-item-287463774828/","eBay","Toys & hobbies","true","2026-08-04","2026-08-04","2026-08-04","$689.00","689","","","2026-08-04","","Confirm condition, shipping, seller, and availability on eBay"
"ebay-item-287472365991","Blue Eyes White Dragon GFP2-EN175 Ghost Rare 1st Edition Yugioh PSA 7 *506","https://dealdesk.fyi/deals/ebay-item-287472365991/","eBay","Toys & hobbies","true","2026-08-04","2026-08-11","2026-08-04","$299.99","299.99","","","2026-08-04","2026-12-31","Free shipping"
"ebay-item-287472365991","Blue Eyes White Dragon GFP2-EN175 Ghost Rare 1st Edition Yugioh PSA 7 *506","https://dealdesk.fyi/deals/ebay-item-287472365991/","eBay","Toys & hobbies","true","2026-08-04","2026-08-11","2026-08-11","$299.99","299.99","","","2026-08-11","","Free shipping"
"ebay-item-287478122379","Pokemon Celebi Reverse Holo Shining Fates 003/072 PSA 10 Gem Mint","https://dealdesk.fyi/deals/ebay-item-287478122379/","eBay","Toys & hobbies","true","2026-08-04","2026-08-04","2026-08-04","$300.00","300","","","2026-08-04","","Confirm condition, shipping, seller, and availability on eBay"
"ebay-item-287478427912","Pokemon Charizard EX Scarlet & Violet 151 199 Special Illustration Rare CGC 10","https://dealdesk.fyi/deals/ebay-item-287478427912/","eBay","Toys & hobbies","true","2026-08-11","2026-08-11","2026-08-11","$750.00","750","","","2026-08-11","","Confirm condition, shipping, seller, and availability on eBay"
"ebay-item-287479695601","One Piece Asura Blades Drawn Dead Man's Game Op12-037 Alternate Art PSA 10","https://dealdesk.fyi/deals/ebay-item-287479695601/","eBay","Toys & hobbies","true","2026-08-11","2026-08-11","2026-08-11","$340.00","340","","","2026-08-11","","Confirm condition, shipping, seller, and availability on eBay"
"ebay-item-287479695622","Pokemon Mew Holo Promo Black Star 9 Pokemon League PSA 9 Mint","https://dealdesk.fyi/deals/ebay-item-287479695622/","eBay","Toys & hobbies","true","2026-08-11","2026-08-11","2026-08-11","$500.00","500","","","2026-08-11","","Confirm condition, shipping, seller, and availability on eBay"
"ebay-item-287479728690","Pokemon Tyranitar Holo Expedition 29/165 PSA 7","https://dealdesk.fyi/deals/ebay-item-287479728690/","eBay","Toys & hobbies","true","2026-08-04","2026-08-11","2026-08-04","$800.00","800","","","2026-08-04","2026-12-31","Confirm condition, shipping, seller, and availability on eBay"
"ebay-item-287479728690","Pokemon Tyranitar Holo Expedition 29/165 PSA 7","https://dealdesk.fyi/deals/ebay-item-287479728690/","eBay","Toys & hobbies","true","2026-08-04","2026-08-11","2026-08-11","$800.00","800","","","2026-08-11","","Confirm condition, shipping, seller, and availability on eBay"
"ebay-item-287479728691","Pokemon Pikachu Holo Black Star Promo 012 PSA 9 Mint","https://dealdesk.fyi/deals/ebay-item-287479728691/","eBay","Toys & hobbies","true","2026-08-04","2026-08-11","2026-08-04","$850.00","850","","","2026-08-04","2026-12-31","Confirm condition, shipping, seller, and availability on eBay"
"ebay-item-287479728691","Pokemon Pikachu Holo Black Star Promo 012 PSA 9 Mint","https://dealdesk.fyi/deals/ebay-item-287479728691/","eBay","Toys & hobbies","true","2026-08-04","2026-08-11","2026-08-11","$850.00","850","","","2026-08-11","","Confirm condition, shipping, seller, and availability on eBay"
"ebay-item-287479728707","Pokemon Dark Dragonair Reverse Holo EX Team Rocket Returns 31/109 PSA 9 Mint","https://dealdesk.fyi/deals/ebay-item-287479728707/","eBay","Toys & hobbies","true","2026-08-11","2026-08-11","2026-08-11","$550.00","550","","","2026-08-11","","Confirm condition, shipping, seller, and availability on eBay"
"ebay-item-287479728719","Pokemon Pikachu Cosmic Eclipse 241/236 Secret Rare PSA 10 Gem Mint","https://dealdesk.fyi/deals/ebay-item-287479728719/","eBay","Toys & hobbies","true","2026-08-04","2026-08-11","2026-08-04","$1,990.00","1990","","","2026-08-04","2026-12-31","Confirm condition, shipping, seller, and availability on eBay"
"ebay-item-287479728719","Pokemon Pikachu Cosmic Eclipse 241/236 Secret Rare PSA 10 Gem Mint","https://dealdesk.fyi/deals/ebay-item-287479728719/","eBay","Toys & hobbies","true","2026-08-04","2026-08-11","2026-08-11","$1990.00","1990","","","2026-08-11","","Confirm condition, shipping, seller, and availability on eBay"
"ebay-item-287479728723","Pokemon Golem Reverse Holo Legendary Coll. 24 PSA 10 Gem Mint","https://dealdesk.fyi/deals/ebay-item-287479728723/","eBay","Toys & hobbies","true","2026-08-11","2026-08-11","2026-08-11","$3750.00","3750","","","2026-08-11","","Confirm condition, shipping, seller, and availability on eBay"
"ebay-item-287481749032","Pokemon Charizard ex Holo EX Fire Red & Leaf Green 105 PSA 9 Mint","https://dealdesk.fyi/deals/ebay-item-287481749032/","eBay","Toys & hobbies","true","2026-08-04","2026-08-11","2026-08-04","$6,500.00","6500","","","2026-08-04","2026-12-31","Confirm condition, shipping, seller, and availability on eBay"
"ebay-item-287481749032","Pokemon Charizard ex Holo EX Fire Red & Leaf Green 105 PSA 9 Mint","https://dealdesk.fyi/deals/ebay-item-287481749032/","eBay","Toys & hobbies","true","2026-08-04","2026-08-11","2026-08-11","$6500.00","6500","","","2026-08-11","","Confirm condition, shipping, seller, and availability on eBay"
"ebay-item-287487665999","Son Goku Super Dragon Ball Heroes Meteor Mission 3 014 Dramatic Art PSA 9","https://dealdesk.fyi/deals/ebay-item-287487665999/","eBay","Toys & hobbies","true","2026-08-04","2026-08-04","2026-08-04","$250.00","250","","","2026-08-04","","Confirm condition, shipping, seller, and availability on eBay"
"ebay-item-287487709915","Lenovo ThinkPad X13 Gen 2 FHD+ i5-1135G7 2.40GHz 16GB 512GB SSD Very Good","https://dealdesk.fyi/deals/ebay-item-287487709915/","eBay","Electronics","true","2026-08-04","2026-08-04","2026-08-04","$279.99","279.99","","","2026-08-04","","Refurbished · Free shipping"
"ebay-item-287490991446","Lenovo ThinkPad T15 15"" Intel Core i7 4.8GHz 32GB 512GB SSD Win11 TouchScreen","https://dealdesk.fyi/deals/ebay-item-287490991446/","eBay","Electronics","true","2026-08-11","2026-08-11","2026-08-11","$429.00","429","$858.00","858","2026-08-11","","Refurbished · Free shipping"
"ebay-item-287491018713","Pokemon Charmeleon Holo EX Dragon 99/97 PSA 9 Mint","https://dealdesk.fyi/deals/ebay-item-287491018713/","eBay","Toys & hobbies","true","2026-08-04","2026-08-11","2026-08-04","$474.99","474.99","","","2026-08-04","2026-12-31","Confirm condition, shipping, seller, and availability on eBay"
"ebay-item-287491018713","Pokemon Charmeleon Holo EX Dragon 99/97 PSA 9 Mint","https://dealdesk.fyi/deals/ebay-item-287491018713/","eBay","Toys & hobbies","true","2026-08-04","2026-08-11","2026-08-11","$474.99","474.99","","","2026-08-11","","Confirm condition, shipping, seller, and availability on eBay"
"ebay-item-287491018794","Pokemon Charizard Holo Expedition 6/165 PSA 9 Mint","https://dealdesk.fyi/deals/ebay-item-287491018794/","eBay","Toys & hobbies","true","2026-08-11","2026-08-11","2026-08-11","$5000.00","5000","","","2026-08-11","","Confirm condition, shipping, seller, and availability on eBay"
"ebay-item-287491018806","Pokemon Dark Machamp Holo Team Rocket 10 1st Edition PSA 9 Mint","https://dealdesk.fyi/deals/ebay-item-287491018806/","eBay","Toys & hobbies","true","2026-08-04","2026-08-11","2026-08-04","$390.00","390","","","2026-08-04","2026-12-31","Confirm condition, shipping, seller, and availability on eBay"
"ebay-item-287491018806","Pokemon Dark Machamp Holo Team Rocket 10 1st Edition PSA 9 Mint","https://dealdesk.fyi/deals/ebay-item-287491018806/","eBay","Toys & hobbies","true","2026-08-04","2026-08-11","2026-08-11","$390.00","390","","","2026-08-11","","Confirm condition, shipping, seller, and availability on eBay"
"ebay-item-287491503104","One Piece Zoro-Juurou One Piece Championship 2025-26 Event Pk. 067 PSA 10","https://dealdesk.fyi/deals/ebay-item-287491503104/","eBay","Toys & hobbies","true","2026-08-11","2026-08-11","2026-08-11","$570.00","570","","","2026-08-11","","Confirm condition, shipping, seller, and availability on eBay"
"ebay-item-287491503111","One Piece O-Nami Championship 2025-26 Event Pk. 101 PSA 10 Gem Mint","https://dealdesk.fyi/deals/ebay-item-287491503111/","eBay","Toys & hobbies","true","2026-08-11","2026-08-11","2026-08-11","$465.00","465","","","2026-08-11","","Confirm condition, shipping, seller, and availability on eBay"
"ebay-item-287493408060","Pokemon M Charizard EX XY Evolutions 101/108 Ultra Rare CGC 10 Gem Mint","https://dealdesk.fyi/deals/ebay-item-287493408060/","eBay","Toys & hobbies","true","2026-08-04","2026-08-04","2026-08-04","$379.00","379","","","2026-08-04","","Confirm condition, shipping, seller, and availability on eBay"
"ebay-item-287502213403","2007 Absolute Brett Favre AP-9 Jumbo Prime Game Worn Patch /25 Packers","https://dealdesk.fyi/deals/ebay-item-287502213403/","eBay","Sports collectibles","true","2026-08-04","2026-08-04","2026-08-04","$295.00","295","","","2026-08-04","","Pre-Owned"
"ebay-item-287502224043","2023 TOPPS CHROME DISNEY 100 PINK REFRACTOR #73 HEIMLICH /399 PSA 10 BUGS LIFE","https://dealdesk.fyi/deals/ebay-item-287502224043/","eBay","Collectibles","true","2026-08-04","2026-08-04","2026-08-04","$500.00","500","","","2026-08-04","","Confirm condition, shipping, seller, and availability on eBay"
"ebay-item-287502233297","2023 TOPPS CHROME DISNEY 100 PINK REFRACTOR #96 LUCA PAGURO /399 PSA 10","https://dealdesk.fyi/deals/ebay-item-287502233297/","eBay","Collectibles","true","2026-08-04","2026-08-04","2026-08-04","$500.00","500","","","2026-08-04","","Confirm condition, shipping, seller, and availability on eBay"
"ebay-item-287502239971","2023 TOPPS CHROME DISNEY 100 PINK REFRACTOR #50 BRUNO MADRIGAL /399 PSA 10 ENCAN","https://dealdesk.fyi/deals/ebay-item-287502239971/","eBay","Collectibles","true","2026-08-04","2026-08-04","2026-08-04","$500.00","500","","","2026-08-04","","Confirm condition, shipping, seller, and availability on eBay"
"ebay-item-287502242619","2023 TOPPS CHROME DISNEY 100 PINK REFRACTOR #24 BARLEY LIGHTFOOT /399 PSA 10 ONW","https://dealdesk.fyi/deals/ebay-item-287502242619/","eBay","Collectibles","true","2026-08-04","2026-08-04","2026-08-04","$500.00","500","","","2026-08-04","","Confirm condition, shipping, seller, and availability on eBay"
"ebay-item-287502247993","2023 TOPPS CHROME DISNEY 100 PINK REFRACTOR #80 EDNA MODE /399 PSA 10 INCREDIBLE","https://dealdesk.fyi/deals/ebay-item-287502247993/","eBay","Collectibles","true","2026-08-04","2026-08-04","2026-08-04","$500.00","500","","","2026-08-04","","Confirm condition, shipping, seller, and availability on eBay"
"ebay-item-287502261667","2023 TOPPS CHROME DISNEY 100 PINK REFRACTOR #91 MIGUEL /399 PSA 10 COCO","https://dealdesk.fyi/deals/ebay-item-287502261667/","eBay","Collectibles","true","2026-08-04","2026-08-04","2026-08-04","$600.00","600","","","2026-08-04","","Confirm condition, shipping, seller, and availability on eBay"
"ebay-item-287507369598","Pokemon Umbreon Gold Star Celebrations Classic Coll. POP Series 5 Holo 17 PSA 10","https://dealdesk.fyi/deals/ebay-item-287507369598/","eBay","Toys & hobbies","true","2026-08-11","2026-08-11","2026-08-11","$393.00","393","","","2026-08-11","","Confirm condition, shipping, seller, and availability on eBay"
"ebay-item-287507369673","Pokemon Dragonite ex Holo EX Dragon 90 PSA 9 Mint","https://dealdesk.fyi/deals/ebay-item-287507369673/","eBay","Toys & hobbies","true","2026-08-11","2026-08-11","2026-08-11","$2500.00","2500","","","2026-08-11","","Confirm condition, shipping, seller, and availability on eBay"
"ebay-item-287516741105","Pokemon Palkia EX Plasma Blast Ultra Rare 100 SGC 9 Mint","https://dealdesk.fyi/deals/ebay-item-287516741105/","eBay","Toys & hobbies","true","2026-08-11","2026-08-11","2026-08-11","$1000.00","1000","","","2026-08-11","","Confirm condition, shipping, seller, and availability on eBay"
"ebay-item-287516968256","1889 N5 Allen & Ginter Birds of the Tropics Cock Of The Rock PSA 5 (Great Color)","https://dealdesk.fyi/deals/ebay-item-287516968256/","eBay","Collectibles","true","2026-08-11","2026-08-11","2026-08-11","$555.00","555","","","2026-08-11","","Confirm condition, shipping, seller, and availability on eBay"
"ebay-item-287517509510","2025 Keepsake Invincible Series 1 #349 Allen the Alien Black Gold 1/1","https://dealdesk.fyi/deals/ebay-item-287517509510/","eBay","Collectibles","true","2026-08-11","2026-08-11","2026-08-11","$800.00","800","","","2026-08-11","","Pre-Owned"
"ebay-item-287517882301","Benedict Cumberbatch Upper Deck  Signature Sensations Auto Inscribed","https://dealdesk.fyi/deals/ebay-item-287517882301/","eBay","Collectibles","true","2026-08-11","2026-08-11","2026-08-11","$1000.00","1000","","","2026-08-11","","Pre-Owned"
"ebay-item-287518123596","2026 Topps Chrome Disney Sapphire Ariel Auto (Jodi Benson) AA-JB 🫧 🌊 🐚","https://dealdesk.fyi/deals/ebay-item-287518123596/","eBay","Collectibles","true","2026-08-11","2026-08-11","2026-08-11","$399.99","399.99","","","2026-08-11","","Pre-Owned"
"ebay-item-287518166629","Winnie The Pooh 2026 Topps Chrome True Gold Refractor /50 Rare Color Match!","https://dealdesk.fyi/deals/ebay-item-287518166629/","eBay","Collectibles","true","2026-08-11","2026-08-11","2026-08-11","$299.99","299.99","","","2026-08-11","","Pre-Owned"
"ebay-item-287518174656","2026 Topps Chrome Marvel Comics Thanos Captain America's Star Refractor /41 ⭐️","https://dealdesk.fyi/deals/ebay-item-287518174656/","eBay","Collectibles","true","2026-08-11","2026-08-11","2026-08-11","$499.99","499.99","","","2026-08-11","","Pre-Owned"
"ebay-item-292455788016","PTO Drive Line Replacement, SpeeCo Model 65 Post Hole Digger 1-3/8x6 to 1-1/4 Rd","https://dealdesk.fyi/deals/ebay-item-292455788016/","eBay","Business & industrial","true","2026-08-04","2026-08-11","2026-08-04","$139.99","139.99","","","2026-08-04","2026-12-31","Free shipping"
"ebay-item-292455788016","PTO Drive Line Replacement, SpeeCo Model 65 Post Hole Digger 1-3/8x6 to 1-1/4 Rd","https://dealdesk.fyi/deals/ebay-item-292455788016/","eBay","Business & industrial","true","2026-08-04","2026-08-11","2026-08-11","$139.99","139.99","","","2026-08-11","","Free shipping"
"ebay-item-294169926707","Makita XT268T 18V LXT Li-Ion Brushless 2-Piece Combo Kit (Certified Refurbished)","https://dealdesk.fyi/deals/ebay-item-294169926707/","eBay","Home & garden","true","2026-08-04","2026-08-11","2026-08-04","$340.44","340.44","$970.00","970","2026-08-04","2026-09-30","Refurbished · Free shipping"
"ebay-item-294169926707","Makita XT268T 18V LXT Li-Ion Brushless 2-Piece Combo Kit (Certified Refurbished)","https://dealdesk.fyi/deals/ebay-item-294169926707/","eBay","Home & garden","true","2026-08-04","2026-08-11","2026-08-11","$340.44","340.44","$970.00","970","2026-08-11","","Refurbished · Free shipping"
"ebay-item-294948352137","Makita XDT13Z 18V LXT Li-Ion Brushless Impact Driver, Certified Refurbished","https://dealdesk.fyi/deals/ebay-item-294948352137/","eBay","Home & garden","true","2026-08-04","2026-08-23","2026-08-04","$121.77","121.77","","","2026-08-04","2026-09-30","Refurbished · Free shipping"
"ebay-item-294948352137","Makita XDT13Z 18V LXT Li-Ion Brushless Impact Driver, Certified Refurbished","https://dealdesk.fyi/deals/ebay-item-294948352137/","eBay","Home & garden","true","2026-08-04","2026-08-23","2026-08-11","$121.77","121.77","","","2026-08-11","","Refurbished · Free shipping"
"ebay-item-294948352137","Makita XDT13Z 18V LXT Li-Ion Brushless Impact Driver, Certified Refurbished","https://dealdesk.fyi/deals/ebay-item-294948352137/","eBay","Home & garden","true","2026-08-04","2026-08-23","2026-08-23","$122.80","122.8","","","2026-08-23","","Refurbished · Free shipping"
"ebay-item-296023199645","NEW Nintendo Switch OLED Splatoon 3 + Mario Rabbids ⭐ Sparks of Hope Bundle","https://dealdesk.fyi/deals/ebay-item-296023199645/","eBay","Electronics","true","2026-08-04","2026-08-11","2026-08-04","$384.95","384.95","$419.99","419.99","2026-08-04","2027-04-29","Free shipping"
"ebay-item-296023199645","NEW Nintendo Switch OLED Splatoon 3 + Mario Rabbids ⭐ Sparks of Hope Bundle","https://dealdesk.fyi/deals/ebay-item-296023199645/","eBay","Electronics","true","2026-08-04","2026-08-11","2026-08-11","$384.95","384.95","$419.99","419.99","2026-08-11","","Free shipping"
"ebay-item-296057694518","Tool Tuff Industrial Duty Earth Auger, 9"" Diameter, Hex Drive","https://dealdesk.fyi/deals/ebay-item-296057694518/","eBay","Business & industrial","true","2026-08-11","2026-08-11","2026-08-11","$399.99","399.99","","","2026-08-11","","Free shipping"
"ebay-item-296629850970","Movmax Blade Arm with N2 Arm Technology Universal Locking Screw","https://dealdesk.fyi/deals/ebay-item-296629850970/","eBay","Electronics","true","2026-08-04","2026-08-11","2026-08-04","$99.00","99","$199.00","199","2026-08-04","2027-01-31","Free shipping"
"ebay-item-296629850970","Movmax Blade Arm with N2 Arm Technology Universal Locking Screw","https://dealdesk.fyi/deals/ebay-item-296629850970/","eBay","Electronics","true","2026-08-04","2026-08-11","2026-08-11","$99.00","99","$199.00","199","2026-08-11","","Free shipping"
"ebay-item-297087489759","Lenovo ThinkPad T490 14"" FHD Quad-Core i5-8365U 16GB 512GB SSD Cam FPR Win11Pro","https://dealdesk.fyi/deals/ebay-item-297087489759/","eBay","Electronics","true","2026-08-11","2026-08-11","2026-08-11","$254.00","254","$379.00","379","2026-08-11","","Refurbished · Free shipping"
"ebay-item-297168062035-594772545001","Samsung Galaxy S24 Ultra 256GB Unlocked ATT T-Mobile Verizon Very Good Condition","https://dealdesk.fyi/deals/ebay-item-297168062035-594772545001/","eBay","Electronics","true","2026-08-04","2026-08-04","2026-08-04","$552.69","552.69","$1,299.99","1299.99","2026-08-04","","Refurbished · Free shipping"
"ebay-item-298044051654","Lenovo ThinkPad X9-14 Gen 1 Aura 14"" 2.8K OLED Touch Ultra 7 268V 32GB 1TB FPR","https://dealdesk.fyi/deals/ebay-item-298044051654/","eBay","Electronics","true","2026-08-04","2026-08-04","2026-08-04","$1,239.00","1239","$3,229.00","3229","2026-08-04","","Refurbished · Free shipping"
"ebay-item-298359808093","Hisense AX700 5.1.4 CH Dolby Atmos Soundbar Wireless Subwoofer Rear Speakers 4K","https://dealdesk.fyi/deals/ebay-item-298359808093/","eBay","Electronics","true","2026-08-04","2026-08-11","2026-08-04","$200.54","200.54","","","2026-08-04","2026-11-30","Refurbished · Free shipping"
"ebay-item-298359808093","Hisense AX700 5.1.4 CH Dolby Atmos Soundbar Wireless Subwoofer Rear Speakers 4K","https://dealdesk.fyi/deals/ebay-item-298359808093/","eBay","Electronics","true","2026-08-04","2026-08-11","2026-08-11","$188.09","188.09","","","2026-08-11","","Refurbished · Free shipping"
"ebay-item-298409332039","Tool-Tuff Post Hole Digger Gearbox","https://dealdesk.fyi/deals/ebay-item-298409332039/","eBay","Business & industrial","true","2026-08-04","2026-08-11","2026-08-04","$279.99","279.99","","","2026-08-04","2026-12-31","Free shipping"
"ebay-item-298409332039","Tool-Tuff Post Hole Digger Gearbox","https://dealdesk.fyi/deals/ebay-item-298409332039/","eBay","Business & industrial","true","2026-08-04","2026-08-11","2026-08-11","$279.99","279.99","","","2026-08-11","","Free shipping"
"ebay-item-298490817511","MacBook Pro 14 Space Black Nov 2023 M3 Pro 11-Core CPU 14-Core GPU 18GB 512GB","https://dealdesk.fyi/deals/ebay-item-298490817511/","eBay","Electronics","true","2026-08-11","2026-08-11","2026-08-11","$999.99","999.99","","","2026-08-11","","Refurbished · Free shipping"
"ebay-item-298525924864","Lenovo ThinkPad T14s Gen 3 14-In WUXGA Intel Core i7-1265U 32GB 512GB Win 11 Pro","https://dealdesk.fyi/deals/ebay-item-298525924864/","eBay","Electronics","true","2026-08-04","2026-08-23","2026-08-04","$629.99","629.99","$1,899.99","1899.99","2026-08-04","2028-01-31","Refurbished · Free shipping"
"ebay-item-298525924864","Lenovo ThinkPad T14s Gen 3 14-In WUXGA Intel Core i7-1265U 32GB 512GB Win 11 Pro","https://dealdesk.fyi/deals/ebay-item-298525924864/","eBay","Electronics","true","2026-08-04","2026-08-23","2026-08-11","$590.99","590.99","$1899.99","1899.99","2026-08-11","","Refurbished · Free shipping"
"ebay-item-298525924864","Lenovo ThinkPad T14s Gen 3 14-In WUXGA Intel Core i7-1265U 32GB 512GB Win 11 Pro","https://dealdesk.fyi/deals/ebay-item-298525924864/","eBay","Electronics","true","2026-08-04","2026-08-23","2026-08-23","$607.99","607.99","$1899.99","1899.99","2026-08-23","","Refurbished · Free shipping"
"ebay-item-298557357834","Lenovo ThinkPad X1 Carbon Gen 9 14"" FHD+ Touch I7-1185G7 512GB SSD 16GB W11P","https://dealdesk.fyi/deals/ebay-item-298557357834/","eBay","Electronics","true","2026-08-04","2026-08-04","2026-08-04","$324.99","324.99","","","2026-08-04","","Refurbished · Free shipping"
"ebay-item-298557875768","Joe Burrow -- PSA 10 -- Meta /25 -- 2021 Spectra #19 -- Gem Beauty","https://dealdesk.fyi/deals/ebay-item-298557875768/","eBay","Sports collectibles","true","2026-08-04","2026-08-04","2026-08-04","$279.00","279","","","2026-08-04","","Free shipping"
"ebay-item-298558029005","2024 Bowman George Lombard Jr. Auto #CPA-GLO Yankees","https://dealdesk.fyi/deals/ebay-item-298558029005/","eBay","Sports collectibles","true","2026-08-04","2026-08-04","2026-08-04","$279.99","279.99","","","2026-08-04","","Pre-Owned"
"ebay-item-298558033016","Topps 2024 Bowman Sterling Roman Anthony Auto /100 PA-RA Red Sox Prospect Auto","https://dealdesk.fyi/deals/ebay-item-298558033016/","eBay","Sports collectibles","true","2026-08-04","2026-08-04","2026-08-04","$300.00","300","","","2026-08-04","","Pre-Owned"
"ebay-item-298570722291","1978 MIS FAVORITOS BRUCE SPRINGSTEEN #211 PSA 2, POP 3, NONE HIGHER","https://dealdesk.fyi/deals/ebay-item-298570722291/","eBay","Collectibles","true","2026-08-11","2026-08-11","2026-08-11","$350.00","350","","","2026-08-11","","Confirm condition, shipping, seller, and availability on eBay"
"ebay-item-298575995949","Garmin Edge 840 GPS Cycling Computer (Black)","https://dealdesk.fyi/deals/ebay-item-298575995949/","eBay","Electronics","true","2026-08-11","2026-08-24","2026-08-11","$349.99","349.99","$449.99","449.99","2026-08-11","","Refurbished · Free shipping"
"ebay-item-298575995949","Garmin Edge 840 GPS Cycling Computer (Black)","https://dealdesk.fyi/deals/ebay-item-298575995949/","eBay","Electronics","true","2026-08-11","2026-08-24","2026-08-24","$328.99","328.99","$449.99","449.99","2026-08-24","","Refurbished · Free shipping"
"ebay-item-298576003408","2024 Topps Chrome Sapphire Marvel Spider-man #1","https://dealdesk.fyi/deals/ebay-item-298576003408/","eBay","Collectibles","true","2026-08-11","2026-08-11","2026-08-11","$449.99","449.99","","","2026-08-11","","Pre-Owned"
"ebay-item-298577708311","2009-10 Panini Prestige Tracy McGrady","https://dealdesk.fyi/deals/ebay-item-298577708311/","eBay","Sports collectibles","true","2026-08-11","2026-08-11","2026-08-11","$888.00","888","","","2026-08-11","","Pre-Owned"
"ebay-item-304096452295","DJI Mavic 2 Fly More Kit","https://dealdesk.fyi/deals/ebay-item-304096452295/","eBay","Electronics","true","2026-08-11","2026-08-11","2026-08-11","$399.00","399","","","2026-08-11","","Open Box · Free shipping"
"ebay-item-304726320663","Authentic GameBoy Color Cherry Blossom Pink Edition Nintendo System Game Boy GBC","https://dealdesk.fyi/deals/ebay-item-304726320663/","eBay","Electronics","true","2026-08-04","2026-08-11","2026-08-04","$139.95","139.95","","","2026-08-04","2027-04-29","Refurbished · Free shipping"
"ebay-item-304726320663","Authentic GameBoy Color Cherry Blossom Pink Edition Nintendo System Game Boy GBC","https://dealdesk.fyi/deals/ebay-item-304726320663/","eBay","Electronics","true","2026-08-04","2026-08-11","2026-08-11","$139.95","139.95","","","2026-08-11","","Refurbished · Free shipping"
"ebay-item-304789955111-603807317957","Apple iPhone 14 256GB Factory Unlocked AT&T T-Mobile Verizon Excellent Condition","https://dealdesk.fyi/deals/ebay-item-304789955111-603807317957/","eBay","Electronics","true","2026-08-04","2026-08-04","2026-08-04","$352.09","352.09","$899.00","899","2026-08-04","","Refurbished · Free shipping"
"ebay-item-304925251570","DJI Mavic Mini Intelligent Flight Battery-DJI Certified Refurbished","https://dealdesk.fyi/deals/ebay-item-304925251570/","eBay","Electronics","true","2026-08-11","2026-08-11","2026-08-11","$34.00","34","$35.00","35","2026-08-11","","Refurbished · Free shipping"
"ebay-item-304925251592","DJI Intelligent Battery for Mavic Air 2 / Air 2S  DJI Certified Refurbished","https://dealdesk.fyi/deals/ebay-item-304925251592/","eBay","Electronics","true","2026-08-04","2026-08-11","2026-08-04","$65.00","65","$89.00","89","2026-08-04","2043-04-07","Refurbished · Free shipping"
"ebay-item-304925251592","DJI Intelligent Battery for Mavic Air 2 / Air 2S  DJI Certified Refurbished","https://dealdesk.fyi/deals/ebay-item-304925251592/","eBay","Electronics","true","2026-08-04","2026-08-11","2026-08-11","$65.00","65","$89.00","89","2026-08-11","","Refurbished · Free shipping"
"ebay-item-304925251602","DJI Mavic Mini Intelligent Flight Battery-Open Box New","https://dealdesk.fyi/deals/ebay-item-304925251602/","eBay","Electronics","true","2026-08-04","2026-08-11","2026-08-04","$39.00","39","","","2026-08-04","2043-04-07","Open Box · Free shipping"
"ebay-item-304925251602","DJI Mavic Mini Intelligent Flight Battery-Open Box New","https://dealdesk.fyi/deals/ebay-item-304925251602/","eBay","Electronics","true","2026-08-04","2026-08-11","2026-08-11","$39.00","39","","","2026-08-11","","Open Box · Free shipping"
"ebay-item-304925257286","DJI FPV Combo - Certified Refurbished","https://dealdesk.fyi/deals/ebay-item-304925257286/","eBay","Electronics","true","2026-08-04","2026-08-28","2026-08-04","$999.00","999","$1,299.00","1299","2026-08-04","","Confirm condition, shipping, seller, and availability on eBay"
"ebay-item-304925257286","DJI FPV Combo - Certified Refurbished","https://dealdesk.fyi/deals/ebay-item-304925257286/","eBay","Electronics","true","2026-08-04","2026-08-28","2026-08-28","$999.00","999","$1299.00","1299","2026-08-28","","Refurbished · Free shipping"
"ebay-item-304925257307","DJI Battery for Mini 2/Mini SE/Mini 4K/Mini 2 SE-DJI Certified Refurbished","https://dealdesk.fyi/deals/ebay-item-304925257307/","eBay","Electronics","true","2026-08-04","2026-08-11","2026-08-04","$49.00","49","$59.00","59","2026-08-04","2043-04-07","Refurbished · Free shipping"
"ebay-item-304925257307","DJI Battery for Mini 2/Mini SE/Mini 4K/Mini 2 SE-DJI Certified Refurbished","https://dealdesk.fyi/deals/ebay-item-304925257307/","eBay","Electronics","true","2026-08-04","2026-08-11","2026-08-11","$49.00","49","$59.00","59","2026-08-11","","Refurbished · Free shipping"
"ebay-item-304925257317","DJI FPV Combo and FPV Backpack -Certified Refurbished","https://dealdesk.fyi/deals/ebay-item-304925257317/","eBay","Electronics","true","2026-08-04","2026-08-23","2026-08-04","$999.00","999","$1,299.00","1299","2026-08-04","","Refurbished · Free shipping"
"ebay-item-304925257317","DJI FPV Combo and FPV Backpack -Certified Refurbished","https://dealdesk.fyi/deals/ebay-item-304925257317/","eBay","Electronics","true","2026-08-04","2026-08-23","2026-08-23","$999.00","999","$1299.00","1299","2026-08-23","","Refurbished · Free shipping"
"ebay-item-304925264958","DJI Mavic Mini Intelligent Flight Battery 3 Pack,  Mini, Mini 2 and Mini SE","https://dealdesk.fyi/deals/ebay-item-304925264958/","eBay","Electronics","true","2026-08-04","2026-08-11","2026-08-04","$80.00","80","","","2026-08-04","2043-04-07","Open Box · Free shipping"
"ebay-item-304925264958","DJI Mavic Mini Intelligent Flight Battery 3 Pack,  Mini, Mini 2 and Mini SE","https://dealdesk.fyi/deals/ebay-item-304925264958/","eBay","Electronics","true","2026-08-04","2026-08-11","2026-08-11","$80.00","80","","","2026-08-11","","Open Box · Free shipping"
"ebay-item-304925264969","DJI Tello Flight Battery","https://dealdesk.fyi/deals/ebay-item-304925264969/","eBay","Electronics","true","2026-08-04","2026-08-11","2026-08-04","$16.80","16.8","$20.00","20","2026-08-04","2043-04-07","Free shipping"
"ebay-item-304925264969","DJI Tello Flight Battery","https://dealdesk.fyi/deals/ebay-item-304925264969/","eBay","Electronics","true","2026-08-04","2026-08-11","2026-08-11","$16.80","16.8","$20.00","20","2026-08-11","","Free shipping"
"ebay-item-304925264988","DJI Battery - Mini 2/Mini SE/Mini 2 SE/Mini 4k- 2 PK - DJI Certified Refurbished","https://dealdesk.fyi/deals/ebay-item-304925264988/","eBay","Electronics","true","2026-08-04","2026-08-11","2026-08-04","$71.20","71.2","$78.00","78","2026-08-04","2043-04-07","Refurbished · Free shipping"
"ebay-item-304925264988","DJI Battery - Mini 2/Mini SE/Mini 2 SE/Mini 4k- 2 PK - DJI Certified Refurbished","https://dealdesk.fyi/deals/ebay-item-304925264988/","eBay","Electronics","true","2026-08-04","2026-08-11","2026-08-11","$71.20","71.2","$78.00","78","2026-08-11","","Refurbished · Free shipping"
"ebay-item-304925526063","Dell Vostro 13 5301 13.3"" FHD i7-1165G7 8GB 1TB PCIe SSD MX350 Webcam FPR W10Pro","https://dealdesk.fyi/deals/ebay-item-304925526063/","eBay","Electronics","true","2026-08-04","2026-08-04","2026-08-04","$399.00","399","$669.00","669","2026-08-04","","Confirm condition, shipping, seller, and availability on eBay"
"ebay-item-305003427819","DJI Mavic 3 Intelligent Flight Battery for Mavic 3 Drone Quadcopter (Open Box)","https://dealdesk.fyi/deals/ebay-item-305003427819/","eBay","Electronics","true","2026-08-04","2026-08-11","2026-08-04","$119.20","119.2","","","2026-08-04","2043-04-07","Open Box · Free shipping"
"ebay-item-305003427819","DJI Mavic 3 Intelligent Flight Battery for Mavic 3 Drone Quadcopter (Open Box)","https://dealdesk.fyi/deals/ebay-item-305003427819/","eBay","Electronics","true","2026-08-04","2026-08-11","2026-08-11","$119.20","119.2","","","2026-08-11","","Open Box · Free shipping"
"ebay-item-305019777651","DJI FPV Intelligent Flight Battery (Open Box)","https://dealdesk.fyi/deals/ebay-item-305019777651/","eBay","Electronics","true","2026-08-04","2026-08-11","2026-08-04","$109.00","109","","","2026-08-04","2043-04-07","Open Box · Free shipping"
"ebay-item-305019777651","DJI FPV Intelligent Flight Battery (Open Box)","https://dealdesk.fyi/deals/ebay-item-305019777651/","eBay","Electronics","true","2026-08-04","2026-08-11","2026-08-11","$109.00","109","","","2026-08-11","","Open Box · Free shipping"
"ebay-item-305247420998","DJI Intelligent Flight Battery for Mini 4 Pro","https://dealdesk.fyi/deals/ebay-item-305247420998/","eBay","Electronics","true","2026-08-04","2026-08-11","2026-08-04","$69.00","69","","","2026-08-04","2043-04-07","Free shipping"
"ebay-item-305247420998","DJI Intelligent Flight Battery for Mini 4 Pro","https://dealdesk.fyi/deals/ebay-item-305247420998/","eBay","Electronics","true","2026-08-04","2026-08-11","2026-08-11","$69.00","69","","","2026-08-11","","Free shipping"
"ebay-item-305595432446","DJI Mini 3 Pro Intelligent Flight Battery-Certified Refurbished","https://dealdesk.fyi/deals/ebay-item-305595432446/","eBay","Electronics","true","2026-08-04","2026-08-11","2026-08-04","$55.00","55","","","2026-08-04","2043-04-07","Refurbished · Free shipping"
"ebay-item-305595432446","DJI Mini 3 Pro Intelligent Flight Battery-Certified Refurbished","https://dealdesk.fyi/deals/ebay-item-305595432446/","eBay","Electronics","true","2026-08-04","2026-08-11","2026-08-11","$55.00","55","","","2026-08-11","","Refurbished · Free shipping"
"ebay-item-305791017994","DJI Mini 4K Drone Fly More Ready To Fly Vlogger Combo - Certified Refurbished","https://dealdesk.fyi/deals/ebay-item-305791017994/","eBay","Electronics","true","2026-08-04","2026-08-04","2026-08-04","$599.00","599","","","2026-08-04","","Refurbished · Free shipping"
"ebay-item-305794984080","DJI Mavic 2 Pro Drone -Fly More Combo- Certified Refurbished","https://dealdesk.fyi/deals/ebay-item-305794984080/","eBay","Electronics","true","2026-08-04","2026-08-04","2026-08-04","$1,599.00","1599","$1,899.00","1899","2026-08-04","","Refurbished · Free shipping"
"ebay-item-305805052778","DJI Mini 2 SE Drone Fly More Ready To Fly Vlogger Combo - Certified Refurbished","https://dealdesk.fyi/deals/ebay-item-305805052778/","eBay","Electronics","true","2026-08-04","2026-08-11","2026-08-04","$399.00","399","$489.00","489","2026-08-04","2043-04-07","Refurbished · Free shipping"
"ebay-item-305805052778","DJI Mini 2 SE Drone Fly More Ready To Fly Vlogger Combo - Certified Refurbished","https://dealdesk.fyi/deals/ebay-item-305805052778/","eBay","Electronics","true","2026-08-04","2026-08-11","2026-08-11","$399.00","399","$489.00","489","2026-08-11","","Refurbished · Free shipping"
"ebay-item-305957914668","DJI Mini 4K Drone 3 Battery Ready To Fly Vlogger Combo - Certified Refurbished","https://dealdesk.fyi/deals/ebay-item-305957914668/","eBay","Electronics","true","2026-08-11","2026-08-11","2026-08-11","$449.00","449","$748.00","748","2026-08-11","","Refurbished · Free shipping"
"ebay-item-305985346168","DJI Mini SE Drone Fly More Ready To Fly Vlogger Combo - Certified Refurbished","https://dealdesk.fyi/deals/ebay-item-305985346168/","eBay","Electronics","true","2026-08-04","2026-08-11","2026-08-04","$349.00","349","$489.00","489","2026-08-04","2043-04-07","Refurbished · Free shipping"
"ebay-item-305985346168","DJI Mini SE Drone Fly More Ready To Fly Vlogger Combo - Certified Refurbished","https://dealdesk.fyi/deals/ebay-item-305985346168/","eBay","Electronics","true","2026-08-04","2026-08-11","2026-08-11","$349.00","349","$489.00","489","2026-08-11","","Refurbished · Free shipping"
"ebay-item-306092779698","DJI Mini 4K Fly More Combo","https://dealdesk.fyi/deals/ebay-item-306092779698/","eBay","Electronics","true","2026-08-11","2026-08-11","2026-08-11","$549.00","549","","","2026-08-11","","Free shipping"
"ebay-item-306114948723","Seagate Exos 28TB 7.2K RPM SATA 6Gb/s 512e CMR 3.5in Recertified Hard Drive ST28","https://dealdesk.fyi/deals/ebay-item-306114948723/","eBay","Electronics","true","2026-08-04","2026-08-04","2026-08-04","$622.49","622.49","$712.49","712.49","2026-08-04","","Refurbished · Free shipping"
"ebay-item-306316809556","Lenovo ThinkPad L14 Gen 3 14"" FHD Touch Ryzen 5 PRO 5675U 32GB 1TB SSD 3 Yr Wrty","https://dealdesk.fyi/deals/ebay-item-306316809556/","eBay","Electronics","true","2026-08-11","2026-08-11","2026-08-11","$564.00","564","$999.00","999","2026-08-11","","Refurbished · Free shipping"
"ebay-item-306378300516","Samsung Q990F 11.1.4ch Q Series Soundbar Wireless Dolby Atmos","https://dealdesk.fyi/deals/ebay-item-306378300516/","eBay","Electronics","true","2026-08-04","2026-08-31","2026-08-04","$933.20","933.2","","","2026-08-04","2026-11-30","Refurbished · Free shipping"
"ebay-item-306378300516","Samsung Q990F 11.1.4ch Q Series Soundbar Wireless Dolby Atmos","https://dealdesk.fyi/deals/ebay-item-306378300516/","eBay","Electronics","true","2026-08-04","2026-08-31","2026-08-11","$1023.51","1023.51","","","2026-08-11","","Refurbished · Free shipping"
"ebay-item-306378300516","Samsung Q990F 11.1.4ch Q Series Soundbar Wireless Dolby Atmos","https://dealdesk.fyi/deals/ebay-item-306378300516/","eBay","Electronics","true","2026-08-04","2026-08-31","2026-08-23","$874.94","874.94","","","2026-08-23","","Refurbished · Free shipping"
"ebay-item-306378300516","Samsung Q990F 11.1.4ch Q Series Soundbar Wireless Dolby Atmos","https://dealdesk.fyi/deals/ebay-item-306378300516/","eBay","Electronics","true","2026-08-04","2026-08-31","2026-08-31","$1023.51","1023.51","","","2026-08-31","","Refurbished · Free shipping"
"ebay-item-306385527233","DJI FPV Drone Aircraft and Camera only-Certified Refurbished","https://dealdesk.fyi/deals/ebay-item-306385527233/","eBay","Electronics","true","2026-08-04","2026-08-11","2026-08-04","$382.80","382.8","$1,299.00","1299","2026-08-04","2043-04-07","Refurbished · Free shipping"
"ebay-item-306385527233","DJI FPV Drone Aircraft and Camera only-Certified Refurbished","https://dealdesk.fyi/deals/ebay-item-306385527233/","eBay","Electronics","true","2026-08-04","2026-08-11","2026-08-11","$382.80","382.8","$1299.00","1299","2026-08-11","","Refurbished · Free shipping"
"ebay-item-306505726122","Hisense R652 5.1 Ch Soundbar 6.5” Wireless Subwoofer Rear Surround Speakers 440W","https://dealdesk.fyi/deals/ebay-item-306505726122/","eBay","Electronics","true","2026-08-11","2026-08-11","2026-08-11","$117.99","117.99","","","2026-08-11","","Refurbished · Free shipping"
"ebay-item-306544237443","WYZE Outdoor Floodlight Security Camera Pro 2.5K HD 3000Lumen LED 180° Wide View","https://dealdesk.fyi/deals/ebay-item-306544237443/","eBay","Electronics","true","2026-08-04","2026-08-31","2026-08-04","$79.99","79.99","","","2026-08-04","2026-11-07","Refurbished · Free shipping"
"ebay-item-306544237443","WYZE Outdoor Floodlight Security Camera Pro 2.5K HD 3000Lumen LED 180° Wide View","https://dealdesk.fyi/deals/ebay-item-306544237443/","eBay","Electronics","true","2026-08-04","2026-08-31","2026-08-11","$79.99","79.99","","","2026-08-11","","Refurbished · Free shipping"
"ebay-item-306544237443","WYZE Outdoor Floodlight Security Camera Pro 2.5K HD 3000Lumen LED 180° Wide View","https://dealdesk.fyi/deals/ebay-item-306544237443/","eBay","Electronics","true","2026-08-04","2026-08-31","2026-08-31","$78.39","78.39","","","2026-08-31","","Refurbished · Free shipping"
"ebay-item-306589505191","Mega Dream ex Booster Box Sealed Pokémon Japanese Mega US SELLER SHIPS NOW!","https://dealdesk.fyi/deals/ebay-item-306589505191/","eBay","Toys & hobbies","true","2026-08-04","2026-08-23","2026-08-04","$128.99","128.99","","","2026-08-04","2027-01-01","Free shipping"
"ebay-item-306589505191","Mega Dream ex Booster Box Sealed Pokémon Japanese Mega US SELLER SHIPS NOW!","https://dealdesk.fyi/deals/ebay-item-306589505191/","eBay","Toys & hobbies","true","2026-08-04","2026-08-23","2026-08-11","$128.99","128.99","","","2026-08-11","","Free shipping"
"ebay-item-306589505191","Mega Dream ex Booster Box Sealed Pokémon Japanese Mega US SELLER SHIPS NOW!","https://dealdesk.fyi/deals/ebay-item-306589505191/","eBay","Toys & hobbies","true","2026-08-04","2026-08-23","2026-08-23","$124.99","124.99","","","2026-08-23","","Free shipping"
"ebay-item-306664316804","Hisense AX3120Q 3.1.2Ch Sound Bar with Wireless Subwoofer Bluetooth for Roku TV","https://dealdesk.fyi/deals/ebay-item-306664316804/","eBay","Electronics","true","2026-08-04","2026-08-04","2026-08-04","$202.00","202","","","2026-08-04","","Refurbished · Free shipping"
"ebay-item-306690790137","HP Elite Dragonfly Chromebook 13.5"" QHD Touch I7-1265U 32GB 512GB WIFI CHROME","https://dealdesk.fyi/deals/ebay-item-306690790137/","eBay","Electronics","true","2026-08-04","2026-08-11","2026-08-04","$359.99","359.99","$599.99","599.99","2026-08-04","2027-08-31","Refurbished · Free shipping"
"ebay-item-306690790137","HP Elite Dragonfly Chromebook 13.5"" QHD Touch I7-1265U 32GB 512GB WIFI CHROME","https://dealdesk.fyi/deals/ebay-item-306690790137/","eBay","Electronics","true","2026-08-04","2026-08-11","2026-08-11","$359.99","359.99","$599.99","599.99","2026-08-11","","Refurbished · Free shipping"
"ebay-item-306714900511","Pokémon TCG: Pokémon Day 2026 Collection Phantasmal Flames New Sealed","https://dealdesk.fyi/deals/ebay-item-306714900511/","eBay","Toys & hobbies","true","2026-08-11","2026-08-11","2026-08-11","$42.99","42.99","","","2026-08-11","","Free shipping"
"ebay-item-306774566195","DJI Mini 5 Pro Fly More Combo with DJI RC 2, Drone with Camera","https://dealdesk.fyi/deals/ebay-item-306774566195/","eBay","Electronics","true","2026-08-04","2026-08-11","2026-08-04","$1,189.00","1189","","","2026-08-04","2043-04-07","Free shipping"
"ebay-item-306774566195","DJI Mini 5 Pro Fly More Combo with DJI RC 2, Drone with Camera","https://dealdesk.fyi/deals/ebay-item-306774566195/","eBay","Electronics","true","2026-08-04","2026-08-11","2026-08-11","$1189.00","1189","","","2026-08-11","","Free shipping"
"ebay-item-306774651012","DJI Mini 5 Pro Fly More Combo Plus with DJI RC 2, Drone with Camera","https://dealdesk.fyi/deals/ebay-item-306774651012/","eBay","Electronics","true","2026-08-04","2026-08-11","2026-08-04","$1,189.00","1189","","","2026-08-04","2043-04-07","Free shipping"
"ebay-item-306774651012","DJI Mini 5 Pro Fly More Combo Plus with DJI RC 2, Drone with Camera","https://dealdesk.fyi/deals/ebay-item-306774651012/","eBay","Electronics","true","2026-08-04","2026-08-11","2026-08-11","$1189.00","1189","","","2026-08-11","","Free shipping"
"ebay-item-306774668648","DJI Mini 5 Pro Fly More Combo with DJI RC-N3, Drone with Camera","https://dealdesk.fyi/deals/ebay-item-306774668648/","eBay","Electronics","true","2026-08-04","2026-08-11","2026-08-04","$959.00","959","","","2026-08-04","2043-04-07","Free shipping"
"ebay-item-306774668648","DJI Mini 5 Pro Fly More Combo with DJI RC-N3, Drone with Camera","https://dealdesk.fyi/deals/ebay-item-306774668648/","eBay","Electronics","true","2026-08-04","2026-08-11","2026-08-11","$959.00","959","","","2026-08-11","","Free shipping"
"ebay-item-306777933193","DJI Neo 2 (Drone Only), Lightweight & Foldable 4K Drone With Camera","https://dealdesk.fyi/deals/ebay-item-306777933193/","eBay","Electronics","true","2026-08-04","2026-08-11","2026-08-04","$259.00","259","","","2026-08-04","2043-04-07","Free shipping"
"ebay-item-306777933193","DJI Neo 2 (Drone Only), Lightweight & Foldable 4K Drone With Camera","https://dealdesk.fyi/deals/ebay-item-306777933193/","eBay","Electronics","true","2026-08-04","2026-08-11","2026-08-11","$259.00","259","","","2026-08-11","","Free shipping"
"ebay-item-306777957665","DJI Neo 2 Fly More Combo With RC-N3 Remote Controller","https://dealdesk.fyi/deals/ebay-item-306777957665/","eBay","Electronics","true","2026-08-04","2026-08-11","2026-08-04","$429.00","429","","","2026-08-04","2043-04-07","Free shipping"
"ebay-item-306777957665","DJI Neo 2 Fly More Combo With RC-N3 Remote Controller","https://dealdesk.fyi/deals/ebay-item-306777957665/","eBay","Electronics","true","2026-08-04","2026-08-11","2026-08-11","$429.00","429","","","2026-08-11","","Free shipping"
"ebay-item-306777980363","DJI Neo 2 Fly More Combo (Drone Only), 4K Drone With Camera","https://dealdesk.fyi/deals/ebay-item-306777980363/","eBay","Electronics","true","2026-08-04","2026-08-11","2026-08-04","$349.00","349","","","2026-08-04","2043-04-07","Free shipping"
"ebay-item-306777980363","DJI Neo 2 Fly More Combo (Drone Only), 4K Drone With Camera","https://dealdesk.fyi/deals/ebay-item-306777980363/","eBay","Electronics","true","2026-08-04","2026-08-11","2026-08-11","$349.00","349","","","2026-08-11","","Free shipping"
"ebay-item-306777995722","DJI Neo 2 Motion Fly More Combo With RC Motion 3 & Goggles N3","https://dealdesk.fyi/deals/ebay-item-306777995722/","eBay","Electronics","true","2026-08-11","2026-08-11","2026-08-11","$599.00","599","","","2026-08-11","","Free shipping"
"ebay-item-306778014779","DJI Avata 2 Fly More Combo (1 Battery)","https://dealdesk.fyi/deals/ebay-item-306778014779/","eBay","Electronics","true","2026-08-04","2026-08-04","2026-08-04","$999.00","999","","","2026-08-04","","Free shipping"
"ebay-item-306778069291","DJI Avata 2 Fly Smart Combo (Three Batteries)","https://dealdesk.fyi/deals/ebay-item-306778069291/","eBay","Electronics","true","2026-08-11","2026-08-11","2026-08-11","$1019.00","1019","","","2026-08-11","","Free shipping"
"ebay-item-306779708410","DJI Mini 4 Pro Fly More Combo with DJI RC 2","https://dealdesk.fyi/deals/ebay-item-306779708410/","eBay","Electronics","true","2026-08-04","2026-08-11","2026-08-04","$1,099.00","1099","","","2026-08-04","2043-04-07","Free shipping"
"ebay-item-306779708410","DJI Mini 4 Pro Fly More Combo with DJI RC 2","https://dealdesk.fyi/deals/ebay-item-306779708410/","eBay","Electronics","true","2026-08-04","2026-08-11","2026-08-11","$1099.00","1099","","","2026-08-11","","Free shipping"
"ebay-item-306779780630","DJI Flip Fly More Combo With RC 2","https://dealdesk.fyi/deals/ebay-item-306779780630/","eBay","Electronics","true","2026-08-04","2026-08-04","2026-08-04","$779.00","779","","","2026-08-04","","Free shipping"
"ebay-item-306779912929","DJI Mini 4K Fly More Combo","https://dealdesk.fyi/deals/ebay-item-306779912929/","eBay","Electronics","true","2026-08-04","2026-08-11","2026-08-04","$449.00","449","","","2026-08-04","2043-04-07","Free shipping"
"ebay-item-306779912929","DJI Mini 4K Fly More Combo","https://dealdesk.fyi/deals/ebay-item-306779912929/","eBay","Electronics","true","2026-08-04","2026-08-11","2026-08-11","$449.00","449","","","2026-08-11","","Free shipping"
"ebay-item-306779955927","DJI Mini 3 (RC-N1)","https://dealdesk.fyi/deals/ebay-item-306779955927/","eBay","Electronics","true","2026-08-11","2026-08-11","2026-08-11","$419.00","419","","","2026-08-11","","Free shipping"
"ebay-item-306779962155","DJI Mini 3 (DJI RC)","https://dealdesk.fyi/deals/ebay-item-306779962155/","eBay","Electronics","true","2026-08-04","2026-08-11","2026-08-04","$549.00","549","","","2026-08-04","2043-04-07","Free shipping"
"ebay-item-306779962155","DJI Mini 3 (DJI RC)","https://dealdesk.fyi/deals/ebay-item-306779962155/","eBay","Electronics","true","2026-08-04","2026-08-11","2026-08-11","$549.00","549","","","2026-08-11","","Free shipping"
"ebay-item-306780038114","DJI Air 3S Fly More Combo (RC 2 Screen Remote Controller)","https://dealdesk.fyi/deals/ebay-item-306780038114/","eBay","Electronics","true","2026-08-11","2026-08-11","2026-08-11","$1599.00","1599","","","2026-08-11","","Free shipping"
"ebay-item-306780163521","DJI Mavic 4 Pro Fly More Combo with DJI RC 2","https://dealdesk.fyi/deals/ebay-item-306780163521/","eBay","Electronics","true","2026-08-04","2026-08-11","2026-08-04","$2,899.00","2899","","","2026-08-04","2043-04-07","Free shipping"
"ebay-item-306780163521","DJI Mavic 4 Pro Fly More Combo with DJI RC 2","https://dealdesk.fyi/deals/ebay-item-306780163521/","eBay","Electronics","true","2026-08-04","2026-08-11","2026-08-11","$2899.00","2899","","","2026-08-11","","Free shipping"
"ebay-item-306788481450","DJI Neo (No RC) (Refurbished)","https://dealdesk.fyi/deals/ebay-item-306788481450/","eBay","Electronics","true","2026-08-11","2026-08-11","2026-08-11","$169.00","169","","","2026-08-11","","Refurbished · Free shipping"
"ebay-item-306788519592","DJI Goggles N3 (Refurbished)","https://dealdesk.fyi/deals/ebay-item-306788519592/","eBay","Electronics","true","2026-08-04","2026-08-11","2026-08-04","$299.00","299","","","2026-08-04","2043-04-07","Refurbished · Free shipping"
"ebay-item-306788519592","DJI Goggles N3 (Refurbished)","https://dealdesk.fyi/deals/ebay-item-306788519592/","eBay","Electronics","true","2026-08-04","2026-08-11","2026-08-11","$299.00","299","","","2026-08-11","","Refurbished · Free shipping"
"ebay-item-306788523425","DJI Neo Two-Way Charging Hub (Refurbished)","https://dealdesk.fyi/deals/ebay-item-306788523425/","eBay","Electronics","true","2026-08-04","2026-08-11","2026-08-04","$29.00","29","","","2026-08-04","2043-04-07","Refurbished · Free shipping"
"ebay-item-306788523425","DJI Neo Two-Way Charging Hub (Refurbished)","https://dealdesk.fyi/deals/ebay-item-306788523425/","eBay","Electronics","true","2026-08-04","2026-08-11","2026-08-11","$29.00","29","","","2026-08-11","","Refurbished · Free shipping"
"ebay-item-306788552019","DJI Air 3S (RC-N3) (Certified Refurbished)","https://dealdesk.fyi/deals/ebay-item-306788552019/","eBay","Electronics","true","2026-08-04","2026-08-11","2026-08-04","$999.00","999","","","2026-08-04","2043-04-07","Refurbished · Free shipping"
"ebay-item-306788552019","DJI Air 3S (RC-N3) (Certified Refurbished)","https://dealdesk.fyi/deals/ebay-item-306788552019/","eBay","Electronics","true","2026-08-04","2026-08-11","2026-08-11","$999.00","999","","","2026-08-11","","Refurbished · Free shipping"
"ebay-item-306788675797","DJI Flip (RC-N3) (Certified Refurbished)","https://dealdesk.fyi/deals/ebay-item-306788675797/","eBay","Electronics","true","2026-08-11","2026-08-11","2026-08-11","$369.00","369","","","2026-08-11","","Refurbished · Free shipping"
"ebay-item-306790338613","DJI Mavic 2 Pro (Certified Refurbished)","https://dealdesk.fyi/deals/ebay-item-306790338613/","eBay","Electronics","true","2026-08-04","2026-08-04","2026-08-04","$1,099.00","1099","","","2026-08-04","","Refurbished · Free shipping"
"ebay-item-306790438012","DJI Mavic 2 Zoom (Certified Refurbished)","https://dealdesk.fyi/deals/ebay-item-306790438012/","eBay","Electronics","true","2026-08-04","2026-08-04","2026-08-04","$999.00","999","","","2026-08-04","","Refurbished · Free shipping"
"ebay-item-306790517213","DJI Mini 5 Pro Fly More Combo Plus with DJI RC 2 (NYC Care Plan 1 Year Included)","https://dealdesk.fyi/deals/ebay-item-306790517213/","eBay","Electronics","true","2026-08-04","2026-08-25","2026-08-04","$1,309.00","1309","","","2026-08-04","","Free shipping"
"ebay-item-306790517213","DJI Mini 5 Pro Fly More Combo Plus with DJI RC 2 (NYC Care Plan 1 Year Included)","https://dealdesk.fyi/deals/ebay-item-306790517213/","eBay","Electronics","true","2026-08-04","2026-08-25","2026-08-25","$1309.00","1309","","","2026-08-25","","Free shipping"
"ebay-item-306791843535","DJI Mic 2 (2 TX + 1 RX + Charging Case) (Certified Refurbished)","https://dealdesk.fyi/deals/ebay-item-306791843535/","eBay","Electronics","true","2026-08-11","2026-08-11","2026-08-11","$179.00","179","","","2026-08-11","","Refurbished · Free shipping"
"ebay-item-306791851998","DJI Mic Mini Transmitter (Infinity Black) (Certified Refurbished)","https://dealdesk.fyi/deals/ebay-item-306791851998/","eBay","Electronics","true","2026-08-04","2026-08-11","2026-08-04","$30.00","30","","","2026-08-04","2027-01-31","Refurbished · Free shipping"
"ebay-item-306791851998","DJI Mic Mini Transmitter (Infinity Black) (Certified Refurbished)","https://dealdesk.fyi/deals/ebay-item-306791851998/","eBay","Electronics","true","2026-08-04","2026-08-11","2026-08-11","$30.00","30","","","2026-08-11","","Refurbished · Free shipping"
"ebay-item-306791882157","DJI Mic Mini (1 TX + 1 RX) (Certified Refurbished)","https://dealdesk.fyi/deals/ebay-item-306791882157/","eBay","Electronics","true","2026-08-04","2026-08-11","2026-08-04","$42.00","42","","","2026-08-04","2043-04-07","Refurbished · Free shipping"
"ebay-item-306791882157","DJI Mic Mini (1 TX + 1 RX) (Certified Refurbished)","https://dealdesk.fyi/deals/ebay-item-306791882157/","eBay","Electronics","true","2026-08-04","2026-08-11","2026-08-11","$42.00","42","","","2026-08-11","","Refurbished · Free shipping"
"ebay-item-306791886107","DJI Osmo Action 5 Pro Standard Combo (Certified Refurbished)","https://dealdesk.fyi/deals/ebay-item-306791886107/","eBay","Electronics","true","2026-08-04","2026-08-11","2026-08-04","$289.00","289","","","2026-08-04","2043-04-07","Refurbished · Free shipping"
"ebay-item-306791886107","DJI Osmo Action 5 Pro Standard Combo (Certified Refurbished)","https://dealdesk.fyi/deals/ebay-item-306791886107/","eBay","Electronics","true","2026-08-04","2026-08-11","2026-08-11","$289.00","289","","","2026-08-11","","Refurbished · Free shipping"
"ebay-item-306792332361","DJI RS BG30 Battery Grip","https://dealdesk.fyi/deals/ebay-item-306792332361/","eBay","Electronics","true","2026-08-11","2026-08-11","2026-08-11","$99.00","99","","","2026-08-11","","Free shipping"
"ebay-item-306794109014","Destined Rivals ETB Elite Trainer Box - Brand New & Sealed","https://dealdesk.fyi/deals/ebay-item-306794109014/","eBay","Toys & hobbies","true","2026-08-11","2026-08-11","2026-08-11","$139.99","139.99","","","2026-08-11","","Free shipping"
"ebay-item-306799689425","DJI Goggles 2 Battery","https://dealdesk.fyi/deals/ebay-item-306799689425/","eBay","Electronics","true","2026-08-04","2026-08-11","2026-08-04","$39.00","39","","","2026-08-04","2043-04-07","Free shipping"
"ebay-item-306799689425","DJI Goggles 2 Battery","https://dealdesk.fyi/deals/ebay-item-306799689425/","eBay","Electronics","true","2026-08-04","2026-08-11","2026-08-11","$39.00","39","","","2026-08-11","","Free shipping"
"ebay-item-306799988348","Pokemon Mega Evolution Ascended Heroes Elite Trainer Box ETB Sealed New","https://dealdesk.fyi/deals/ebay-item-306799988348/","eBay","Toys & hobbies","true","2026-08-11","2026-08-11","2026-08-11","$183.97","183.97","","","2026-08-11","","Free shipping"
"ebay-item-306801329750","DJI Avata 2 Two-Way Charging Hub","https://dealdesk.fyi/deals/ebay-item-306801329750/","eBay","Electronics","true","2026-08-04","2026-08-04","2026-08-04","$59.00","59","","","2026-08-04","","Free shipping"
"ebay-item-306815817586","Lenovo ThinkPad X1 Yoga Gen 7 14"" i7-1265u 16GB 512GB - Very Good","https://dealdesk.fyi/deals/ebay-item-306815817586/","eBay","Electronics","true","2026-08-04","2026-08-24","2026-08-04","$549.99","549.99","","","2026-08-04","2028-01-31","Refurbished · Free shipping"
"ebay-item-306815817586","Lenovo ThinkPad X1 Yoga Gen 7 14"" i7-1265u 16GB 512GB - Very Good","https://dealdesk.fyi/deals/ebay-item-306815817586/","eBay","Electronics","true","2026-08-04","2026-08-24","2026-08-11","$524.99","524.99","","","2026-08-11","","Refurbished · Free shipping"
"ebay-item-306815817586","Lenovo ThinkPad X1 Yoga Gen 7 14"" i7-1265u 16GB 512GB - Very Good","https://dealdesk.fyi/deals/ebay-item-306815817586/","eBay","Electronics","true","2026-08-04","2026-08-24","2026-08-24","$549.99","549.99","","","2026-08-24","","Refurbished · Free shipping"
"ebay-item-306904952496","Abyss Eye M5 Booster Box Mega Evolution EX Pokémon Japanese US Seller SHIPS NOW!","https://dealdesk.fyi/deals/ebay-item-306904952496/","eBay","Toys & hobbies","true","2026-08-04","2026-08-28","2026-08-04","$99.99","99.99","","","2026-08-04","2027-01-01","Free shipping"
"ebay-item-306904952496","Abyss Eye M5 Booster Box Mega Evolution EX Pokémon Japanese US Seller SHIPS NOW!","https://dealdesk.fyi/deals/ebay-item-306904952496/","eBay","Toys & hobbies","true","2026-08-04","2026-08-28","2026-08-11","$99.99","99.99","","","2026-08-11","","Free shipping"
"ebay-item-306904952496","Abyss Eye M5 Booster Box Mega Evolution EX Pokémon Japanese US Seller SHIPS NOW!","https://dealdesk.fyi/deals/ebay-item-306904952496/","eBay","Toys & hobbies","true","2026-08-04","2026-08-28","2026-08-23","$89.99","89.99","","","2026-08-23","","Free shipping"
"ebay-item-306904952496","Abyss Eye M5 Booster Box Mega Evolution EX Pokémon Japanese US Seller SHIPS NOW!","https://dealdesk.fyi/deals/ebay-item-306904952496/","eBay","Toys & hobbies","true","2026-08-04","2026-08-28","2026-08-28","$87.99","87.99","","","2026-08-28","","Free shipping"
"ebay-item-306934852161","Lenovo ThinkPad L14 Gen 5 14"" FHD+ RYZEN 5 PRO 7535U 256GB 16GB W11 Pro US/EN","https://dealdesk.fyi/deals/ebay-item-306934852161/","eBay","Electronics","true","2026-08-04","2026-08-11","2026-08-04","$489.99","489.99","","","2026-08-04","2028-01-31","Refurbished · Free shipping"
"ebay-item-306934852161","Lenovo ThinkPad L14 Gen 5 14"" FHD+ RYZEN 5 PRO 7535U 256GB 16GB W11 Pro US/EN","https://dealdesk.fyi/deals/ebay-item-306934852161/","eBay","Electronics","true","2026-08-04","2026-08-11","2026-08-11","$489.99","489.99","","","2026-08-11","","Refurbished · Free shipping"
"ebay-item-306949458765","Lenovo ThinkPad X1 Carbon Gen 10 14 WUXGA TOUCH  i7-1270P 16GB 512GB WIN 11 PRO","https://dealdesk.fyi/deals/ebay-item-306949458765/","eBay","Electronics","true","2026-08-04","2026-08-11","2026-08-04","$549.99","549.99","$999.99","999.99","2026-08-04","2027-08-31","Refurbished · Free shipping"
"ebay-item-306949458765","Lenovo ThinkPad X1 Carbon Gen 10 14 WUXGA TOUCH  i7-1270P 16GB 512GB WIN 11 PRO","https://dealdesk.fyi/deals/ebay-item-306949458765/","eBay","Electronics","true","2026-08-04","2026-08-11","2026-08-11","$549.99","549.99","$999.99","999.99","2026-08-11","","Refurbished · Free shipping"
"ebay-item-306965835989","Lenovo ThinkPad T480 14"" FHD Core i5-8350U 16GB 512GB PCIe SSD Cam Win11Pro","https://dealdesk.fyi/deals/ebay-item-306965835989/","eBay","Electronics","true","2026-08-11","2026-08-11","2026-08-11","$310.00","310","$549.00","549","2026-08-11","","Refurbished · Free shipping"
"ebay-item-306983061588","Dell Latitude 7212 Rugged 11.6"" Core i7-8650U 1.90GHZ 16GB 512GB Win 11P","https://dealdesk.fyi/deals/ebay-item-306983061588/","eBay","Electronics","true","2026-08-11","2026-08-11","2026-08-11","$329.99","329.99","$699.99","699.99","2026-08-11","","Refurbished · Free shipping"
"ebay-item-306983192651","Mission LX-6 MKII 6.5"" 3-Way Floor Standing Home Audio Tower Speaker in Black","https://dealdesk.fyi/deals/ebay-item-306983192651/","eBay","Electronics","true","2026-08-04","2026-08-23","2026-08-04","$214.00","214","$1,199.00","1199","2026-08-04","","Refurbished · Free shipping"
"ebay-item-306983192651","Mission LX-6 MKII 6.5"" 3-Way Floor Standing Home Audio Tower Speaker in Black","https://dealdesk.fyi/deals/ebay-item-306983192651/","eBay","Electronics","true","2026-08-04","2026-08-23","2026-08-23","$214.00","214","$1199.00","1199","2026-08-23","","Refurbished · Free shipping"
"ebay-item-306984439067","Hisense R652 5.1 Ch Soundbar with Subwoofer & Rear Surround Speakers 440W Dolby","https://dealdesk.fyi/deals/ebay-item-306984439067/","eBay","Electronics","true","2026-08-04","2026-08-31","2026-08-04","$109.99","109.99","$129.99","129.99","2026-08-04","2026-11-30","Refurbished · Free shipping"
"ebay-item-306984439067","Hisense R652 5.1 Ch Soundbar with Subwoofer & Rear Surround Speakers 440W Dolby","https://dealdesk.fyi/deals/ebay-item-306984439067/","eBay","Electronics","true","2026-08-04","2026-08-31","2026-08-11","$109.99","109.99","$129.99","129.99","2026-08-11","","Refurbished · Free shipping"
"ebay-item-306984439067","Hisense R652 5.1 Ch Soundbar with Subwoofer & Rear Surround Speakers 440W Dolby","https://dealdesk.fyi/deals/ebay-item-306984439067/","eBay","Electronics","true","2026-08-04","2026-08-31","2026-08-26","$129.99","129.99","","","2026-08-26","","Refurbished · Free shipping"
"ebay-item-306984439067","Hisense R652 5.1 Ch Soundbar with Subwoofer & Rear Surround Speakers 440W Dolby","https://dealdesk.fyi/deals/ebay-item-306984439067/","eBay","Electronics","true","2026-08-04","2026-08-31","2026-08-31","$110.49","110.49","$129.99","129.99","2026-08-31","","Refurbished · Free shipping"
"ebay-item-306998065777","Hisense R632 3.1 Channel Bluetooth Soundbar Wireless Subwoofer Dolby Atmos 380W","https://dealdesk.fyi/deals/ebay-item-306998065777/","eBay","Electronics","true","2026-08-04","2026-08-25","2026-08-04","$89.99","89.99","","","2026-08-04","2026-11-30","Refurbished · Free shipping"
"ebay-item-306998065777","Hisense R632 3.1 Channel Bluetooth Soundbar Wireless Subwoofer Dolby Atmos 380W","https://dealdesk.fyi/deals/ebay-item-306998065777/","eBay","Electronics","true","2026-08-04","2026-08-25","2026-08-11","$89.99","89.99","","","2026-08-11","","Refurbished · Free shipping"
"ebay-item-306998065777","Hisense R632 3.1 Channel Bluetooth Soundbar Wireless Subwoofer Dolby Atmos 380W","https://dealdesk.fyi/deals/ebay-item-306998065777/","eBay","Electronics","true","2026-08-04","2026-08-25","2026-08-23","$80.99","80.99","$89.99","89.99","2026-08-23","","Refurbished · Free shipping"
"ebay-item-306998065777","Hisense R632 3.1 Channel Bluetooth Soundbar Wireless Subwoofer Dolby Atmos 380W","https://dealdesk.fyi/deals/ebay-item-306998065777/","eBay","Electronics","true","2026-08-04","2026-08-25","2026-08-25","$89.99","89.99","","","2026-08-25","","Refurbished · Free shipping"
"ebay-item-306998769759","Pokemon TCG: Gemstone Gem Pack Volume.5 Booster Box (Chinese) US SELLER","https://dealdesk.fyi/deals/ebay-item-306998769759/","eBay","Toys & hobbies","true","2026-08-04","2026-08-04","2026-08-04","$49.99","49.99","","","2026-08-04","","Free shipping"
"ebay-item-307009125890","Matchbox: The Movie Desert Chase Escape 1:64 Scale Die-Cast Vehicles 4-Pack [New","https://dealdesk.fyi/deals/ebay-item-307009125890/","eBay","Collectibles","true","2026-08-04","2026-08-04","2026-08-04","$31.97","31.97","$40.98","40.98","2026-08-04","","Free shipping"
"ebay-item-307037692989","Transformers x NFL - Buffalo Bills - Blizz-herd Helmet Action Figure [New Toy]","https://dealdesk.fyi/deals/ebay-item-307037692989/","eBay","Collectibles","true","2026-08-04","2026-08-11","2026-08-04","$29.99","29.99","$38.98","38.98","2026-08-04","2027-02-06","Free shipping"
"ebay-item-307037692989","Transformers x NFL - Buffalo Bills - Blizz-herd Helmet Action Figure [New Toy]","https://dealdesk.fyi/deals/ebay-item-307037692989/","eBay","Collectibles","true","2026-08-04","2026-08-11","2026-08-11","$29.99","29.99","$38.98","38.98","2026-08-11","","Free shipping"
"ebay-item-307048071635","Storm Emeralda Booster Box Japanese Pokemon Mega Evolution US Seller SHIPS NOW!","https://dealdesk.fyi/deals/ebay-item-307048071635/","eBay","Toys & hobbies","true","2026-08-04","2026-08-30","2026-08-04","$184.99","184.99","","","2026-08-04","2027-01-01","Free shipping"
"ebay-item-307048071635","Storm Emeralda Booster Box Japanese Pokemon Mega Evolution US Seller SHIPS NOW!","https://dealdesk.fyi/deals/ebay-item-307048071635/","eBay","Toys & hobbies","true","2026-08-04","2026-08-30","2026-08-11","$177.99","177.99","","","2026-08-11","","Free shipping"
"ebay-item-307048071635","Storm Emeralda Booster Box Japanese Pokemon Mega Evolution US Seller SHIPS NOW!","https://dealdesk.fyi/deals/ebay-item-307048071635/","eBay","Toys & hobbies","true","2026-08-04","2026-08-30","2026-08-23","$154.99","154.99","","","2026-08-23","","Free shipping"
"ebay-item-307048071635","Storm Emeralda Booster Box Japanese Pokemon Mega Evolution US Seller SHIPS NOW!","https://dealdesk.fyi/deals/ebay-item-307048071635/","eBay","Toys & hobbies","true","2026-08-04","2026-08-30","2026-08-25","$149.99","149.99","","","2026-08-25","","Free shipping"
"ebay-item-307048071635","Storm Emeralda Booster Box Japanese Pokemon Mega Evolution US Seller SHIPS NOW!","https://dealdesk.fyi/deals/ebay-item-307048071635/","eBay","Toys & hobbies","true","2026-08-04","2026-08-30","2026-08-27","$144.99","144.99","","","2026-08-27","","Free shipping"
"ebay-item-307048071635","Storm Emeralda Booster Box Japanese Pokemon Mega Evolution US Seller SHIPS NOW!","https://dealdesk.fyi/deals/ebay-item-307048071635/","eBay","Toys & hobbies","true","2026-08-04","2026-08-30","2026-08-28","$142.99","142.99","","","2026-08-28","","Free shipping"
"ebay-item-307048071635","Storm Emeralda Booster Box Japanese Pokemon Mega Evolution US Seller SHIPS NOW!","https://dealdesk.fyi/deals/ebay-item-307048071635/","eBay","Toys & hobbies","true","2026-08-04","2026-08-30","2026-08-29","$139.99","139.99","","","2026-08-29","","Free shipping"
"ebay-item-307048071635","Storm Emeralda Booster Box Japanese Pokemon Mega Evolution US Seller SHIPS NOW!","https://dealdesk.fyi/deals/ebay-item-307048071635/","eBay","Toys & hobbies","true","2026-08-04","2026-08-30","2026-08-30","$129.99","129.99","","","2026-08-30","","Free shipping"
"ebay-item-307048075445","Storm Emeralda Booster Box 10X Wholesale Bundle Japanese Pokémon US Seller","https://dealdesk.fyi/deals/ebay-item-307048075445/","eBay","Toys & hobbies","true","2026-08-11","2026-08-30","2026-08-11","$1679.95","1679.95","","","2026-08-11","","Free shipping"
"ebay-item-307048075445","Storm Emeralda Booster Box 10X Wholesale Bundle Japanese Pokémon US Seller","https://dealdesk.fyi/deals/ebay-item-307048075445/","eBay","Toys & hobbies","true","2026-08-11","2026-08-30","2026-08-23","$1449.95","1449.95","","","2026-08-23","","Free shipping"
"ebay-item-307048075445","Storm Emeralda Booster Box 10X Wholesale Bundle Japanese Pokémon US Seller","https://dealdesk.fyi/deals/ebay-item-307048075445/","eBay","Toys & hobbies","true","2026-08-11","2026-08-30","2026-08-25","$1399.95","1399.95","","","2026-08-25","","Free shipping"
"ebay-item-307048075445","Storm Emeralda Booster Box 10X Wholesale Bundle Japanese Pokémon US Seller","https://dealdesk.fyi/deals/ebay-item-307048075445/","eBay","Toys & hobbies","true","2026-08-11","2026-08-30","2026-08-27","$1349.95","1349.95","","","2026-08-27","","Free shipping"
"ebay-item-307048075445","Storm Emeralda Booster Box 10X Wholesale Bundle Japanese Pokémon US Seller","https://dealdesk.fyi/deals/ebay-item-307048075445/","eBay","Toys & hobbies","true","2026-08-11","2026-08-30","2026-08-28","$1299.99","1299.99","","","2026-08-28","","Free shipping"
"ebay-item-307048075445","Storm Emeralda Booster Box 10X Wholesale Bundle Japanese Pokémon US Seller","https://dealdesk.fyi/deals/ebay-item-307048075445/","eBay","Toys & hobbies","true","2026-08-11","2026-08-30","2026-08-30","$1199.95","1199.95","","","2026-08-30","","Free shipping"
"ebay-item-307051282826-606876277943","WYZE Cam Pan v3 IP65 1080P 360° Tilt/Zoom Wi-Fi Smart Security Camera Class B","https://dealdesk.fyi/deals/ebay-item-307051282826-606876277943/","eBay","Electronics","true","2026-08-04","2026-08-11","2026-08-04","$28.99","28.99","","","2026-08-04","2026-11-07","Refurbished · Free shipping"
"ebay-item-307051282826-606876277943","WYZE Cam Pan v3 IP65 1080P 360° Tilt/Zoom Wi-Fi Smart Security Camera Class B","https://dealdesk.fyi/deals/ebay-item-307051282826-606876277943/","eBay","Electronics","true","2026-08-04","2026-08-11","2026-08-11","$28.99","28.99","","","2026-08-11","","Refurbished · Free shipping"
"ebay-item-307051385631","WYZE Bulb Cam Security Camera 2K HD Outdoor Light Camera Night Vision Class B","https://dealdesk.fyi/deals/ebay-item-307051385631/","eBay","Electronics","true","2026-08-11","2026-08-11","2026-08-11","$34.99","34.99","","","2026-08-11","","Refurbished · Free shipping"
"ebay-item-307061813498","X-Men - Marvel Legends - Psylocke Action Figure with Box BAF Part [New Toy] Ac","https://dealdesk.fyi/deals/ebay-item-307061813498/","eBay","Collectibles","true","2026-08-04","2026-08-04","2026-08-04","$27.99","27.99","$36.98","36.98","2026-08-04","","Free shipping"
"ebay-item-307062441502","Hisense R651 5.1 Ch 510W Soundbar w/Wireless Subwoofer&2 Rear Surround Speakers","https://dealdesk.fyi/deals/ebay-item-307062441502/","eBay","Electronics","true","2026-08-04","2026-08-23","2026-08-04","$99.99","99.99","","","2026-08-04","2026-11-30","Refurbished · Free shipping"
"ebay-item-307062441502","Hisense R651 5.1 Ch 510W Soundbar w/Wireless Subwoofer&2 Rear Surround Speakers","https://dealdesk.fyi/deals/ebay-item-307062441502/","eBay","Electronics","true","2026-08-04","2026-08-23","2026-08-11","$99.99","99.99","","","2026-08-11","","Refurbished · Free shipping"
"ebay-item-307062441502","Hisense R651 5.1 Ch 510W Soundbar w/Wireless Subwoofer&2 Rear Surround Speakers","https://dealdesk.fyi/deals/ebay-item-307062441502/","eBay","Electronics","true","2026-08-04","2026-08-23","2026-08-23","$89.99","89.99","$99.99","99.99","2026-08-23","","Refurbished · Free shipping"
"ebay-item-307064775838","WYZE Bulb Cam - 2K HD Smart Light Bulb Security Camera with Color Night Vision","https://dealdesk.fyi/deals/ebay-item-307064775838/","eBay","Electronics","true","2026-08-11","2026-08-11","2026-08-11","$34.99","34.99","","","2026-08-11","","Refurbished · Free shipping"
"ebay-item-307081945610","Lenovo ThinkPad T14 Gen 7 14"" FHD+ Touch ULTRA 7 365 512GB SSD 32GB W11P Webcam","https://dealdesk.fyi/deals/ebay-item-307081945610/","eBay","Electronics","true","2026-08-04","2026-08-11","2026-08-04","$1,449.99","1449.99","","","2026-08-04","2028-01-31","Refurbished · Free shipping"
"ebay-item-307081945610","Lenovo ThinkPad T14 Gen 7 14"" FHD+ Touch ULTRA 7 365 512GB SSD 32GB W11P Webcam","https://dealdesk.fyi/deals/ebay-item-307081945610/","eBay","Electronics","true","2026-08-04","2026-08-11","2026-08-11","$1449.99","1449.99","","","2026-08-11","","Refurbished · Free shipping"
"ebay-item-307088674365","Avengers - Marvel Legends - Ghost Rider (Robbie Reyes) Action Figure & Box BAF P","https://dealdesk.fyi/deals/ebay-item-307088674365/","eBay","Collectibles","true","2026-08-04","2026-08-11","2026-08-04","$27.99","27.99","$36.98","36.98","2026-08-04","2027-02-06","Free shipping"
"ebay-item-307088674365","Avengers - Marvel Legends - Ghost Rider (Robbie Reyes) Action Figure & Box BAF P","https://dealdesk.fyi/deals/ebay-item-307088674365/","eBay","Collectibles","true","2026-08-04","2026-08-11","2026-08-11","$27.99","27.99","$36.98","36.98","2026-08-11","","Free shipping"
"ebay-item-307090925574","Magic Johnson - McFarlane's SportsPicks - Legends Series: NBA - Magic Johnson (L","https://dealdesk.fyi/deals/ebay-item-307090925574/","eBay","Collectibles","true","2026-08-04","2026-08-11","2026-08-04","$23.37","23.37","$32.98","32.98","2026-08-04","2027-02-06","Free shipping"
"ebay-item-307090925574","Magic Johnson - McFarlane's SportsPicks - Legends Series: NBA - Magic Johnson (L","https://dealdesk.fyi/deals/ebay-item-307090925574/","eBay","Collectibles","true","2026-08-04","2026-08-11","2026-08-11","$23.37","23.37","$32.98","32.98","2026-08-11","","Free shipping"
"ebay-item-307092920615","McFarlane SportsPicks - NFL - Jordan Love (Green Bay Packers) 6"" Action Figure [","https://dealdesk.fyi/deals/ebay-item-307092920615/","eBay","Collectibles","true","2026-08-04","2026-08-11","2026-08-04","$23.87","23.87","$32.98","32.98","2026-08-04","2027-02-06","Free shipping"
"ebay-item-307092920615","McFarlane SportsPicks - NFL - Jordan Love (Green Bay Packers) 6"" Action Figure [","https://dealdesk.fyi/deals/ebay-item-307092920615/","eBay","Collectibles","true","2026-08-04","2026-08-11","2026-08-11","$23.87","23.87","$32.98","32.98","2026-08-11","","Free shipping"
"ebay-item-307092920632","McFarlane SportsPicks - NFL - Saquon Barkley (Philadelphia Eagles) 6"" Action Fig","https://dealdesk.fyi/deals/ebay-item-307092920632/","eBay","Collectibles","true","2026-08-04","2026-08-11","2026-08-04","$23.87","23.87","$32.98","32.98","2026-08-04","2027-02-06","Free shipping"
"ebay-item-307092920632","McFarlane SportsPicks - NFL - Saquon Barkley (Philadelphia Eagles) 6"" Action Fig","https://dealdesk.fyi/deals/ebay-item-307092920632/","eBay","Collectibles","true","2026-08-04","2026-08-11","2026-08-11","$23.87","23.87","$32.98","32.98","2026-08-11","","Free shipping"
"ebay-item-307094917265","McFarlane SportsPicks - NBA - Stephen Curry (Golden State Warriors) 6"" Action Fi","https://dealdesk.fyi/deals/ebay-item-307094917265/","eBay","Collectibles","true","2026-08-11","2026-08-11","2026-08-11","$23.37","23.37","$32.98","32.98","2026-08-11","","Free shipping"
"ebay-item-307094917271","McFarlane SportsPicks - NBA - Victor Wembanyama (San Antionio Spurs) 6"" Action F","https://dealdesk.fyi/deals/ebay-item-307094917271/","eBay","Collectibles","true","2026-08-04","2026-08-11","2026-08-04","$25.37","25.37","$34.98","34.98","2026-08-04","2027-02-06","Free shipping"
"ebay-item-307094917271","McFarlane SportsPicks - NBA - Victor Wembanyama (San Antionio Spurs) 6"" Action F","https://dealdesk.fyi/deals/ebay-item-307094917271/","eBay","Collectibles","true","2026-08-04","2026-08-11","2026-08-11","$23.37","23.37","$32.98","32.98","2026-08-11","","Free shipping"
"ebay-item-307098926277","DeForest Kelley Autographs","https://dealdesk.fyi/deals/ebay-item-307098926277/","eBay","Collectibles","true","2026-08-04","2026-08-04","2026-08-04","$2,500.00","2500","","","2026-08-04","","Pre-Owned"
"ebay-item-307119247727","2025-26 Topps Chrome Sapphire UEFA Women's Lauren James Padparadscha 1/1 Chelsea","https://dealdesk.fyi/deals/ebay-item-307119247727/","eBay","Sports collectibles","true","2026-08-11","2026-08-11","2026-08-11","$1600.00","1600","","","2026-08-11","","Pre-Owned"
"ebay-item-307119446997","2025 Bowman Chrome GPK Roki Sasaki Roki Reiwa RC #BGP-50 Dodgers PSA 9 MINT","https://dealdesk.fyi/deals/ebay-item-307119446997/","eBay","Sports collectibles","true","2026-08-11","2026-08-11","2026-08-11","$512.50","512.5","","","2026-08-11","","Free shipping"
"ebay-item-314274037776","SimpliSafe 6 Piece Wireless Home Security System - White","https://dealdesk.fyi/deals/ebay-item-314274037776/","eBay","Electronics","true","2026-08-04","2026-08-11","2026-08-04","$49.99","49.99","$284.99","284.99","2026-08-04","2026-11-07","Refurbished · Free shipping"
"ebay-item-314274037776","SimpliSafe 6 Piece Wireless Home Security System - White","https://dealdesk.fyi/deals/ebay-item-314274037776/","eBay","Electronics","true","2026-08-04","2026-08-11","2026-08-11","$49.99","49.99","$284.99","284.99","2026-08-11","","Refurbished · Free shipping"
"ebay-item-314507011824-613076236879","Official OEM Wii Remote + Pick Color & Motion Plus + 1 Year Warranty + US Seller","https://dealdesk.fyi/deals/ebay-item-314507011824-613076236879/","eBay","Electronics","true","2026-08-11","2026-08-11","2026-08-11","$18.99","18.99","","","2026-08-11","","Refurbished · Free shipping"
"ebay-item-314609606173","Warhammer AoS Orruk Warclans Mugruk Da Watcha Swampcalla Shaman Miniature","https://dealdesk.fyi/deals/ebay-item-314609606173/","eBay","Collectibles","true","2026-08-04","2026-08-23","2026-08-04","$12.34","12.34","$18.99","18.99","2026-08-04","","Free shipping"
"ebay-item-314609606173","Warhammer AoS Orruk Warclans Mugruk Da Watcha Swampcalla Shaman Miniature","https://dealdesk.fyi/deals/ebay-item-314609606173/","eBay","Collectibles","true","2026-08-04","2026-08-23","2026-08-23","$14.24","14.24","$18.99","18.99","2026-08-23","","Free shipping"
"ebay-item-314646736192","Datacolor Spyder X Pro SXP100 Monitor Display Color Calibration Colorimeter","https://dealdesk.fyi/deals/ebay-item-314646736192/","eBay","Electronics","true","2026-08-04","2026-08-11","2026-08-04","$99.99","99.99","$149.99","149.99","2026-08-04","2027-01-31","Refurbished · Free shipping"
"ebay-item-314646736192","Datacolor Spyder X Pro SXP100 Monitor Display Color Calibration Colorimeter","https://dealdesk.fyi/deals/ebay-item-314646736192/","eBay","Electronics","true","2026-08-04","2026-08-11","2026-08-11","$99.99","99.99","$149.99","149.99","2026-08-11","","Refurbished · Free shipping"
"ebay-item-315011828014","Datacolor KIT: Spyder X Pro SXP100 Monitor Display Colorimeter+Spyder USBC cable","https://dealdesk.fyi/deals/ebay-item-315011828014/","eBay","Electronics","true","2026-08-04","2026-08-11","2026-08-04","$105.59","105.59","$159.98","159.98","2026-08-04","2027-01-31","Refurbished · Free shipping"
"ebay-item-315011828014","Datacolor KIT: Spyder X Pro SXP100 Monitor Display Colorimeter+Spyder USBC cable","https://dealdesk.fyi/deals/ebay-item-315011828014/","eBay","Electronics","true","2026-08-04","2026-08-11","2026-08-11","$105.59","105.59","$159.98","159.98","2026-08-11","","Refurbished · Free shipping"
"ebay-item-315281372371","ANNKE 10MP Wireless PTZ 12xZoom Security Camera Two-Way Audio Color Night Vision","https://dealdesk.fyi/deals/ebay-item-315281372371/","eBay","Electronics","true","2026-08-11","2026-08-11","2026-08-11","$49.99","49.99","$99.99","99.99","2026-08-11","","Refurbished · Free shipping"
"ebay-item-315998905171","Datacolor Spyder Monitor Calibration Tool Colorimeter SP2024 full warranty","https://dealdesk.fyi/deals/ebay-item-315998905171/","eBay","Electronics","true","2026-08-11","2026-08-11","2026-08-11","$119.00","119","$169.00","169","2026-08-11","","Refurbished · Free shipping"
"ebay-item-315999032882","Datacolor Spyder Pro SP2024PRO Monitor Calibration Colorimeter full warranty","https://dealdesk.fyi/deals/ebay-item-315999032882/","eBay","Electronics","true","2026-08-04","2026-08-11","2026-08-04","$169.00","169","$269.00","269","2026-08-04","2027-01-31","Refurbished · Free shipping"
"ebay-item-315999032882","Datacolor Spyder Pro SP2024PRO Monitor Calibration Colorimeter full warranty","https://dealdesk.fyi/deals/ebay-item-315999032882/","eBay","Electronics","true","2026-08-04","2026-08-11","2026-08-11","$169.00","169","$269.00","269","2026-08-11","","Refurbished · Free shipping"
"ebay-item-317031016288","ANNKE 5MP 8CH NVR Wireless Security Camera System 3MP Two Way Audio Recording 2T","https://dealdesk.fyi/deals/ebay-item-317031016288/","eBay","Electronics","true","2026-08-11","2026-08-11","2026-08-11","$139.49","139.49","$185.99","185.99","2026-08-11","","Refurbished · Free shipping"
"ebay-item-317451201330","DJI Mini 4K Camera Drone Combo (62-min) With Case and Extra Battery","https://dealdesk.fyi/deals/ebay-item-317451201330/","eBay","Electronics","true","2026-08-11","2026-08-11","2026-08-11","$379.00","379","$699.00","699","2026-08-11","","Free shipping"
"ebay-item-317850461363","SONY HTA9000 BRAVIA Theater Bar 9 Soundbar for TV Home Theater with Dolby Atmos","https://dealdesk.fyi/deals/ebay-item-317850461363/","eBay","Electronics","true","2026-08-04","2026-08-11","2026-08-04","$839.99","839.99","$1,499.99","1499.99","2026-08-04","2026-11-30","Refurbished · Free shipping"
"ebay-item-317850461363","SONY HTA9000 BRAVIA Theater Bar 9 Soundbar for TV Home Theater with Dolby Atmos","https://dealdesk.fyi/deals/ebay-item-317850461363/","eBay","Electronics","true","2026-08-04","2026-08-11","2026-08-11","$839.99","839.99","$1499.99","1499.99","2026-08-11","","Refurbished · Free shipping"
"ebay-item-318212347963","DJI DJI Mini 4K Camera Drone Combo (62-min) With Case and Extra Battery - Open B","https://dealdesk.fyi/deals/ebay-item-318212347963/","eBay","Electronics","true","2026-08-04","2026-08-11","2026-08-04","$365.00","365","$699.00","699","2026-08-04","2043-04-07","Open Box · Free shipping"
"ebay-item-318212347963","DJI DJI Mini 4K Camera Drone Combo (62-min) With Case and Extra Battery - Open B","https://dealdesk.fyi/deals/ebay-item-318212347963/","eBay","Electronics","true","2026-08-04","2026-08-11","2026-08-11","$350.00","350","$699.00","699","2026-08-11","","Open Box · Free shipping"
"ebay-item-318656240492","DJI Mini 3 Photography Drone and DJI RC Remote Controller with Screen Bundle","https://dealdesk.fyi/deals/ebay-item-318656240492/","eBay","Electronics","true","2026-08-04","2026-08-23","2026-08-04","$498.00","498","$909.00","909","2026-08-04","2043-04-07","Free shipping"
"ebay-item-318656240492","DJI Mini 3 Photography Drone and DJI RC Remote Controller with Screen Bundle","https://dealdesk.fyi/deals/ebay-item-318656240492/","eBay","Electronics","true","2026-08-04","2026-08-23","2026-08-11","$498.00","498","$909.00","909","2026-08-11","","Free shipping"
"ebay-item-318656240492","DJI Mini 3 Photography Drone and DJI RC Remote Controller with Screen Bundle","https://dealdesk.fyi/deals/ebay-item-318656240492/","eBay","Electronics","true","2026-08-04","2026-08-23","2026-08-23","$529.00","529","$909.00","909","2026-08-23","","Free shipping"
"ebay-item-318674557721","2021 Panini Prizm Caleb Farley Rookie Black Finite Auto 1/1 #375 Tennessee Titan","https://dealdesk.fyi/deals/ebay-item-318674557721/","eBay","Sports collectibles","true","2026-08-04","2026-08-04","2026-08-04","$325.00","325","","","2026-08-04","","Pre-Owned"
"ebay-item-318675439377","VEEFRIENDS #2 THE ORIGIN OF FEARLESS FAIRY COMIC CUT Cc-2","https://dealdesk.fyi/deals/ebay-item-318675439377/","eBay","Collectibles","true","2026-08-04","2026-08-04","2026-08-04","$1,000.00","1000","","","2026-08-04","","Pre-Owned"
"ebay-item-318675467610","Max Clark Gold /50 PSA 10 It Came To The League 2025 Bowman Chrome IT-12","https://dealdesk.fyi/deals/ebay-item-318675467610/","eBay","Sports collectibles","true","2026-08-04","2026-08-04","2026-08-04","$350.00","350","","","2026-08-04","","Confirm condition, shipping, seller, and availability on eBay"
"ebay-item-318677690796","Samsung Galaxy A23 5G 64GB (Unlocked) - Black","https://dealdesk.fyi/deals/ebay-item-318677690796/","eBay","Electronics","true","2026-08-11","2026-08-11","2026-08-11","$89.98","89.98","$279.99","279.99","2026-08-11","","Refurbished · Free shipping"
"ebay-item-318699425610","Vegito Fb10-040 Ultimate Battle Winner Card","https://dealdesk.fyi/deals/ebay-item-318699425610/","eBay","Collectibles","true","2026-08-11","2026-08-11","2026-08-11","$575.00","575","","","2026-08-11","","Pre-Owned"
"ebay-item-318707542447","2021 Topps Tier One Prodigious Patch Mike Trout Platinum Relic 1/1 PSA Nm 🔥","https://dealdesk.fyi/deals/ebay-item-318707542447/","eBay","Sports collectibles","true","2026-08-11","2026-08-11","2026-08-11","$1799.00","1799","","","2026-08-11","","Confirm condition, shipping, seller, and availability on eBay"
"ebay-item-318710840470","2022-23 Upper Deck Future Watch Limited Auto Patch Matty Beniers /25","https://dealdesk.fyi/deals/ebay-item-318710840470/","eBay","Sports collectibles","true","2026-08-11","2026-08-11","2026-08-11","$390.55","390.55","","","2026-08-11","","Pre-Owned"
"ebay-item-323150824781","Lowe SQ-12H Skid Steer Auger Bit 12"" Diameter, 2"" Hex Collar, 48"" Tall","https://dealdesk.fyi/deals/ebay-item-323150824781/","eBay","Business & industrial","true","2026-08-04","2026-08-11","2026-08-04","$504.99","504.99","","","2026-08-04","2026-12-31","Confirm condition, shipping, seller, and availability on eBay"
"ebay-item-323150824781","Lowe SQ-12H Skid Steer Auger Bit 12"" Diameter, 2"" Hex Collar, 48"" Tall","https://dealdesk.fyi/deals/ebay-item-323150824781/","eBay","Business & industrial","true","2026-08-04","2026-08-11","2026-08-11","$504.99","504.99","","","2026-08-11","","Confirm condition, shipping, seller, and availability on eBay"
"ebay-item-323832713279","Lowe 14"" Length Extension for 2"" Hex Male Female Auger Drive Bit Attachment","https://dealdesk.fyi/deals/ebay-item-323832713279/","eBay","Business & industrial","true","2026-08-04","2026-08-11","2026-08-04","$175.99","175.99","","","2026-08-04","2026-12-31","Confirm condition, shipping, seller, and availability on eBay"
"ebay-item-323832713279","Lowe 14"" Length Extension for 2"" Hex Male Female Auger Drive Bit Attachment","https://dealdesk.fyi/deals/ebay-item-323832713279/","eBay","Business & industrial","true","2026-08-04","2026-08-11","2026-08-11","$175.99","175.99","","","2026-08-11","","Confirm condition, shipping, seller, and availability on eBay"
"ebay-item-323864662397","48"" Long 5,500 lb Capacity Pallet Forks Attachment Fits Skid Steer Quick Attach","https://dealdesk.fyi/deals/ebay-item-323864662397/","eBay","Business & industrial","true","2026-08-04","2026-08-11","2026-08-04","$1,000.00","1000","","","2026-08-04","2026-12-31","Free shipping"
"ebay-item-323864662397","48"" Long 5,500 lb Capacity Pallet Forks Attachment Fits Skid Steer Quick Attach","https://dealdesk.fyi/deals/ebay-item-323864662397/","eBay","Business & industrial","true","2026-08-04","2026-08-11","2026-08-11","$1000.00","1000","","","2026-08-11","","Free shipping"
"ebay-item-323878244875","48"" Root Rake Grapple Attachment Fits John Deere Compact Tractor Loader","https://dealdesk.fyi/deals/ebay-item-323878244875/","eBay","Business & industrial","true","2026-08-04","2026-08-23","2026-08-04","$1,599.99","1599.99","","","2026-08-04","","Free shipping"
"ebay-item-323878244875","48"" Root Rake Grapple Attachment Fits John Deere Compact Tractor Loader","https://dealdesk.fyi/deals/ebay-item-323878244875/","eBay","Business & industrial","true","2026-08-04","2026-08-23","2026-08-23","$1599.99","1599.99","","","2026-08-23","","Free shipping"
"ebay-item-323921628259","Lowe 14"" Auger Extension Attachment Fits 2-9/16"" Round Collar Post Hole Digger","https://dealdesk.fyi/deals/ebay-item-323921628259/","eBay","Business & industrial","true","2026-08-04","2026-08-11","2026-08-04","$131.99","131.99","","","2026-08-04","2026-12-31","Confirm condition, shipping, seller, and availability on eBay"
"ebay-item-323921628259","Lowe 14"" Auger Extension Attachment Fits 2-9/16"" Round Collar Post Hole Digger","https://dealdesk.fyi/deals/ebay-item-323921628259/","eBay","Business & industrial","true","2026-08-04","2026-08-11","2026-08-11","$131.99","131.99","","","2026-08-11","","Confirm condition, shipping, seller, and availability on eBay"
"ebay-item-324023494561","48"" Long Extreme Duty Pallet Forks Attachment Fits Kubota Quick Attach","https://dealdesk.fyi/deals/ebay-item-324023494561/","eBay","Business & industrial","true","2026-08-11","2026-08-11","2026-08-11","$678.00","678","","","2026-08-11","","Confirm condition, shipping, seller, and availability on eBay"
"ebay-item-324158821246","Hydraulic Backhoe Attachment with 12"" Bucket Fits Toro Dingo Mini Skid Steer USA","https://dealdesk.fyi/deals/ebay-item-324158821246/","eBay","Business & industrial","true","2026-08-04","2026-08-11","2026-08-04","$1,099.99","1099.99","","","2026-08-04","2026-12-31","Confirm condition, shipping, seller, and availability on eBay"
"ebay-item-324158821246","Hydraulic Backhoe Attachment with 12"" Bucket Fits Toro Dingo Mini Skid Steer USA","https://dealdesk.fyi/deals/ebay-item-324158821246/","eBay","Business & industrial","true","2026-08-04","2026-08-11","2026-08-11","$1099.99","1099.99","","","2026-08-11","","Confirm condition, shipping, seller, and availability on eBay"
"ebay-item-324234098769","60"" Dual Cylinder Root Grapple Bucket Attachment Fits Skid Steer Quick Attach","https://dealdesk.fyi/deals/ebay-item-324234098769/","eBay","Business & industrial","true","2026-08-04","2026-08-11","2026-08-04","$1,699.99","1699.99","","","2026-08-04","2026-12-31","Confirm condition, shipping, seller, and availability on eBay"
"ebay-item-324234098769","60"" Dual Cylinder Root Grapple Bucket Attachment Fits Skid Steer Quick Attach","https://dealdesk.fyi/deals/ebay-item-324234098769/","eBay","Business & industrial","true","2026-08-04","2026-08-11","2026-08-11","$1699.99","1699.99","","","2026-08-11","","Confirm condition, shipping, seller, and availability on eBay"
"ebay-item-324303901376","Lowe SQ-9-3 Skid Steer Auger Bit 9"" Diameter, 2-9/16"" Round Drive, 36"" Tall","https://dealdesk.fyi/deals/ebay-item-324303901376/","eBay","Business & industrial","true","2026-08-11","2026-08-11","2026-08-11","$395.99","395.99","","","2026-08-11","","Confirm condition, shipping, seller, and availability on eBay"
"ebay-item-325204609137","42"" Long 2200 Pound Pallet Forks Fits Kubota Kioti Tractor Loader Quick Attach","https://dealdesk.fyi/deals/ebay-item-325204609137/","eBay","Business & industrial","true","2026-08-04","2026-08-11","2026-08-04","$539.99","539.99","","","2026-08-04","2026-12-31","Confirm condition, shipping, seller, and availability on eBay"
"ebay-item-325204609137","42"" Long 2200 Pound Pallet Forks Fits Kubota Kioti Tractor Loader Quick Attach","https://dealdesk.fyi/deals/ebay-item-325204609137/","eBay","Business & industrial","true","2026-08-04","2026-08-11","2026-08-11","$539.99","539.99","","","2026-08-11","","Confirm condition, shipping, seller, and availability on eBay"
"ebay-item-325271022831","Danuser 16"" Hex Stump Auger Planer With Steel Cutting Blades and Pilot 200199","https://dealdesk.fyi/deals/ebay-item-325271022831/","eBay","Business & industrial","true","2026-08-11","2026-08-11","2026-08-11","$999.99","999.99","","","2026-08-11","","Confirm condition, shipping, seller, and availability on eBay"
"ebay-item-325292410689","48"" Replacement Pallet Fork Blade 4,000 LB Capacity Attachment Class II ITA","https://dealdesk.fyi/deals/ebay-item-325292410689/","eBay","Business & industrial","true","2026-08-04","2026-08-04","2026-08-04","$149.99","149.99","","","2026-08-04","","Confirm condition, shipping, seller, and availability on eBay"
"ebay-item-325328436501","Lowe 4"" x 48"" Auger Bit 2"" Hex Collar Skid Steer Post Hole Digger Attachment SQ","https://dealdesk.fyi/deals/ebay-item-325328436501/","eBay","Business & industrial","true","2026-08-04","2026-08-04","2026-08-04","$329.99","329.99","","","2026-08-04","","Confirm condition, shipping, seller, and availability on eBay"
"ebay-item-325351383059","Tree Boom Pole Material Jib Hoist Attachment Fits Mini Skid Steer Toro Vermeer","https://dealdesk.fyi/deals/ebay-item-325351383059/","eBay","Business & industrial","true","2026-08-04","2026-08-11","2026-08-04","$509.99","509.99","","","2026-08-04","2026-12-31","Free shipping"
"ebay-item-325351383059","Tree Boom Pole Material Jib Hoist Attachment Fits Mini Skid Steer Toro Vermeer","https://dealdesk.fyi/deals/ebay-item-325351383059/","eBay","Business & industrial","true","2026-08-04","2026-08-11","2026-08-11","$509.99","509.99","","","2026-08-11","","Free shipping"
"ebay-item-325431461151","The Legend of Zelda: Link's Awakening - Nintendo Switch","https://dealdesk.fyi/deals/ebay-item-325431461151/","eBay","Electronics","true","2026-08-04","2026-08-11","2026-08-04","$59.99","59.99","","","2026-08-04","2027-04-29","Free shipping"
"ebay-item-325431461151","The Legend of Zelda: Link's Awakening - Nintendo Switch","https://dealdesk.fyi/deals/ebay-item-325431461151/","eBay","Electronics","true","2026-08-04","2026-08-11","2026-08-11","$59.99","59.99","","","2026-08-11","","Free shipping"
"ebay-item-325433972802","Yugioh Power of the Elements Factory Sealed Booster Box Unlimited","https://dealdesk.fyi/deals/ebay-item-325433972802/","eBay","Toys & hobbies","true","2026-08-04","2026-08-11","2026-08-04","$37.95","37.95","$100.56","100.56","2026-08-04","2027-01-01","Free shipping"
"ebay-item-325433972802","Yugioh Power of the Elements Factory Sealed Booster Box Unlimited","https://dealdesk.fyi/deals/ebay-item-325433972802/","eBay","Toys & hobbies","true","2026-08-04","2026-08-11","2026-08-11","$37.95","37.95","$100.56","100.56","2026-08-11","","Free shipping"
"ebay-item-325582240710","Lowe SQ-12-3H Skid Steer Auger Bit 12"" Diameter, 2"" Hex Collar Shaft, 36"" Tall","https://dealdesk.fyi/deals/ebay-item-325582240710/","eBay","Business & industrial","true","2026-08-04","2026-08-11","2026-08-04","$467.49","467.49","","","2026-08-04","2026-12-31","Confirm condition, shipping, seller, and availability on eBay"
"ebay-item-325582240710","Lowe SQ-12-3H Skid Steer Auger Bit 12"" Diameter, 2"" Hex Collar Shaft, 36"" Tall","https://dealdesk.fyi/deals/ebay-item-325582240710/","eBay","Business & industrial","true","2026-08-04","2026-08-11","2026-08-11","$467.49","467.49","","","2026-08-11","","Confirm condition, shipping, seller, and availability on eBay"
"ebay-item-325691521731","Yugioh Ghosts From The Past The 2nd Haunting Factory Sealed Display Box!","https://dealdesk.fyi/deals/ebay-item-325691521731/","eBay","Toys & hobbies","true","2026-08-04","2026-08-11","2026-08-04","$113.99","113.99","","","2026-08-04","2027-01-01","Free shipping"
"ebay-item-325691521731","Yugioh Ghosts From The Past The 2nd Haunting Factory Sealed Display Box!","https://dealdesk.fyi/deals/ebay-item-325691521731/","eBay","Toys & hobbies","true","2026-08-04","2026-08-11","2026-08-11","$113.99","113.99","","","2026-08-11","","Free shipping"
"ebay-item-325809210306","Danuser 2"" Round to 2 9/16'' Round Shaft Auger Bit Adapter Conversion Part 10926","https://dealdesk.fyi/deals/ebay-item-325809210306/","eBay","Business & industrial","true","2026-08-04","2026-08-04","2026-08-04","$186.99","186.99","","","2026-08-04","","Free shipping"
"ebay-item-325916010336","Logitech - Driving Force Shifter for Xbox Series X|S, Xbox One, and PlayStati...","https://dealdesk.fyi/deals/ebay-item-325916010336/","eBay","Electronics","true","2026-08-04","2026-08-28","2026-08-04","$49.99","49.99","$59.99","59.99","2026-08-04","2027-04-29","Free shipping"
"ebay-item-325916010336","Logitech - Driving Force Shifter for Xbox Series X|S, Xbox One, and PlayStati...","https://dealdesk.fyi/deals/ebay-item-325916010336/","eBay","Electronics","true","2026-08-04","2026-08-28","2026-08-11","$59.99","59.99","","","2026-08-11","","Free shipping"
"ebay-item-325916010336","Logitech - Driving Force Shifter for Xbox Series X|S, Xbox One, and PlayStati...","https://dealdesk.fyi/deals/ebay-item-325916010336/","eBay","Electronics","true","2026-08-04","2026-08-28","2026-08-23","$44.99","44.99","$59.99","59.99","2026-08-23","","Free shipping"
"ebay-item-325916010336","Logitech - Driving Force Shifter for Xbox Series X|S, Xbox One, and PlayStati...","https://dealdesk.fyi/deals/ebay-item-325916010336/","eBay","Electronics","true","2026-08-04","2026-08-28","2026-08-24","$59.99","59.99","","","2026-08-24","","Free shipping"
"ebay-item-325916010336","Logitech - Driving Force Shifter for Xbox Series X|S, Xbox One, and PlayStati...","https://dealdesk.fyi/deals/ebay-item-325916010336/","eBay","Electronics","true","2026-08-04","2026-08-28","2026-08-28","$44.99","44.99","$59.99","59.99","2026-08-28","","Free shipping"
"ebay-item-325916033737","Marvel's Spider-Man: Miles Morales - PlayStation 4","https://dealdesk.fyi/deals/ebay-item-325916033737/","eBay","Electronics","true","2026-08-04","2026-08-27","2026-08-04","$19.99","19.99","$49.99","49.99","2026-08-04","2027-04-29","Confirm condition, shipping, seller, and availability on eBay"
"ebay-item-325916033737","Marvel's Spider-Man: Miles Morales - PlayStation 4","https://dealdesk.fyi/deals/ebay-item-325916033737/","eBay","Electronics","true","2026-08-04","2026-08-27","2026-08-11","$49.99","49.99","","","2026-08-11","","Confirm condition, shipping, seller, and availability on eBay"
"ebay-item-325916033737","Marvel's Spider-Man: Miles Morales - PlayStation 4","https://dealdesk.fyi/deals/ebay-item-325916033737/","eBay","Electronics","true","2026-08-04","2026-08-27","2026-08-23","$49.99","49.99","","","2026-08-23","","Free shipping"
"ebay-item-325916033737","Marvel's Spider-Man: Miles Morales - PlayStation 4","https://dealdesk.fyi/deals/ebay-item-325916033737/","eBay","Electronics","true","2026-08-04","2026-08-27","2026-08-27","$35.99","35.99","$49.99","49.99","2026-08-27","","Free shipping"
"ebay-item-325916046599","Red Dead Redemption Standard Edition - PlayStation 4","https://dealdesk.fyi/deals/ebay-item-325916046599/","eBay","Electronics","true","2026-08-04","2026-08-11","2026-08-04","$29.99","29.99","","","2026-08-04","2027-04-29","Confirm condition, shipping, seller, and availability on eBay"
"ebay-item-325916046599","Red Dead Redemption Standard Edition - PlayStation 4","https://dealdesk.fyi/deals/ebay-item-325916046599/","eBay","Electronics","true","2026-08-04","2026-08-11","2026-08-11","$29.99","29.99","","","2026-08-11","","Confirm condition, shipping, seller, and availability on eBay"
"ebay-item-326210377293-515321894890","Apple iPhone 14 Plus 128GB Fully Unlocked - VERY GOOD Condition","https://dealdesk.fyi/deals/ebay-item-326210377293-515321894890/","eBay","Electronics","true","2026-08-11","2026-08-11","2026-08-11","$307.19","307.19","","","2026-08-11","","Refurbished · Free shipping"
"ebay-item-326210377293-515321894895","Apple iPhone 14 Plus 128GB Fully Unlocked - VERY GOOD Condition","https://dealdesk.fyi/deals/ebay-item-326210377293-515321894895/","eBay","Electronics","true","2026-08-04","2026-08-04","2026-08-04","$307.19","307.19","","","2026-08-04","","Refurbished · Free shipping"
"ebay-item-326259018940","Yugioh Legendary DRAGON Decks Box Set Brand New Factory Sealed!","https://dealdesk.fyi/deals/ebay-item-326259018940/","eBay","Toys & hobbies","true","2026-08-04","2026-08-11","2026-08-04","$39.99","39.99","$69.99","69.99","2026-08-04","2027-01-01","Free shipping"
"ebay-item-326259018940","Yugioh Legendary DRAGON Decks Box Set Brand New Factory Sealed!","https://dealdesk.fyi/deals/ebay-item-326259018940/","eBay","Toys & hobbies","true","2026-08-04","2026-08-11","2026-08-11","$39.99","39.99","$69.99","69.99","2026-08-11","","Free shipping"
"ebay-item-326282933769-515409174801","Apple iPhone SE 3RD GEN 64GB Fully Unlocked 5G - VERY GOOD Condition","https://dealdesk.fyi/deals/ebay-item-326282933769-515409174801/","eBay","Electronics","true","2026-08-04","2026-08-11","2026-08-04","$124.79","124.79","","","2026-08-04","2026-08-31","Refurbished · Free shipping"
"ebay-item-326282933769-515409174801","Apple iPhone SE 3RD GEN 64GB Fully Unlocked 5G - VERY GOOD Condition","https://dealdesk.fyi/deals/ebay-item-326282933769-515409174801/","eBay","Electronics","true","2026-08-04","2026-08-11","2026-08-11","$124.79","124.79","","","2026-08-11","","Refurbished · Free shipping"
"ebay-item-326340406452-515464918267","Apple iPhone 13 Mini 128GB - Fully Unlocked - VERY GOOD Condition","https://dealdesk.fyi/deals/ebay-item-326340406452-515464918267/","eBay","Electronics","true","2026-08-04","2026-08-04","2026-08-04","$220.79","220.79","","","2026-08-04","","Refurbished · Free shipping"
"ebay-item-326370200686","Yugioh Speed Duel Battle City FINALS Brand New Factory Sealed","https://dealdesk.fyi/deals/ebay-item-326370200686/","eBay","Toys & hobbies","true","2026-08-04","2026-08-11","2026-08-04","$41.99","41.99","","","2026-08-04","2027-01-01","Free shipping"
"ebay-item-326370200686","Yugioh Speed Duel Battle City FINALS Brand New Factory Sealed","https://dealdesk.fyi/deals/ebay-item-326370200686/","eBay","Toys & hobbies","true","2026-08-04","2026-08-11","2026-08-11","$41.99","41.99","","","2026-08-11","","Free shipping"
"ebay-item-326462815920-515565193150","Apple iPhone 15 Plus 128GB - Fully Unlocked - VERY GOOD Condition","https://dealdesk.fyi/deals/ebay-item-326462815920-515565193150/","eBay","Electronics","true","2026-08-04","2026-08-04","2026-08-04","$414.99","414.99","","","2026-08-04","","Refurbished · Free shipping"
"ebay-item-326534543512","Skid Steer Mount Plate Quick Attach Attachment w/ 2"" Trailer Hitch Receiver USA","https://dealdesk.fyi/deals/ebay-item-326534543512/","eBay","Business & industrial","true","2026-08-04","2026-08-11","2026-08-04","$349.99","349.99","","","2026-08-04","2026-12-31","Free shipping"
"ebay-item-326534543512","Skid Steer Mount Plate Quick Attach Attachment w/ 2"" Trailer Hitch Receiver USA","https://dealdesk.fyi/deals/ebay-item-326534543512/","eBay","Business & industrial","true","2026-08-04","2026-08-11","2026-08-11","$349.99","349.99","","","2026-08-11","","Free shipping"
"ebay-item-326607787034","Samsung Q Series Soundbar 11.1.4 ch Subwoofer + Rear Speaker 2025","https://dealdesk.fyi/deals/ebay-item-326607787034/","eBay","Electronics","true","2026-08-04","2026-08-31","2026-08-04","$1,095.00","1095","$1,597.99","1597.99","2026-08-04","","Refurbished · Free shipping"
"ebay-item-326607787034","Samsung Q Series Soundbar 11.1.4 ch Subwoofer + Rear Speaker 2025","https://dealdesk.fyi/deals/ebay-item-326607787034/","eBay","Electronics","true","2026-08-04","2026-08-31","2026-08-25","$1089.00","1089","$1597.99","1597.99","2026-08-25","","Refurbished · Free shipping"
"ebay-item-326607787034","Samsung Q Series Soundbar 11.1.4 ch Subwoofer + Rear Speaker 2025","https://dealdesk.fyi/deals/ebay-item-326607787034/","eBay","Electronics","true","2026-08-04","2026-08-31","2026-08-31","$1095.00","1095","$1597.99","1597.99","2026-08-31","","Refurbished · Free shipping"
"ebay-item-326805824949","Lenovo Slim 7i 14"" WUXGA OLED Touch Aura Edition Ultra 7 258V 32GB RAM 1TB SSD","https://dealdesk.fyi/deals/ebay-item-326805824949/","eBay","Electronics","true","2026-08-04","2026-08-04","2026-08-04","$879.00","879","$999.00","999","2026-08-04","","Refurbished · Free shipping"
"ebay-item-326822444517","Yugioh The Chronicles Deck: The Fallen & The Virtuous All-Foil 3-Deck Set","https://dealdesk.fyi/deals/ebay-item-326822444517/","eBay","Toys & hobbies","true","2026-08-04","2026-08-04","2026-08-04","$46.95","46.95","","","2026-08-04","","Free shipping"
"ebay-item-326830219683","DJI Mini 5 Pro Drone Fly More Combo Plus (DJI RC 2 Controller)","https://dealdesk.fyi/deals/ebay-item-326830219683/","eBay","Electronics","true","2026-08-04","2026-08-11","2026-08-04","$1,159.00","1159","$2,149.00","2149","2026-08-04","2043-04-07","Free shipping"
"ebay-item-326830219683","DJI Mini 5 Pro Drone Fly More Combo Plus (DJI RC 2 Controller)","https://dealdesk.fyi/deals/ebay-item-326830219683/","eBay","Electronics","true","2026-08-04","2026-08-11","2026-08-11","$1159.00","1159","$2149.00","2149","2026-08-11","","Free shipping"
"ebay-item-326849541803","DJI Mini 3 Fly More Combo with RC Remote 4K HDR Portable Drone","https://dealdesk.fyi/deals/ebay-item-326849541803/","eBay","Electronics","true","2026-08-04","2026-08-11","2026-08-04","$649.00","649","$1,299.00","1299","2026-08-04","2043-04-07","Free shipping"
"ebay-item-326849541803","DJI Mini 3 Fly More Combo with RC Remote 4K HDR Portable Drone","https://dealdesk.fyi/deals/ebay-item-326849541803/","eBay","Electronics","true","2026-08-04","2026-08-11","2026-08-11","$699.00","699","$1299.00","1299","2026-08-11","","Free shipping"
"ebay-item-326869597458","Canon RF 24-105mm f/4-7.1 IS STM Lens (4111C002) + Filter Kit + Cap Keeper  -","https://dealdesk.fyi/deals/ebay-item-326869597458/","eBay","Electronics","true","2026-08-11","2026-08-11","2026-08-11","$459.00","459","$711.99","711.99","2026-08-11","","Free shipping"
"ebay-item-326869597790","DJI Mini 3 w/ RC Remote (Fly More Combo) (CP.MA.00000613.01) + 64GB Card + More","https://dealdesk.fyi/deals/ebay-item-326869597790/","eBay","Electronics","true","2026-08-11","2026-08-11","2026-08-11","$804.95","804.95","$1247.99","1247.99","2026-08-11","","Free shipping"
"ebay-item-326890010394","DJI Osmo Pocket 3 4K Gimbal Camera w/ ActiveTrack","https://dealdesk.fyi/deals/ebay-item-326890010394/","eBay","Electronics","true","2026-08-11","2026-08-29","2026-08-11","$594.95","594.95","$922.99","922.99","2026-08-11","","Free shipping"
"ebay-item-326890010394","DJI Osmo Pocket 3 4K Gimbal Camera w/ ActiveTrack","https://dealdesk.fyi/deals/ebay-item-326890010394/","eBay","Electronics","true","2026-08-11","2026-08-29","2026-08-29","$584.95","584.95","$906.99","906.99","2026-08-29","","Free shipping"
"ebay-item-326915813481","Yugioh Dimension Force Booster Box 1st Edition Brand New Factory Sealed","https://dealdesk.fyi/deals/ebay-item-326915813481/","eBay","Toys & hobbies","true","2026-08-04","2026-08-11","2026-08-04","$34.99","34.99","","","2026-08-04","2027-01-01","Free shipping"
"ebay-item-326915813481","Yugioh Dimension Force Booster Box 1st Edition Brand New Factory Sealed","https://dealdesk.fyi/deals/ebay-item-326915813481/","eBay","Toys & hobbies","true","2026-08-04","2026-08-11","2026-08-11","$34.99","34.99","","","2026-08-11","","Free shipping"
"ebay-item-327218800016","DJI Mini 4 Pro 4K HDR Folding Drone with RC-N2 Remote Kit","https://dealdesk.fyi/deals/ebay-item-327218800016/","eBay","Electronics","true","2026-08-04","2026-08-11","2026-08-04","$799.00","799","$999.00","999","2026-08-04","2043-04-07","Refurbished · Free shipping"
"ebay-item-327218800016","DJI Mini 4 Pro 4K HDR Folding Drone with RC-N2 Remote Kit","https://dealdesk.fyi/deals/ebay-item-327218800016/","eBay","Electronics","true","2026-08-04","2026-08-11","2026-08-11","$725.00","725","$999.00","999","2026-08-11","","Refurbished · Free shipping"
"ebay-item-327239634064","80″ Boom Pole Straight Jib Hoist Lift Attachment Fits Skid Steer Quick Attach","https://dealdesk.fyi/deals/ebay-item-327239634064/","eBay","Business & industrial","true","2026-08-04","2026-08-11","2026-08-04","$799.99","799.99","","","2026-08-04","2026-12-31","Free shipping"
"ebay-item-327239634064","80″ Boom Pole Straight Jib Hoist Lift Attachment Fits Skid Steer Quick Attach","https://dealdesk.fyi/deals/ebay-item-327239634064/","eBay","Business & industrial","true","2026-08-04","2026-08-11","2026-08-11","$799.99","799.99","","","2026-08-11","","Free shipping"
"ebay-item-327240095052","DJI Mini 5 Pro Drone Fly More Combo Plus (DJI RC 2) - Open Box","https://dealdesk.fyi/deals/ebay-item-327240095052/","eBay","Electronics","true","2026-08-11","2026-08-11","2026-08-11","$1086.00","1086","$2149.00","2149","2026-08-11","","Open Box · Free shipping"
"ebay-item-327245412904","CGC 9 MINT Tyranitar 40/147 Aquapolis Reverse Holo Pokemon Card","https://dealdesk.fyi/deals/ebay-item-327245412904/","eBay","Toys & hobbies","true","2026-08-04","2026-08-04","2026-08-04","$550.00","550","","","2026-08-04","","Free shipping"
"ebay-item-327245566423","CGC 10 GEM MINT Raichu 12/108 EX Power Keepers Holo Pokemon Card","https://dealdesk.fyi/deals/ebay-item-327245566423/","eBay","Toys & hobbies","true","2026-08-04","2026-08-04","2026-08-04","$299.00","299","","","2026-08-04","","Free shipping"
"ebay-item-327253354477","CGC 9 MINT Cubone 103/165 Expedition Reverse Holo Pokemon Card","https://dealdesk.fyi/deals/ebay-item-327253354477/","eBay","Toys & hobbies","true","2026-08-04","2026-08-11","2026-08-04","$599.00","599","","","2026-08-04","2026-12-31","Free shipping"
"ebay-item-327253354477","CGC 9 MINT Cubone 103/165 Expedition Reverse Holo Pokemon Card","https://dealdesk.fyi/deals/ebay-item-327253354477/","eBay","Toys & hobbies","true","2026-08-04","2026-08-11","2026-08-11","$599.00","599","","","2026-08-11","","Free shipping"
"ebay-item-327253354504","CGC 8 NM/MINT Charizard 146/144 Skyridge Holo Pokemon Card","https://dealdesk.fyi/deals/ebay-item-327253354504/","eBay","Toys & hobbies","true","2026-08-04","2026-08-04","2026-08-04","$17,999.00","17999","","","2026-08-04","","Free shipping"
"ebay-item-327253354513","CGC 9 MINT Mewtwo 9/100 Majestic Dawn Holo Pokemon Card","https://dealdesk.fyi/deals/ebay-item-327253354513/","eBay","Toys & hobbies","true","2026-08-04","2026-08-04","2026-08-04","$299.00","299","","","2026-08-04","","Free shipping"
"ebay-item-327261025347","Sonos Move Battery-powered smart speaker, Wi-Fi and Bluetooth - Black","https://dealdesk.fyi/deals/ebay-item-327261025347/","eBay","Electronics","true","2026-08-11","2026-08-31","2026-08-11","$243.00","243","$529.99","529.99","2026-08-11","","Refurbished · Free shipping"
"ebay-item-327261025347","Sonos Move Battery-powered smart speaker, Wi-Fi and Bluetooth - Black","https://dealdesk.fyi/deals/ebay-item-327261025347/","eBay","Electronics","true","2026-08-11","2026-08-31","2026-08-31","$279.95","279.95","$529.99","529.99","2026-08-31","","Refurbished · Free shipping"
"ebay-item-327271795878","CGC 7.5 NEAR MINT+ Shining Charizard 107/105 Neo Destiny Holo Pokemon Card","https://dealdesk.fyi/deals/ebay-item-327271795878/","eBay","Toys & hobbies","true","2026-08-04","2026-08-04","2026-08-04","$2,799.00","2799","","","2026-08-04","","Free shipping"
"ebay-item-327271795899","CGC 8 Rocket's Snorlax EX 104/109 EX Team Rocket Returns Holo Pokemon Card","https://dealdesk.fyi/deals/ebay-item-327271795899/","eBay","Toys & hobbies","true","2026-08-04","2026-08-11","2026-08-04","$2,500.00","2500","","","2026-08-04","2026-12-31","Free shipping"
"ebay-item-327271795899","CGC 8 Rocket's Snorlax EX 104/109 EX Team Rocket Returns Holo Pokemon Card","https://dealdesk.fyi/deals/ebay-item-327271795899/","eBay","Toys & hobbies","true","2026-08-04","2026-08-11","2026-08-11","$2500.00","2500","","","2026-08-11","","Free shipping"
"ebay-item-327271795944","CGC 7 NEAR MINT Team Aqua's Kyogre EX 6/34 Double Crisis Holo Pokemon Card","https://dealdesk.fyi/deals/ebay-item-327271795944/","eBay","Toys & hobbies","true","2026-08-04","2026-08-04","2026-08-04","$550.00","550","","","2026-08-04","","Free shipping"
"ebay-item-327271795967","CGC 9 MINT Lugia Gold, Silver, To A New World Holo Japanese Neo Pokemon Card","https://dealdesk.fyi/deals/ebay-item-327271795967/","eBay","Toys & hobbies","true","2026-08-04","2026-08-04","2026-08-04","$699.00","699","","","2026-08-04","","Free shipping"
"ebay-item-327275294399","CGC 8 NM/MINT Squirtle 83/112 EX Fire Red & Leaf Green Reverse Holo Pokemon Card","https://dealdesk.fyi/deals/ebay-item-327275294399/","eBay","Toys & hobbies","true","2026-08-04","2026-08-04","2026-08-04","$499.00","499","","","2026-08-04","","Free shipping"
"ebay-item-327275294413","CGC 8.5 Pikachu 78/110 EX Holon Phantoms Reverse Holo Stamped Pokemon Card","https://dealdesk.fyi/deals/ebay-item-327275294413/","eBay","Toys & hobbies","true","2026-08-04","2026-08-04","2026-08-04","$399.00","399","","","2026-08-04","","Free shipping"
"ebay-item-327277014029","CGC 8 NM/MINT Dark Raichu 83/82 Team Rocket 1st Edition Holo Swirl Pokemon Card","https://dealdesk.fyi/deals/ebay-item-327277014029/","eBay","Toys & hobbies","true","2026-08-04","2026-08-04","2026-08-04","$350.00","350","","","2026-08-04","","Free shipping"
"ebay-item-327277972481","PROWORKS 72″ 6 ft Rotary Cutter Bush Hog Cat 1 2 Hitch Tractor Mower 90 HP USA","https://dealdesk.fyi/deals/ebay-item-327277972481/","eBay","Business & industrial","true","2026-08-04","2026-08-11","2026-08-04","$2,999.99","2999.99","","","2026-08-04","2026-12-31","Free shipping"
"ebay-item-327277972481","PROWORKS 72″ 6 ft Rotary Cutter Bush Hog Cat 1 2 Hitch Tractor Mower 90 HP USA","https://dealdesk.fyi/deals/ebay-item-327277972481/","eBay","Business & industrial","true","2026-08-04","2026-08-11","2026-08-11","$2999.99","2999.99","","","2026-08-11","","Free shipping"
"ebay-item-327279033041","PROWORKS 84"" 7 FT 3 Point Land Leveler Plane Grader Implement Cat 1 Tractors USA","https://dealdesk.fyi/deals/ebay-item-327279033041/","eBay","Business & industrial","true","2026-08-04","2026-08-11","2026-08-04","$1,549.99","1549.99","","","2026-08-04","2026-12-31","Free shipping"
"ebay-item-327279033041","PROWORKS 84"" 7 FT 3 Point Land Leveler Plane Grader Implement Cat 1 Tractors USA","https://dealdesk.fyi/deals/ebay-item-327279033041/","eBay","Business & industrial","true","2026-08-04","2026-08-11","2026-08-11","$1549.99","1549.99","","","2026-08-11","","Free shipping"
"ebay-item-327283134376","PROWORKS 60"" 5 FT 3 Point Land Leveler Plane Grader Implement Cat 1 Tractors USA","https://dealdesk.fyi/deals/ebay-item-327283134376/","eBay","Business & industrial","true","2026-08-04","2026-08-04","2026-08-04","$1,349.99","1349.99","","","2026-08-04","","Free shipping"
"ebay-item-327283849822","CGC 7 NEAR MINT Umbreon Prime 86/90 Undaunted Holo Pokemon Card","https://dealdesk.fyi/deals/ebay-item-327283849822/","eBay","Toys & hobbies","true","2026-08-04","2026-08-04","2026-08-04","$699.00","699","","","2026-08-04","","Free shipping"
"ebay-item-327285384896","CGC 9 MINT Charizard 4/130 Base Set 2 Holo Pokemon Card","https://dealdesk.fyi/deals/ebay-item-327285384896/","eBay","Toys & hobbies","true","2026-08-11","2026-08-11","2026-08-11","$1150.00","1150","","","2026-08-11","","Free shipping"
"ebay-item-327285384937","CGC 9 MINT Blaine's Moltres 1/132 Gym Heroes 1st Edition Holo Swirl Pokemon Card","https://dealdesk.fyi/deals/ebay-item-327285384937/","eBay","Toys & hobbies","true","2026-08-11","2026-08-11","2026-08-11","$499.00","499","","","2026-08-11","","Free shipping"
"ebay-item-327285384959","CGC 9.5 MINT+ Tyranitar 12/75 Neo Discovery Holo Swirl Pokemon Card","https://dealdesk.fyi/deals/ebay-item-327285384959/","eBay","Toys & hobbies","true","2026-08-04","2026-08-04","2026-08-04","$450.00","450","","","2026-08-04","","Free shipping"
"ebay-item-327285384962","CGC 9 MINT Espeon 1/75 Neo Discovery Holo Pokemon Card","https://dealdesk.fyi/deals/ebay-item-327285384962/","eBay","Toys & hobbies","true","2026-08-04","2026-08-04","2026-08-04","$599.00","599","","","2026-08-04","","Free shipping"
"ebay-item-327285745905","PROWORKS 42"" Land Plane Grading Leveler Scarifier Teeth Fits Mini Skid Steer USA","https://dealdesk.fyi/deals/ebay-item-327285745905/","eBay","Business & industrial","true","2026-08-04","2026-08-11","2026-08-04","$999.99","999.99","","","2026-08-04","2026-12-31","Free shipping"
"ebay-item-327285745905","PROWORKS 42"" Land Plane Grading Leveler Scarifier Teeth Fits Mini Skid Steer USA","https://dealdesk.fyi/deals/ebay-item-327285745905/","eBay","Business & industrial","true","2026-08-04","2026-08-11","2026-08-11","$999.99","999.99","","","2026-08-11","","Free shipping"
"ebay-item-327287211736","PROWORKS 4 Tine Ripper Soil Tiller Attachment Fits ASV Terex ASV RT30 RT40 PT30","https://dealdesk.fyi/deals/ebay-item-327287211736/","eBay","Business & industrial","true","2026-08-11","2026-08-11","2026-08-11","$449.99","449.99","","","2026-08-11","","Free shipping"
"ebay-item-327288975441","CGC 7 Hitmonchan 7/102 Base Set 1st Edition Shadowless Holo Pokemon Card","https://dealdesk.fyi/deals/ebay-item-327288975441/","eBay","Toys & hobbies","true","2026-08-04","2026-08-04","2026-08-04","$499.00","499","","","2026-08-04","","Free shipping"
"ebay-item-327290708802","Yugioh Blue-Eyes White Dragon GFP2-EN175 Ghost Rare 1st Ed NM","https://dealdesk.fyi/deals/ebay-item-327290708802/","eBay","Toys & hobbies","true","2026-08-04","2026-08-04","2026-08-04","$349.99","349.99","","","2026-08-04","","Pre-Owned · Free shipping"
"ebay-item-327290945035","2023 Garbage Pail Kids  Other Half Ohtani 11b Shohei Ohtani Dodgers Topps🔥 PSA","https://dealdesk.fyi/deals/ebay-item-327290945035/","eBay","Collectibles","true","2026-08-11","2026-08-11","2026-08-11","$399.99","399.99","","","2026-08-11","","Free shipping"
"ebay-item-327294308501","2023 Topps Chrome Disney 100 Caption Hook Pink Refractor/399 #11 PSA 9","https://dealdesk.fyi/deals/ebay-item-327294308501/","eBay","Collectibles","true","2026-08-04","2026-08-04","2026-08-04","$299.99","299.99","","","2026-08-04","","Confirm condition, shipping, seller, and availability on eBay"
"ebay-item-327299718234","CGC 8 NM/MINT Espeon Prime 81/90 Undaunted Holo Pokemon Card","https://dealdesk.fyi/deals/ebay-item-327299718234/","eBay","Toys & hobbies","true","2026-08-11","2026-08-11","2026-08-11","$399.00","399","","","2026-08-11","","Free shipping"
"ebay-item-327303725677","Lenovo ThinkPad T14 Gen 2 14"" FHD AMD Ryzen 5 5650 Pro 32GB 256GB Radeon Graphic","https://dealdesk.fyi/deals/ebay-item-327303725677/","eBay","Electronics","true","2026-08-11","2026-08-11","2026-08-11","$449.00","449","","","2026-08-11","","Refurbished · Free shipping"
"ebay-item-327304003456","Lenovo ThinkPad X1 Nano Gen 1 13"" 2K i5-1130G7 8GB 256GB FPR IR win10P 1Yr","https://dealdesk.fyi/deals/ebay-item-327304003456/","eBay","Electronics","true","2026-08-11","2026-08-11","2026-08-11","$349.00","349","$1665.00","1665","2026-08-11","","Refurbished · Free shipping"
"ebay-item-327304948462","2018-19 Panini National Treasures Rookie Patch Auto RPA Collin Sexton /99 BGS 9","https://dealdesk.fyi/deals/ebay-item-327304948462/","eBay","Sports collectibles","true","2026-08-11","2026-08-11","2026-08-11","$450.00","450","","","2026-08-11","","Confirm condition, shipping, seller, and availability on eBay"
"ebay-item-331693050907","Makita HP2050-R 6.6 Amp 3/4"" Corded Hammer Drill Certified Refurbished","https://dealdesk.fyi/deals/ebay-item-331693050907/","eBay","Home & garden","true","2026-08-04","2026-08-31","2026-08-04","$88.19","88.19","$259.00","259","2026-08-04","2026-09-30","Refurbished · Free shipping"
"ebay-item-331693050907","Makita HP2050-R 6.6 Amp 3/4"" Corded Hammer Drill Certified Refurbished","https://dealdesk.fyi/deals/ebay-item-331693050907/","eBay","Home & garden","true","2026-08-04","2026-08-31","2026-08-11","$88.19","88.19","$259.00","259","2026-08-11","","Refurbished · Free shipping"
"ebay-item-331693050907","Makita HP2050-R 6.6 Amp 3/4"" Corded Hammer Drill Certified Refurbished","https://dealdesk.fyi/deals/ebay-item-331693050907/","eBay","Home & garden","true","2026-08-04","2026-08-31","2026-08-31","$98.28","98.28","$259.00","259","2026-08-31","","Refurbished · Free shipping"
"ebay-item-334516818286","ORIGINAL Nintendo Entertainment System Video Game Bundle Set Kit NES Console OG","https://dealdesk.fyi/deals/ebay-item-334516818286/","eBay","Electronics","true","2026-08-04","2026-08-25","2026-08-04","$189.95","189.95","$199.95","199.95","2026-08-04","2027-04-29","Refurbished · Free shipping"
"ebay-item-334516818286","ORIGINAL Nintendo Entertainment System Video Game Bundle Set Kit NES Console OG","https://dealdesk.fyi/deals/ebay-item-334516818286/","eBay","Electronics","true","2026-08-04","2026-08-25","2026-08-11","$189.95","189.95","$199.95","199.95","2026-08-11","","Refurbished · Free shipping"
"ebay-item-334516818286","ORIGINAL Nintendo Entertainment System Video Game Bundle Set Kit NES Console OG","https://dealdesk.fyi/deals/ebay-item-334516818286/","eBay","Electronics","true","2026-08-04","2026-08-25","2026-08-23","$199.95","199.95","","","2026-08-23","","Refurbished · Free shipping"
"ebay-item-334516818286","ORIGINAL Nintendo Entertainment System Video Game Bundle Set Kit NES Console OG","https://dealdesk.fyi/deals/ebay-item-334516818286/","eBay","Electronics","true","2026-08-04","2026-08-25","2026-08-25","$189.95","189.95","$199.95","199.95","2026-08-25","","Refurbished · Free shipping"
"ebay-item-334657380166","Microsoft XBox 360 E System BLACK Video Game Console 4GB Wireless Bundle 360E","https://dealdesk.fyi/deals/ebay-item-334657380166/","eBay","Electronics","true","2026-08-04","2026-08-25","2026-08-04","$218.45","218.45","$229.95","229.95","2026-08-04","2027-04-29","Refurbished · Free shipping"
"ebay-item-334657380166","Microsoft XBox 360 E System BLACK Video Game Console 4GB Wireless Bundle 360E","https://dealdesk.fyi/deals/ebay-item-334657380166/","eBay","Electronics","true","2026-08-04","2026-08-25","2026-08-11","$218.45","218.45","$229.95","229.95","2026-08-11","","Refurbished · Free shipping"
"ebay-item-334657380166","Microsoft XBox 360 E System BLACK Video Game Console 4GB Wireless Bundle 360E","https://dealdesk.fyi/deals/ebay-item-334657380166/","eBay","Electronics","true","2026-08-04","2026-08-25","2026-08-23","$229.95","229.95","","","2026-08-23","","Refurbished · Free shipping"
"ebay-item-334657380166","Microsoft XBox 360 E System BLACK Video Game Console 4GB Wireless Bundle 360E","https://dealdesk.fyi/deals/ebay-item-334657380166/","eBay","Electronics","true","2026-08-04","2026-08-25","2026-08-25","$218.45","218.45","$229.95","229.95","2026-08-25","","Refurbished · Free shipping"
"ebay-item-335152466412","Microsoft XBox 360 S Slim 250GB Black Video Game Console System 360S Bundle","https://dealdesk.fyi/deals/ebay-item-335152466412/","eBay","Electronics","true","2026-08-04","2026-08-23","2026-08-04","$199.45","199.45","$209.95","209.95","2026-08-04","2027-04-29","Refurbished · Free shipping"
"ebay-item-335152466412","Microsoft XBox 360 S Slim 250GB Black Video Game Console System 360S Bundle","https://dealdesk.fyi/deals/ebay-item-335152466412/","eBay","Electronics","true","2026-08-04","2026-08-23","2026-08-11","$199.45","199.45","$209.95","209.95","2026-08-11","","Refurbished · Free shipping"
"ebay-item-335152466412","Microsoft XBox 360 S Slim 250GB Black Video Game Console System 360S Bundle","https://dealdesk.fyi/deals/ebay-item-335152466412/","eBay","Electronics","true","2026-08-04","2026-08-23","2026-08-23","$209.95","209.95","","","2026-08-23","","Refurbished · Free shipping"
"ebay-item-335301703353","Yugioh Legacy of Destruction Booster Box 1st Edition Factory Sealed","https://dealdesk.fyi/deals/ebay-item-335301703353/","eBay","Toys & hobbies","true","2026-08-04","2026-08-11","2026-08-04","$44.99","44.99","$107.76","107.76","2026-08-04","2027-01-01","Free shipping"
"ebay-item-335301703353","Yugioh Legacy of Destruction Booster Box 1st Edition Factory Sealed","https://dealdesk.fyi/deals/ebay-item-335301703353/","eBay","Toys & hobbies","true","2026-08-04","2026-08-11","2026-08-11","$44.99","44.99","$107.76","107.76","2026-08-11","","Free shipping"
"ebay-item-335659445126","Makita XOB01-R 18V LXT 5 in. Random Orbit Sander KT (3 Ah) Certified Refurbished","https://dealdesk.fyi/deals/ebay-item-335659445126/","eBay","Home & garden","true","2026-08-04","2026-08-31","2026-08-04","$186.12","186.12","$299.00","299","2026-08-04","2026-09-30","Refurbished · Free shipping"
"ebay-item-335659445126","Makita XOB01-R 18V LXT 5 in. Random Orbit Sander KT (3 Ah) Certified Refurbished","https://dealdesk.fyi/deals/ebay-item-335659445126/","eBay","Home & garden","true","2026-08-04","2026-08-31","2026-08-11","$186.19","186.19","$299.00","299","2026-08-11","","Refurbished · Free shipping"
"ebay-item-335659445126","Makita XOB01-R 18V LXT 5 in. Random Orbit Sander KT (3 Ah) Certified Refurbished","https://dealdesk.fyi/deals/ebay-item-335659445126/","eBay","Home & garden","true","2026-08-04","2026-08-31","2026-08-31","$191.34","191.34","$299.00","299","2026-08-31","","Refurbished · Free shipping"
"ebay-item-335796235049","Makita XDT18SY1B-R 18V LXT Cordless Impact Driver Certified Refurbished","https://dealdesk.fyi/deals/ebay-item-335796235049/","eBay","Home & garden","true","2026-08-04","2026-08-31","2026-08-04","$122.49","122.49","$299.00","299","2026-08-04","2026-09-30","Refurbished · Free shipping"
"ebay-item-335796235049","Makita XDT18SY1B-R 18V LXT Cordless Impact Driver Certified Refurbished","https://dealdesk.fyi/deals/ebay-item-335796235049/","eBay","Home & garden","true","2026-08-04","2026-08-31","2026-08-11","$119.16","119.16","$299.00","299","2026-08-11","","Refurbished · Free shipping"
"ebay-item-335796235049","Makita XDT18SY1B-R 18V LXT Cordless Impact Driver Certified Refurbished","https://dealdesk.fyi/deals/ebay-item-335796235049/","eBay","Home & garden","true","2026-08-04","2026-08-31","2026-08-23","$122.49","122.49","$299.00","299","2026-08-23","","Refurbished · Free shipping"
"ebay-item-335796235049","Makita XDT18SY1B-R 18V LXT Cordless Impact Driver Certified Refurbished","https://dealdesk.fyi/deals/ebay-item-335796235049/","eBay","Home & garden","true","2026-08-04","2026-08-31","2026-08-31","$119.32","119.32","$299.00","299","2026-08-31","","Refurbished · Free shipping"
"ebay-item-335930880919","Makita HR4002-R 1-9/16"" Corded SDS-Max Rotary Hammer Certified Refurbished","https://dealdesk.fyi/deals/ebay-item-335930880919/","eBay","Home & garden","true","2026-08-04","2026-08-31","2026-08-04","$259.99","259.99","$349.99","349.99","2026-08-04","2026-09-30","Refurbished · Free shipping"
"ebay-item-335930880919","Makita HR4002-R 1-9/16"" Corded SDS-Max Rotary Hammer Certified Refurbished","https://dealdesk.fyi/deals/ebay-item-335930880919/","eBay","Home & garden","true","2026-08-04","2026-08-31","2026-08-11","$279.00","279","$349.99","349.99","2026-08-11","","Refurbished · Free shipping"
"ebay-item-335930880919","Makita HR4002-R 1-9/16"" Corded SDS-Max Rotary Hammer Certified Refurbished","https://dealdesk.fyi/deals/ebay-item-335930880919/","eBay","Home & garden","true","2026-08-04","2026-08-31","2026-08-23","$259.99","259.99","$349.99","349.99","2026-08-23","","Refurbished · Free shipping"
"ebay-item-335930880919","Makita HR4002-R 1-9/16"" Corded SDS-Max Rotary Hammer Certified Refurbished","https://dealdesk.fyi/deals/ebay-item-335930880919/","eBay","Home & garden","true","2026-08-04","2026-08-31","2026-08-31","$286.14","286.14","$349.99","349.99","2026-08-31","","Refurbished · Free shipping"
"ebay-item-335970908668","Makita GHU02Z-R 40V max XGT 24"" Cordless Hedge Trimmer Certified Refurbished","https://dealdesk.fyi/deals/ebay-item-335970908668/","eBay","Home & garden","true","2026-08-04","2026-08-31","2026-08-04","$195.93","195.93","$349.00","349","2026-08-04","2026-09-30","Refurbished · Free shipping"
"ebay-item-335970908668","Makita GHU02Z-R 40V max XGT 24"" Cordless Hedge Trimmer Certified Refurbished","https://dealdesk.fyi/deals/ebay-item-335970908668/","eBay","Home & garden","true","2026-08-04","2026-08-31","2026-08-11","$195.93","195.93","$349.00","349","2026-08-11","","Refurbished · Free shipping"
"ebay-item-335970908668","Makita GHU02Z-R 40V max XGT 24"" Cordless Hedge Trimmer Certified Refurbished","https://dealdesk.fyi/deals/ebay-item-335970908668/","eBay","Home & garden","true","2026-08-04","2026-08-31","2026-08-31","$184.65","184.65","$349.00","349","2026-08-31","","Refurbished · Free shipping"
"ebay-item-335970908676","Makita GBU01M1-R 40V max XGT Brushless Cordless Blower Certified Refurbished","https://dealdesk.fyi/deals/ebay-item-335970908676/","eBay","Home & garden","true","2026-08-04","2026-08-31","2026-08-04","$249.00","249","$459.00","459","2026-08-04","2026-09-30","Refurbished · Free shipping"
"ebay-item-335970908676","Makita GBU01M1-R 40V max XGT Brushless Cordless Blower Certified Refurbished","https://dealdesk.fyi/deals/ebay-item-335970908676/","eBay","Home & garden","true","2026-08-04","2026-08-31","2026-08-11","$249.00","249","$459.00","459","2026-08-11","","Refurbished · Free shipping"
"ebay-item-335970908676","Makita GBU01M1-R 40V max XGT Brushless Cordless Blower Certified Refurbished","https://dealdesk.fyi/deals/ebay-item-335970908676/","eBay","Home & garden","true","2026-08-04","2026-08-31","2026-08-31","$236.44","236.44","$459.00","459","2026-08-31","","Refurbished · Free shipping"
"ebay-item-336038454746","Makita XVJ03Z-R 18V LXT Cordless Jig Saw (Tool Only) Certified Refurbished","https://dealdesk.fyi/deals/ebay-item-336038454746/","eBay","Home & garden","true","2026-08-04","2026-08-11","2026-08-04","$130.13","130.13","$206.99","206.99","2026-08-04","2026-09-30","Refurbished · Free shipping"
"ebay-item-336038454746","Makita XVJ03Z-R 18V LXT Cordless Jig Saw (Tool Only) Certified Refurbished","https://dealdesk.fyi/deals/ebay-item-336038454746/","eBay","Home & garden","true","2026-08-04","2026-08-11","2026-08-11","$130.13","130.13","$206.99","206.99","2026-08-11","","Refurbished · Free shipping"
"ebay-item-336119368054","Makita JR3051T-R 115V 12 Amp Reciprocating Saw Certified Refurbished","https://dealdesk.fyi/deals/ebay-item-336119368054/","eBay","Home & garden","true","2026-08-04","2026-08-31","2026-08-04","$94.99","94.99","$159.00","159","2026-08-04","2026-09-30","Refurbished · Free shipping"
"ebay-item-336119368054","Makita JR3051T-R 115V 12 Amp Reciprocating Saw Certified Refurbished","https://dealdesk.fyi/deals/ebay-item-336119368054/","eBay","Home & garden","true","2026-08-04","2026-08-31","2026-08-11","$84.99","84.99","$159.00","159","2026-08-11","","Refurbished · Free shipping"
"ebay-item-336119368054","Makita JR3051T-R 115V 12 Amp Reciprocating Saw Certified Refurbished","https://dealdesk.fyi/deals/ebay-item-336119368054/","eBay","Home & garden","true","2026-08-04","2026-08-31","2026-08-31","$92.32","92.32","$159.00","159","2026-08-31","","Refurbished · Free shipping"
"ebay-item-336121111923","Makita XRW01Z-R 18V LXT 3/8"" / 1/4"" Square Drive Ratchet Certified Refurbished","https://dealdesk.fyi/deals/ebay-item-336121111923/","eBay","Home & garden","true","2026-08-04","2026-08-04","2026-08-04","$119.00","119","$189.00","189","2026-08-04","","Refurbished · Free shipping"
"ebay-item-336138243581","Yugioh YUGI'S LEGENDARY DECKS 1 Box (YGLD) - EXODIA DECK & EGYPTIAN GODS SET!","https://dealdesk.fyi/deals/ebay-item-336138243581/","eBay","Toys & hobbies","true","2026-08-04","2026-08-11","2026-08-04","$94.99","94.99","","","2026-08-04","2027-01-01","Pre-Owned · Free shipping"
"ebay-item-336138243581","Yugioh YUGI'S LEGENDARY DECKS 1 Box (YGLD) - EXODIA DECK & EGYPTIAN GODS SET!","https://dealdesk.fyi/deals/ebay-item-336138243581/","eBay","Toys & hobbies","true","2026-08-04","2026-08-11","2026-08-11","$94.99","94.99","","","2026-08-11","","Pre-Owned · Free shipping"
"ebay-item-336203615385","Makita XNB01Z-R 18V LXT 18-Ga 2"" Brad Nailer (Tool Only) Certified Refurbished","https://dealdesk.fyi/deals/ebay-item-336203615385/","eBay","Home & garden","true","2026-08-04","2026-08-11","2026-08-04","$174.99","174.99","$399.00","399","2026-08-04","2026-09-30","Refurbished · Free shipping"
"ebay-item-336203615385","Makita XNB01Z-R 18V LXT 18-Ga 2"" Brad Nailer (Tool Only) Certified Refurbished","https://dealdesk.fyi/deals/ebay-item-336203615385/","eBay","Home & garden","true","2026-08-04","2026-08-11","2026-08-11","$159.99","159.99","$399.00","399","2026-08-11","","Refurbished · Free shipping"
"ebay-item-336325157397","Yugioh Legendary 5D's Decks Box Set Brand New Factory Sealed! IN HAND!","https://dealdesk.fyi/deals/ebay-item-336325157397/","eBay","Toys & hobbies","true","2026-08-04","2026-08-11","2026-08-04","$28.95","28.95","","","2026-08-04","2027-01-01","Free shipping"
"ebay-item-336325157397","Yugioh Legendary 5D's Decks Box Set Brand New Factory Sealed! IN HAND!","https://dealdesk.fyi/deals/ebay-item-336325157397/","eBay","Toys & hobbies","true","2026-08-04","2026-08-11","2026-08-11","$28.95","28.95","","","2026-08-11","","Free shipping"
"ebay-item-336400385965-545909684425","Genuine Dyson Supersonic Hair Dryer with 3 Styling Attachments - Colors USED","https://dealdesk.fyi/deals/ebay-item-336400385965-545909684425/","eBay","Electronics","true","2026-08-11","2026-08-11","2026-08-11","$142.45","142.45","$149.95","149.95","2026-08-11","","Refurbished · Free shipping"
"ebay-item-336400385965-545909684427","Genuine Dyson Supersonic Hair Dryer with 3 Styling Attachments - Colors USED","https://dealdesk.fyi/deals/ebay-item-336400385965-545909684427/","eBay","Electronics","true","2026-08-04","2026-08-11","2026-08-04","$142.45","142.45","$149.95","149.95","2026-08-04","2028-01-31","Refurbished · Free shipping"
"ebay-item-336400385965-545909684427","Genuine Dyson Supersonic Hair Dryer with 3 Styling Attachments - Colors USED","https://dealdesk.fyi/deals/ebay-item-336400385965-545909684427/","eBay","Electronics","true","2026-08-04","2026-08-11","2026-08-11","$142.45","142.45","$149.95","149.95","2026-08-11","","Refurbished · Free shipping"
"ebay-item-336443747423","Makita XSF03Z-R 18V LXT Drywall Screwdriver (Tool Only) Certified Refurbished","https://dealdesk.fyi/deals/ebay-item-336443747423/","eBay","Home & garden","true","2026-08-04","2026-08-31","2026-08-04","$105.83","105.83","$190.99","190.99","2026-08-04","2026-09-30","Refurbished · Free shipping"
"ebay-item-336443747423","Makita XSF03Z-R 18V LXT Drywall Screwdriver (Tool Only) Certified Refurbished","https://dealdesk.fyi/deals/ebay-item-336443747423/","eBay","Home & garden","true","2026-08-04","2026-08-31","2026-08-11","$109.99","109.99","$190.99","190.99","2026-08-11","","Refurbished · Free shipping"
"ebay-item-336443747423","Makita XSF03Z-R 18V LXT Drywall Screwdriver (Tool Only) Certified Refurbished","https://dealdesk.fyi/deals/ebay-item-336443747423/","eBay","Home & garden","true","2026-08-04","2026-08-31","2026-08-23","$104.99","104.99","$190.99","190.99","2026-08-23","","Refurbished · Free shipping"
"ebay-item-336443747423","Makita XSF03Z-R 18V LXT Drywall Screwdriver (Tool Only) Certified Refurbished","https://dealdesk.fyi/deals/ebay-item-336443747423/","eBay","Home & garden","true","2026-08-04","2026-08-31","2026-08-31","$112.40","112.4","$190.99","190.99","2026-08-31","","Refurbished · Free shipping"
"ebay-item-336517068098","Dell Latitude 5520 15.6"" FHD Touchscreen i5 11th Gen Laptop | NVMe SSD | Win 11","https://dealdesk.fyi/deals/ebay-item-336517068098/","eBay","Electronics","true","2026-08-04","2026-08-04","2026-08-04","$299.99","299.99","$374.99","374.99","2026-08-04","","Refurbished · Free shipping"
"ebay-item-336532582331","Yugioh LEGENDARY DECKS 2 II BOX SET BRAND NEW FACTORY SEALED! IN HAND!","https://dealdesk.fyi/deals/ebay-item-336532582331/","eBay","Toys & hobbies","true","2026-08-04","2026-08-11","2026-08-04","$39.99","39.99","","","2026-08-04","2027-01-01","Free shipping"
"ebay-item-336532582331","Yugioh LEGENDARY DECKS 2 II BOX SET BRAND NEW FACTORY SEALED! IN HAND!","https://dealdesk.fyi/deals/ebay-item-336532582331/","eBay","Toys & hobbies","true","2026-08-04","2026-08-11","2026-08-11","$39.99","39.99","","","2026-08-11","","Free shipping"
"ebay-item-336561176798","Yugioh Battles of Legend Glorious Gallery Booster Box 1st Edition Factory Sealed","https://dealdesk.fyi/deals/ebay-item-336561176798/","eBay","Toys & hobbies","true","2026-08-04","2026-08-11","2026-08-04","$76.95","76.95","$107.76","107.76","2026-08-04","2027-01-01","Free shipping"
"ebay-item-336561176798","Yugioh Battles of Legend Glorious Gallery Booster Box 1st Edition Factory Sealed","https://dealdesk.fyi/deals/ebay-item-336561176798/","eBay","Toys & hobbies","true","2026-08-04","2026-08-11","2026-08-11","$76.95","76.95","$107.76","107.76","2026-08-11","","Free shipping"
"ebay-item-336580549702","PIKACHU WOTC Black Star Promo #27 PSA 10 Vintage Pokemon","https://dealdesk.fyi/deals/ebay-item-336580549702/","eBay","Toys & hobbies","true","2026-08-04","2026-08-04","2026-08-04","$499.99","499.99","","","2026-08-04","","Confirm condition, shipping, seller, and availability on eBay"
"ebay-item-336640881193","Apple MacBook Pro 14"" M1 Pro (2021) 16GB 512GB | Refurbished - Very Good","https://dealdesk.fyi/deals/ebay-item-336640881193/","eBay","Electronics","true","2026-08-04","2026-08-04","2026-08-04","$701.00","701","","","2026-08-04","","Refurbished · Free shipping"
"ebay-item-336653631060","Yugioh Chaos Origins Booster Box 1st Edition Factory Sealed","https://dealdesk.fyi/deals/ebay-item-336653631060/","eBay","Toys & hobbies","true","2026-08-04","2026-08-23","2026-08-04","$77.99","77.99","$107.76","107.76","2026-08-04","2027-01-01","Free shipping"
"ebay-item-336653631060","Yugioh Chaos Origins Booster Box 1st Edition Factory Sealed","https://dealdesk.fyi/deals/ebay-item-336653631060/","eBay","Toys & hobbies","true","2026-08-04","2026-08-23","2026-08-11","$77.99","77.99","$107.76","107.76","2026-08-11","","Free shipping"
"ebay-item-336653631060","Yugioh Chaos Origins Booster Box 1st Edition Factory Sealed","https://dealdesk.fyi/deals/ebay-item-336653631060/","eBay","Toys & hobbies","true","2026-08-04","2026-08-23","2026-08-23","$79.99","79.99","$107.76","107.76","2026-08-23","","Free shipping"
"ebay-item-336661220279","Dell Precision 5570 Intel i7 12th Gen NVIDIA RTX A1000 32GB RAM 512GB Win11 Pro","https://dealdesk.fyi/deals/ebay-item-336661220279/","eBay","Electronics","true","2026-08-04","2026-08-04","2026-08-04","$735.00","735","$810.00","810","2026-08-04","","Refurbished · Free shipping"
"ebay-item-336664518726","DJI Neo 2 Drone Fly More Combo 4K Camera","https://dealdesk.fyi/deals/ebay-item-336664518726/","eBay","Electronics","true","2026-08-11","2026-08-11","2026-08-11","$429.00","429","$549.00","549","2026-08-11","","Free shipping"
"ebay-item-336706549083","MEGA GENGAR EX Mega Dream ex Special Art Rare #240 PSA 10 Pokemon","https://dealdesk.fyi/deals/ebay-item-336706549083/","eBay","Toys & hobbies","true","2026-08-04","2026-08-04","2026-08-04","$699.99","699.99","","","2026-08-04","","Confirm condition, shipping, seller, and availability on eBay"
"ebay-item-336715770828","MEGA CHARIZARD X EX Phantasmal Flames Special Illustration Rare #125 PSA 9","https://dealdesk.fyi/deals/ebay-item-336715770828/","eBay","Toys & hobbies","true","2026-08-11","2026-08-11","2026-08-11","$849.99","849.99","","","2026-08-11","","Confirm condition, shipping, seller, and availability on eBay"
"ebay-item-336723977099","METAGROSS EX Power Keepers Holo Rare #95 PSA 9 Pokemon [Nostalgium]","https://dealdesk.fyi/deals/ebay-item-336723977099/","eBay","Toys & hobbies","true","2026-08-11","2026-08-11","2026-08-11","$499.99","499.99","","","2026-08-11","","Confirm condition, shipping, seller, and availability on eBay"
"ebay-item-336724160156","ZEKROM EX Black Bolt Black White Rare #172 BGS 9.5 Gem Mint Pokemon","https://dealdesk.fyi/deals/ebay-item-336724160156/","eBay","Toys & hobbies","true","2026-08-11","2026-08-11","2026-08-11","$999.99","999.99","","","2026-08-11","","Confirm condition, shipping, seller, and availability on eBay"
"ebay-item-336724533613","MEGA CHARIZARD X EX Inferno X M2 Special Art Rare #110 PSA 9 Pokemon","https://dealdesk.fyi/deals/ebay-item-336724533613/","eBay","Toys & hobbies","true","2026-08-11","2026-08-11","2026-08-11","$729.99","729.99","","","2026-08-11","","Confirm condition, shipping, seller, and availability on eBay"
"ebay-item-336724749650","Topps 2024 Bowman Chrome Prospects Sunflower Seeds George Lombard Jr. Yankees","https://dealdesk.fyi/deals/ebay-item-336724749650/","eBay","Sports collectibles","true","2026-08-04","2026-08-04","2026-08-04","$300.00","300","","","2026-08-04","","Pre-Owned"
"ebay-item-336724750856","2023 TOPPS CHROME DISNEY100 REFRACTOR #19 ARIEL PSA 10","https://dealdesk.fyi/deals/ebay-item-336724750856/","eBay","Collectibles","true","2026-08-04","2026-08-04","2026-08-04","$399.00","399","","","2026-08-04","","Confirm condition, shipping, seller, and availability on eBay"
"ebay-item-336724792333","2024 TOPPS CHROME DISNEY | REFRACTOR #63 WOODY PSA 10","https://dealdesk.fyi/deals/ebay-item-336724792333/","eBay","Collectibles","true","2026-08-04","2026-08-04","2026-08-04","$499.00","499","","","2026-08-04","","Confirm condition, shipping, seller, and availability on eBay"
"ebay-item-336733548802","Michael Jackson Keepsake HALO Bad World Tour Silhouette Relic Card #264 05/15","https://dealdesk.fyi/deals/ebay-item-336733548802/","eBay","Collectibles","true","2026-08-11","2026-08-11","2026-08-11","$250.00","250","","","2026-08-11","","Pre-Owned"
"ebay-item-336735925169","GOBLIN WELDER Urza's Legacy Foil Rare CGC 10 Gem Mint MTG [Nostalgium]","https://dealdesk.fyi/deals/ebay-item-336735925169/","eBay","Toys & hobbies","true","2026-08-11","2026-08-11","2026-08-11","$2299.99","2299.99","","","2026-08-11","","Confirm condition, shipping, seller, and availability on eBay"
"ebay-item-336736319105","2026 Topps Chrome Disney Sapphire - Daisy Duck /10 Black","https://dealdesk.fyi/deals/ebay-item-336736319105/","eBay","Collectibles","true","2026-08-11","2026-08-11","2026-08-11","$690.00","690","","","2026-08-11","","Pre-Owned"
"ebay-item-336736594958","WILL SMITH 2024 TOPPS DEFINITIVE Vin Scully JUMBO Game Used Patch 1/1 BGS 9.5","https://dealdesk.fyi/deals/ebay-item-336736594958/","eBay","Sports collectibles","true","2026-08-11","2026-08-11","2026-08-11","$5000.00","5000","","","2026-08-11","","Confirm condition, shipping, seller, and availability on eBay"
"ebay-item-336736765968","2018-19 Panini Contenders MVP Contenders Autographs Giannis Antetokounmpo /10","https://dealdesk.fyi/deals/ebay-item-336736765968/","eBay","Sports collectibles","true","2026-08-11","2026-08-11","2026-08-11","$375.00","375","","","2026-08-11","","Pre-Owned"
"ebay-item-354393181000-623805413801","Apple iPhone 12 Pro A2341 128GB Unlocked Very Good Condition","https://dealdesk.fyi/deals/ebay-item-354393181000-623805413801/","eBay","Electronics","true","2026-08-11","2026-08-11","2026-08-11","$263.96","263.96","$999.00","999","2026-08-11","","Refurbished · Free shipping"
"ebay-item-355095070816-624350343870","Apple iPhone 14 128GB Network Unlocked Very Good Condition","https://dealdesk.fyi/deals/ebay-item-355095070816-624350343870/","eBay","Electronics","true","2026-08-04","2026-08-04","2026-08-04","$298.01","298.01","$699.00","699","2026-08-04","","Refurbished · Free shipping"
"ebay-item-355133628575","NEW Nintendo Switch 32GB Neon Console + Sonic Mania 🥏Game Bundle - Ships Fast!","https://dealdesk.fyi/deals/ebay-item-355133628575/","eBay","Electronics","true","2026-08-04","2026-08-11","2026-08-04","$339.99","339.99","$349.99","349.99","2026-08-04","2027-04-29","Free shipping"
"ebay-item-355133628575","NEW Nintendo Switch 32GB Neon Console + Sonic Mania 🥏Game Bundle - Ships Fast!","https://dealdesk.fyi/deals/ebay-item-355133628575/","eBay","Electronics","true","2026-08-04","2026-08-11","2026-08-11","$339.99","339.99","$349.99","349.99","2026-08-11","","Free shipping"
"ebay-item-355382709281-624561865532","NEW Nintendo Switch Lite 32GB + Screen Protector + ✈️ FREE 2-DAY Shipping","https://dealdesk.fyi/deals/ebay-item-355382709281-624561865532/","eBay","Electronics","true","2026-08-04","2026-08-11","2026-08-04","$219.99","219.99","$299.99","299.99","2026-08-04","2027-04-29","NEW Nintendo Switch Lite 32GB + Screen Protector + ✈️ FREE 2-DAY Shipping"
"ebay-item-355382709281-624561865532","NEW Nintendo Switch Lite 32GB + Screen Protector + ✈️ FREE 2-DAY Shipping","https://dealdesk.fyi/deals/ebay-item-355382709281-624561865532/","eBay","Electronics","true","2026-08-04","2026-08-11","2026-08-11","$219.99","219.99","$299.99","299.99","2026-08-11","","NEW Nintendo Switch Lite 32GB + Screen Protector + ✈️ FREE 2-DAY Shipping"
"ebay-item-356227859677-625224267957","Apple iPhone 15 Pro Max A2849 256GB Unlocked Very Good","https://dealdesk.fyi/deals/ebay-item-356227859677-625224267957/","eBay","Electronics","true","2026-08-04","2026-08-04","2026-08-04","$671.51","671.51","$1,299.99","1299.99","2026-08-04","","Refurbished · Free shipping"
"ebay-item-357295226907-626001430427","Samsung Galaxy S24 Ultra SM-S928U 512GB Unlocked Very Good Condition","https://dealdesk.fyi/deals/ebay-item-357295226907-626001430427/","eBay","Electronics","true","2026-08-04","2026-08-04","2026-08-04","$592.63","592.63","$815.08","815.08","2026-08-04","","Refurbished · Free shipping"
"ebay-item-358163044422-626505865523","Apple iPhone 17 Pro Max A3257 256GB Unlocked Excellent Condition","https://dealdesk.fyi/deals/ebay-item-358163044422-626505865523/","eBay","Electronics","true","2026-08-04","2026-08-04","2026-08-04","$1,328.31","1328.31","","","2026-08-04","","Refurbished · Free shipping"
"ebay-item-358881081278","Robert Lewandowski — 2025–26 Panini Select STAINED GLASS CASE HIT","https://dealdesk.fyi/deals/ebay-item-358881081278/","eBay","Sports collectibles","true","2026-08-04","2026-08-04","2026-08-04","$350.00","350","","","2026-08-04","","Pre-Owned"
"ebay-item-358881218997","2012 Prizm - Tamba Hali TRUE Gold /10 - Kansas City Chiefs HOF - 1st Year Prizm","https://dealdesk.fyi/deals/ebay-item-358881218997/","eBay","Sports collectibles","true","2026-08-04","2026-08-04","2026-08-04","$600.00","600","","","2026-08-04","","Pre-Owned"
"ebay-item-358881434179","2024 KKW Phantom Harry Potter Hogwarts Acceptance Letter Harry Potter /625 J21","https://dealdesk.fyi/deals/ebay-item-358881434179/","eBay","Collectibles","true","2026-08-04","2026-08-04","2026-08-04","$250.00","250","","","2026-08-04","","Pre-Owned · Free shipping"
"ebay-item-358906448220","Topps Chrome WWE Rhea Ripley /5","https://dealdesk.fyi/deals/ebay-item-358906448220/","eBay","Collectibles","true","2026-08-11","2026-08-11","2026-08-11","$350.00","350","","","2026-08-11","","Pre-Owned"
"ebay-item-358908766015","1889 H600 J.D. Larkin U.S. Presidents Andrew Jackson (SGC 5 EX) Sweet Home Soap","https://dealdesk.fyi/deals/ebay-item-358908766015/","eBay","Collectibles","true","2026-08-11","2026-08-11","2026-08-11","$350.00","350","","","2026-08-11","","Confirm condition, shipping, seller, and availability on eBay"
"ebay-item-358908915462","1889 N79 Duke Cigarettes HISTORY OF POOR BOYS (SGC 4 VG/EX) Cornelius Vanderbilt","https://dealdesk.fyi/deals/ebay-item-358908915462/","eBay","Collectibles","true","2026-08-11","2026-08-11","2026-08-11","$350.00","350","","","2026-08-11","","Confirm condition, shipping, seller, and availability on eBay"
"ebay-item-358911588858","Charizard Base Set 1999 Holo 4/102 MP Moderately Played English Pokemon WOTC","https://dealdesk.fyi/deals/ebay-item-358911588858/","eBay","Collectibles","true","2026-08-11","2026-08-11","2026-08-11","$499.99","499.99","","","2026-08-11","","Pre-Owned"
"ebay-item-358911619562","Mewtwo ex EX Ruby & Sapphire Holo 101/109 2003 LP Lightly Played English Pokemon","https://dealdesk.fyi/deals/ebay-item-358911619562/","eBay","Collectibles","true","2026-08-11","2026-08-11","2026-08-11","$349.99","349.99","","","2026-08-11","","Pre-Owned"
"ebay-item-358912135295","Bandai Shonen Jump Naruto CCG Naruto Namikaze Hologram Card #112 2004 Eng","https://dealdesk.fyi/deals/ebay-item-358912135295/","eBay","Collectibles","true","2026-08-11","2026-08-11","2026-08-11","$250.00","250","","","2026-08-11","","Pre-Owned"
"ebay-item-358912154072","Bandai Naruto CCG Kakashi Hatake Hologram Trading Card N-1408 English","https://dealdesk.fyi/deals/ebay-item-358912154072/","eBay","Collectibles","true","2026-08-11","2026-08-11","2026-08-11","$280.00","280","","","2026-08-11","","Pre-Owned"
"ebay-item-358912290930","Naruto CCG Kakashi Hatake Hologram Non-Sport Trading Card B-504 2006 English","https://dealdesk.fyi/deals/ebay-item-358912290930/","eBay","Collectibles","true","2026-08-11","2026-08-11","2026-08-11","$260.00","260","","","2026-08-11","","Pre-Owned"
"ebay-item-358912322615","2024 Topps Chrome Star Wars Galaxy Emilia Clarke Qi'ra Orange Auto /25","https://dealdesk.fyi/deals/ebay-item-358912322615/","eBay","Collectibles","true","2026-08-11","2026-08-11","2026-08-11","$750.00","750","","","2026-08-11","","Pre-Owned"
"ebay-item-358912340775","2021 Topps Star Wars Galaxy #11 Dangerous Boba Fett 15/75 PSA 10 💎","https://dealdesk.fyi/deals/ebay-item-358912340775/","eBay","Collectibles","true","2026-08-11","2026-08-11","2026-08-11","$350.00","350","","","2026-08-11","","Confirm condition, shipping, seller, and availability on eBay"
"ebay-item-358912367676","Panini 2010 Classics Sunday's Best Tom Brady #22 Patriots Jerseys MEM 058/150","https://dealdesk.fyi/deals/ebay-item-358912367676/","eBay","Sports collectibles","true","2026-08-11","2026-08-11","2026-08-11","$400.00","400","","","2026-08-11","","Pre-Owned"
"ebay-item-363963230442","Microsoft Xbox 360S Black XBOX 360 SLIM Video Game Console System Bundle Set Kit","https://dealdesk.fyi/deals/ebay-item-363963230442/","eBay","Electronics","true","2026-08-04","2026-08-11","2026-08-04","$170.95","170.95","$179.95","179.95","2026-08-04","2027-04-29","Refurbished · Free shipping"
"ebay-item-363963230442","Microsoft Xbox 360S Black XBOX 360 SLIM Video Game Console System Bundle Set Kit","https://dealdesk.fyi/deals/ebay-item-363963230442/","eBay","Electronics","true","2026-08-04","2026-08-11","2026-08-11","$170.95","170.95","$179.95","179.95","2026-08-11","","Refurbished · Free shipping"
"ebay-item-364602439052","Microsoft XBOX 360 SLIM Black Video Game Console System Bundle Set Kit Xbox 360S","https://dealdesk.fyi/deals/ebay-item-364602439052/","eBay","Electronics","true","2026-08-04","2026-08-11","2026-08-04","$180.45","180.45","$189.95","189.95","2026-08-04","2027-04-29","Refurbished · Free shipping"
"ebay-item-364602439052","Microsoft XBOX 360 SLIM Black Video Game Console System Bundle Set Kit Xbox 360S","https://dealdesk.fyi/deals/ebay-item-364602439052/","eBay","Electronics","true","2026-08-04","2026-08-11","2026-08-11","$180.45","180.45","$189.95","189.95","2026-08-11","","Refurbished · Free shipping"
"ebay-item-365343072531","VIZIO 2.0 Soundbar w/ Dolby Atmos & DTS:X., HDMI eARC - SV200M-0808","https://dealdesk.fyi/deals/ebay-item-365343072531/","eBay","Electronics","true","2026-08-04","2026-08-11","2026-08-04","$59.99","59.99","$129.99","129.99","2026-08-04","2026-11-30","Refurbished · Free shipping"
"ebay-item-365343072531","VIZIO 2.0 Soundbar w/ Dolby Atmos & DTS:X., HDMI eARC - SV200M-0808","https://dealdesk.fyi/deals/ebay-item-365343072531/","eBay","Electronics","true","2026-08-04","2026-08-11","2026-08-11","$59.99","59.99","$129.99","129.99","2026-08-11","","Refurbished · Free shipping"
"ebay-item-365702253276","The Texas Chainsaw Massacre (1974) - Dinner Scene Playset with all Characters","https://dealdesk.fyi/deals/ebay-item-365702253276/","eBay","Collectibles","true","2026-08-11","2026-08-11","2026-08-11","$123.45","123.45","$219.99","219.99","2026-08-11","","Free shipping"
"ebay-item-365729575893","Hisense 5.1 Ch 510W Soundbar with Wireless Subwoofer and 2 Rear Surround Speaker","https://dealdesk.fyi/deals/ebay-item-365729575893/","eBay","Electronics","true","2026-08-04","2026-08-23","2026-08-04","$97.89","97.89","","","2026-08-04","2026-11-30","Refurbished · Free shipping"
"ebay-item-365729575893","Hisense 5.1 Ch 510W Soundbar with Wireless Subwoofer and 2 Rear Surround Speaker","https://dealdesk.fyi/deals/ebay-item-365729575893/","eBay","Electronics","true","2026-08-04","2026-08-23","2026-08-11","$88.20","88.2","$97.89","97.89","2026-08-11","","Refurbished · Free shipping"
"ebay-item-365729575893","Hisense 5.1 Ch 510W Soundbar with Wireless Subwoofer and 2 Rear Surround Speaker","https://dealdesk.fyi/deals/ebay-item-365729575893/","eBay","Electronics","true","2026-08-04","2026-08-23","2026-08-23","$97.89","97.89","","","2026-08-23","","Refurbished · Free shipping"
"ebay-item-365800690523","Samsung B-series HW-B400F 2.0 Channel Soundbar with Built in Subwoofer Black","https://dealdesk.fyi/deals/ebay-item-365800690523/","eBay","Electronics","true","2026-08-04","2026-08-23","2026-08-04","$66.99","66.99","$169.99","169.99","2026-08-04","2026-11-30","Refurbished · Free shipping"
"ebay-item-365800690523","Samsung B-series HW-B400F 2.0 Channel Soundbar with Built in Subwoofer Black","https://dealdesk.fyi/deals/ebay-item-365800690523/","eBay","Electronics","true","2026-08-04","2026-08-23","2026-08-11","$66.99","66.99","$169.99","169.99","2026-08-11","","Refurbished · Free shipping"
"ebay-item-365800690523","Samsung B-series HW-B400F 2.0 Channel Soundbar with Built in Subwoofer Black","https://dealdesk.fyi/deals/ebay-item-365800690523/","eBay","Electronics","true","2026-08-04","2026-08-23","2026-08-23","$84.98","84.98","$169.99","169.99","2026-08-23","","Refurbished · Free shipping"
"ebay-item-366012017440","Lenovo ThinkPad T14 Touch 14"" Intel Core i7 32GB RAM 1TB SSD Win 11  -","https://dealdesk.fyi/deals/ebay-item-366012017440/","eBay","Electronics","true","2026-08-11","2026-08-11","2026-08-11","$538.00","538","$1076.00","1076","2026-08-11","","Refurbished · Free shipping"
"ebay-item-366021200917","HP 14"" HD Notebook AMD Ryzen 7730U 16GB 1TB Win11Home Silver B43BVUA","https://dealdesk.fyi/deals/ebay-item-366021200917/","eBay","Electronics","true","2026-08-11","2026-08-11","2026-08-11","$365.99","365.99","$549.99","549.99","2026-08-11","","Refurbished · Free shipping"
"ebay-item-366318093435","Lenovo ThinkPad 14"" 16GB 512GB, Black","https://dealdesk.fyi/deals/ebay-item-366318093435/","eBay","Electronics","true","2026-08-04","2026-08-11","2026-08-04","$300.00","300","$1,299.99","1299.99","2026-08-04","2027-08-31","Refurbished · Free shipping"
"ebay-item-366318093435","Lenovo ThinkPad 14"" 16GB 512GB, Black","https://dealdesk.fyi/deals/ebay-item-366318093435/","eBay","Electronics","true","2026-08-04","2026-08-11","2026-08-11","$300.00","300","$1299.99","1299.99","2026-08-11","","Refurbished · Free shipping"
"ebay-item-366318093440","Lenovo ThinkPad 13.3"" Touch 16GB 512GB SSD Core™ i5‑10310U 1.70GHz WIN11P, Black","https://dealdesk.fyi/deals/ebay-item-366318093440/","eBay","Electronics","true","2026-08-11","2026-08-11","2026-08-11","$239.99","239.99","$499.99","499.99","2026-08-11","","Refurbished · Free shipping"
"ebay-item-366347496626","HP EliteBook 745 G6 14"" Ryzen 5 PRO 16GB 512GB SSD Win11 Pro FPR","https://dealdesk.fyi/deals/ebay-item-366347496626/","eBay","Electronics","true","2026-08-04","2026-08-11","2026-08-04","$229.99","229.99","$1,399.00","1399","2026-08-04","2027-08-31","Refurbished · Free shipping"
"ebay-item-366347496626","HP EliteBook 745 G6 14"" Ryzen 5 PRO 16GB 512GB SSD Win11 Pro FPR","https://dealdesk.fyi/deals/ebay-item-366347496626/","eBay","Electronics","true","2026-08-04","2026-08-11","2026-08-11","$229.99","229.99","$1399.00","1399","2026-08-11","","Refurbished · Free shipping"
"ebay-item-366347568583","Lenovo Thinkpad T14 Gen 1 14"" 16GB 512GB, Black","https://dealdesk.fyi/deals/ebay-item-366347568583/","eBay","Electronics","true","2026-08-04","2026-08-11","2026-08-04","$240.00","240","$899.00","899","2026-08-04","2027-08-31","Refurbished · Free shipping"
"ebay-item-366347568583","Lenovo Thinkpad T14 Gen 1 14"" 16GB 512GB, Black","https://dealdesk.fyi/deals/ebay-item-366347568583/","eBay","Electronics","true","2026-08-04","2026-08-11","2026-08-11","$240.00","240","$899.00","899","2026-08-11","","Refurbished · Free shipping"
"ebay-item-366373129756","HP EliteBook 13.3"" 16GB 512GB, Silver","https://dealdesk.fyi/deals/ebay-item-366373129756/","eBay","Electronics","true","2026-08-04","2026-08-11","2026-08-04","$225.00","225","$399.99","399.99","2026-08-04","2027-08-31","Refurbished · Free shipping"
"ebay-item-366373129756","HP EliteBook 13.3"" 16GB 512GB, Silver","https://dealdesk.fyi/deals/ebay-item-366373129756/","eBay","Electronics","true","2026-08-04","2026-08-11","2026-08-11","$225.00","225","$399.99","399.99","2026-08-11","","Refurbished · Free shipping"
"ebay-item-366373129773","Dell Latitude 7490 Touch – i7‑8650U, 16GB, 512GB SSD, Win11 Pro","https://dealdesk.fyi/deals/ebay-item-366373129773/","eBay","Electronics","true","2026-08-04","2026-08-04","2026-08-04","$239.99","239.99","$2,999.99","2999.99","2026-08-04","","Refurbished · Free shipping"
"ebay-item-366391212919","Lenovo ThinkPad T14s G2 i5‑1135G7 8GB RAM 512GB SSD Windows 11 Pro","https://dealdesk.fyi/deals/ebay-item-366391212919/","eBay","Electronics","true","2026-08-04","2026-08-04","2026-08-04","$259.99","259.99","$1,499.00","1499","2026-08-04","","Refurbished · Free shipping"
"ebay-item-366403371482","HP EliteBook 14"" 16GB 512GB, Aluminum","https://dealdesk.fyi/deals/ebay-item-366403371482/","eBay","Electronics","true","2026-08-04","2026-08-11","2026-08-04","$249.99","249.99","$649.00","649","2026-08-04","2027-08-31","Refurbished · Free shipping"
"ebay-item-366403371482","HP EliteBook 14"" 16GB 512GB, Aluminum","https://dealdesk.fyi/deals/ebay-item-366403371482/","eBay","Electronics","true","2026-08-04","2026-08-11","2026-08-11","$249.99","249.99","$649.00","649","2026-08-11","","Refurbished · Free shipping"
"ebay-item-366528761244","Binho Board Classic Inter Miami CF (3rd Edition) 2-Player Pinball Soccer Game","https://dealdesk.fyi/deals/ebay-item-366528761244/","eBay","Collectibles","true","2026-08-04","2026-08-04","2026-08-04","$106.40","106.4","$149.99","149.99","2026-08-04","","Free shipping"
"ebay-item-366564086957","HP EliteBook 840 G8 i5-1145G7 16GB RAM 256GB SSD Windows 11 Pro","https://dealdesk.fyi/deals/ebay-item-366564086957/","eBay","Electronics","true","2026-08-04","2026-08-04","2026-08-04","$239.99","239.99","$1,399.99","1399.99","2026-08-04","","Refurbished · Free shipping"
"ebay-item-366567534769","HP EliteBook x360 1040 G8 14"" 32GB 512GB, Silver","https://dealdesk.fyi/deals/ebay-item-366567534769/","eBay","Electronics","true","2026-08-04","2026-08-11","2026-08-04","$399.99","399.99","$1,699.00","1699","2026-08-04","2027-08-31","Refurbished · Free shipping"
"ebay-item-366567534769","HP EliteBook x360 1040 G8 14"" 32GB 512GB, Silver","https://dealdesk.fyi/deals/ebay-item-366567534769/","eBay","Electronics","true","2026-08-04","2026-08-11","2026-08-11","$399.99","399.99","$1699.00","1699","2026-08-11","","Refurbished · Free shipping"
"ebay-item-366572163646","WYZE Bulb Cam Security Camera 2K HD Outdoor Light Bulb Camera Color Night Vision","https://dealdesk.fyi/deals/ebay-item-366572163646/","eBay","Electronics","true","2026-08-11","2026-08-11","2026-08-11","$34.99","34.99","","","2026-08-11","","Refurbished · Free shipping"
"ebay-item-366574688324","2026 Kim Kardashian Complex x GAS Limited CRACKED ICE FOIL PSA 10 GEM /500","https://dealdesk.fyi/deals/ebay-item-366574688324/","eBay","Collectibles","true","2026-08-04","2026-08-04","2026-08-04","$1,299.00","1299","","","2026-08-04","","Free shipping"
"ebay-item-366578844919","Lenovo Thinkpad T14 Gen 2 14"" 16GB 512GB, Black","https://dealdesk.fyi/deals/ebay-item-366578844919/","eBay","Electronics","true","2026-08-04","2026-08-04","2026-08-04","$320.99","320.99","$849.99","849.99","2026-08-04","","Refurbished · Free shipping"
"ebay-item-366583705767","Lenovo ThinkPad 14"" 16GB 512GB, Black","https://dealdesk.fyi/deals/ebay-item-366583705767/","eBay","Electronics","true","2026-08-04","2026-08-04","2026-08-04","$252.00","252","$1,299.00","1299","2026-08-04","","Refurbished · Free shipping"
"ebay-item-366583705779","Dell Latitude 7320 13.3"" i7-1185G7 16GB 512GB SSD Win11 Pro Laptop","https://dealdesk.fyi/deals/ebay-item-366583705779/","eBay","Electronics","true","2026-08-04","2026-08-11","2026-08-04","$264.99","264.99","$1,466.00","1466","2026-08-04","2027-08-31","Refurbished · Free shipping"
"ebay-item-366583705779","Dell Latitude 7320 13.3"" i7-1185G7 16GB 512GB SSD Win11 Pro Laptop","https://dealdesk.fyi/deals/ebay-item-366583705779/","eBay","Electronics","true","2026-08-04","2026-08-11","2026-08-11","$264.99","264.99","$1466.00","1466","2026-08-11","","Refurbished · Free shipping"
"ebay-item-366583980378","2025 Futera Unique TRIO Forwards #1/1 Neymar Jr #GTF33","https://dealdesk.fyi/deals/ebay-item-366583980378/","eBay","Sports collectibles","true","2026-08-04","2026-08-04","2026-08-04","$250.00","250","","","2026-08-04","","Pre-Owned"
"ebay-item-366584213993","2026 Topps All Kings Roberto Clemente #AK-30 Pittsburgh Pirates Insert","https://dealdesk.fyi/deals/ebay-item-366584213993/","eBay","Sports collectibles","true","2026-08-04","2026-08-04","2026-08-04","$550.00","550","","","2026-08-04","","Pre-Owned"
"ebay-item-366584262500","Topps 2024 Series One Ryne Nelson Arizona Diamondbacks foil tractor 1/1 #114","https://dealdesk.fyi/deals/ebay-item-366584262500/","eBay","Sports collectibles","true","2026-08-04","2026-08-04","2026-08-04","$400.00","400","","","2026-08-04","","Pre-Owned"
"ebay-item-366584299285","Topps Chrome Disney 2026 Elsa Orange Refractor 12/25 Iconic moments","https://dealdesk.fyi/deals/ebay-item-366584299285/","eBay","Collectibles","true","2026-08-04","2026-08-04","2026-08-04","$300.00","300","","","2026-08-04","","Pre-Owned · Free shipping"
"ebay-item-366584895339","2023 Topps Chrome Star Wars Galaxy the Dark Side /10. Please Read Description","https://dealdesk.fyi/deals/ebay-item-366584895339/","eBay","Collectibles","true","2026-08-04","2026-08-04","2026-08-04","$500.00","500","","","2026-08-04","","Pre-Owned"
"ebay-item-366585079261","2025 Bowman Chrome 1st George Lombard Jr Blue Mojo Refractor /150 RC SP PSA 10","https://dealdesk.fyi/deals/ebay-item-366585079261/","eBay","Sports collectibles","true","2026-08-04","2026-08-04","2026-08-04","$299.99","299.99","","","2026-08-04","","Confirm condition, shipping, seller, and availability on eBay"
"ebay-item-366588895142","HP EliteBook 840 G7 i5-10310U 16GB RAM 256GB SSD Windows 11 Pro","https://dealdesk.fyi/deals/ebay-item-366588895142/","eBay","Electronics","true","2026-08-11","2026-08-11","2026-08-11","$219.99","219.99","$499.99","499.99","2026-08-11","","Refurbished · Free shipping"
"ebay-item-366590911488","Lenovo Thinkpad T14 Gen 2 14"" 16GB 512GB, Black","https://dealdesk.fyi/deals/ebay-item-366590911488/","eBay","Electronics","true","2026-08-11","2026-08-11","2026-08-11","$320.99","320.99","$849.99","849.99","2026-08-11","","Refurbished · Free shipping"
"ebay-item-366592517473","HP EliteBook 840 G7 i5-10310U 16GB RAM 256GB SSD Windows 11 Pro","https://dealdesk.fyi/deals/ebay-item-366592517473/","eBay","Electronics","true","2026-08-11","2026-08-11","2026-08-11","$199.00","199","$499.99","499.99","2026-08-11","","Refurbished · Free shipping"
"ebay-item-366597491970","Dell Latitude 7430 14"" 512GB i7-1265U WIN11P, Black","https://dealdesk.fyi/deals/ebay-item-366597491970/","eBay","Electronics","true","2026-08-11","2026-08-11","2026-08-11","$349.99","349.99","$999.99","999.99","2026-08-11","","Refurbished · Free shipping"
"ebay-item-366597492407","HP ZBook Firefly 14 G8 14"" 512GB i5-1145G7 WIN11P, Gray","https://dealdesk.fyi/deals/ebay-item-366597492407/","eBay","Electronics","true","2026-08-11","2026-08-11","2026-08-11","$265.00","265","$1999.99","1999.99","2026-08-11","","Refurbished · Free shipping"
"ebay-item-366597926110","2025 Bowman Chrome Draft Sapphire Chrome Prospect Autographs Gage Wood Green /99","https://dealdesk.fyi/deals/ebay-item-366597926110/","eBay","Sports collectibles","true","2026-08-11","2026-08-11","2026-08-11","$274.99","274.99","","","2026-08-11","","Pre-Owned"
"ebay-item-366598151184","2025 Topps Cosmic Chrome Planetary Pursuit Sun #PPS-2 Shohei Ohtani","https://dealdesk.fyi/deals/ebay-item-366598151184/","eBay","Sports collectibles","true","2026-08-11","2026-08-11","2026-08-11","$500.00","500","","","2026-08-11","","Pre-Owned"
"ebay-item-366598504370","2025-26 Panini Prizm Kameron Mercer Blue Shimmer FOTL /15 #115 NIL 02/15","https://dealdesk.fyi/deals/ebay-item-366598504370/","eBay","Sports collectibles","true","2026-08-11","2026-08-11","2026-08-11","$299.00","299","","","2026-08-11","","Pre-Owned"
"ebay-item-374922753524","2020 Apple MacBook Pro 13"" i7 2.3GHz/16GB/512GB - (Space Gray) A2251 w/Warranty","https://dealdesk.fyi/deals/ebay-item-374922753524/","eBay","Electronics","true","2026-08-11","2026-08-23","2026-08-11","$344.28","344.28","$1999.00","1999","2026-08-11","","Refurbished · Free shipping"
"ebay-item-374922753524","2020 Apple MacBook Pro 13"" i7 2.3GHz/16GB/512GB - (Space Gray) A2251 w/Warranty","https://dealdesk.fyi/deals/ebay-item-374922753524/","eBay","Electronics","true","2026-08-11","2026-08-23","2026-08-23","$348.34","348.34","$1999.00","1999","2026-08-23","","Refurbished · Free shipping"
"ebay-item-375369057245","Apple iPhone 13 6.1"" A2482 Unlocked w/128GB (Blue) - Good","https://dealdesk.fyi/deals/ebay-item-375369057245/","eBay","Electronics","true","2026-08-04","2026-08-04","2026-08-04","$253.23","253.23","$799.00","799","2026-08-04","","Refurbished · Free shipping"
"ebay-item-376847356927","2020 Apple MacBook Pro 13"" i7 2.3GHz/32GB/512GB - (Space Gray) A2251 w/Warranty","https://dealdesk.fyi/deals/ebay-item-376847356927/","eBay","Electronics","true","2026-08-04","2026-08-11","2026-08-04","$394.66","394.66","$1,999.00","1999","2026-08-04","2027-08-31","Refurbished · Free shipping"
"ebay-item-376847356927","2020 Apple MacBook Pro 13"" i7 2.3GHz/32GB/512GB - (Space Gray) A2251 w/Warranty","https://dealdesk.fyi/deals/ebay-item-376847356927/","eBay","Electronics","true","2026-08-04","2026-08-11","2026-08-11","$394.66","394.66","$1999.00","1999","2026-08-11","","Refurbished · Free shipping"
"ebay-item-376851029790","2022 Apple M2 MacBook Air 13.6"" 8GB/256GB SSD - (Space Gray) A2681 w/Warranty","https://dealdesk.fyi/deals/ebay-item-376851029790/","eBay","Electronics","true","2026-08-04","2026-08-04","2026-08-04","$501.02","501.02","$1,199.00","1199","2026-08-04","","Refurbished · Free shipping"
"ebay-item-377042053673","Lenovo ThinkPad T14 Gen 2 14"" FHD AMD Ryzen 5 5650 Pro 16GB 256GB Radeon Graphic","https://dealdesk.fyi/deals/ebay-item-377042053673/","eBay","Electronics","true","2026-08-04","2026-08-23","2026-08-04","$369.00","369","","","2026-08-04","2028-01-31","Refurbished · Free shipping"
"ebay-item-377042053673","Lenovo ThinkPad T14 Gen 2 14"" FHD AMD Ryzen 5 5650 Pro 16GB 256GB Radeon Graphic","https://dealdesk.fyi/deals/ebay-item-377042053673/","eBay","Electronics","true","2026-08-04","2026-08-23","2026-08-11","$369.00","369","","","2026-08-11","","Refurbished · Free shipping"
"ebay-item-377042053673","Lenovo ThinkPad T14 Gen 2 14"" FHD AMD Ryzen 5 5650 Pro 16GB 256GB Radeon Graphic","https://dealdesk.fyi/deals/ebay-item-377042053673/","eBay","Electronics","true","2026-08-04","2026-08-23","2026-08-23","$379.00","379","","","2026-08-23","","Refurbished · Free shipping"
"ebay-item-377166430788","Lenovo ThinkPad T14 Gen 3 14"" WUXGA Ryzen 5 6650U Pro 16GB 256GB Radeon 660M","https://dealdesk.fyi/deals/ebay-item-377166430788/","eBay","Electronics","true","2026-08-04","2026-08-23","2026-08-04","$429.00","429","","","2026-08-04","2028-01-31","Refurbished · Free shipping"
"ebay-item-377166430788","Lenovo ThinkPad T14 Gen 3 14"" WUXGA Ryzen 5 6650U Pro 16GB 256GB Radeon 660M","https://dealdesk.fyi/deals/ebay-item-377166430788/","eBay","Electronics","true","2026-08-04","2026-08-23","2026-08-11","$429.00","429","","","2026-08-11","","Refurbished · Free shipping"
"ebay-item-377166430788","Lenovo ThinkPad T14 Gen 3 14"" WUXGA Ryzen 5 6650U Pro 16GB 256GB Radeon 660M","https://dealdesk.fyi/deals/ebay-item-377166430788/","eBay","Electronics","true","2026-08-04","2026-08-23","2026-08-23","$449.00","449","","","2026-08-23","","Refurbished · Free shipping"
"ebay-item-377264826601","Beyerdynamic DT990 Pro Acoustically Open Headphones 250 Ohms","https://dealdesk.fyi/deals/ebay-item-377264826601/","eBay","Electronics","true","2026-08-04","2026-08-25","2026-08-04","$137.99","137.99","$208.60","208.6","2026-08-04","2028-01-31","Refurbished · Free shipping"
"ebay-item-377264826601","Beyerdynamic DT990 Pro Acoustically Open Headphones 250 Ohms","https://dealdesk.fyi/deals/ebay-item-377264826601/","eBay","Electronics","true","2026-08-04","2026-08-25","2026-08-11","$137.99","137.99","$208.60","208.6","2026-08-11","","Refurbished · Free shipping"
"ebay-item-377264826601","Beyerdynamic DT990 Pro Acoustically Open Headphones 250 Ohms","https://dealdesk.fyi/deals/ebay-item-377264826601/","eBay","Electronics","true","2026-08-04","2026-08-25","2026-08-25","$136.99","136.99","$208.60","208.6","2026-08-25","","Refurbished · Free shipping"
"ebay-item-377313045084","Sony FE 50mm f/1.8 Lens Prime","https://dealdesk.fyi/deals/ebay-item-377313045084/","eBay","Electronics","true","2026-08-11","2026-08-11","2026-08-11","$198.00","198","$248.00","248","2026-08-11","","Free shipping"
"ebay-item-377392987674","[IN HAND] The Gaffer (Surge Foil) (MTG) (HOC) (The Hobbit)","https://dealdesk.fyi/deals/ebay-item-377392987674/","eBay","Collectibles","true","2026-08-04","2026-08-04","2026-08-04","$399.99","399.99","","","2026-08-04","","Pre-Owned"
"ebay-item-377392987680","[IN HAND] Lord of the Eagles (Book Cover) (Surge Foil) (MTG) (HOC) (The Hobbit)","https://dealdesk.fyi/deals/ebay-item-377392987680/","eBay","Collectibles","true","2026-08-04","2026-08-04","2026-08-04","$269.99","269.99","","","2026-08-04","","Pre-Owned"
"ebay-item-377393050846","Upper Deck 2004 Sweet Spot Frank Robinson Logo Patch SSP-FR /300","https://dealdesk.fyi/deals/ebay-item-377393050846/","eBay","Sports collectibles","true","2026-08-04","2026-08-04","2026-08-04","$450.00","450","","","2026-08-04","","Pre-Owned"
"ebay-item-377408953908","HATE WATCH Pink Cracked Ice Promo Hazbin Hotel PR-20 LIMITED EDITION - IN HAND","https://dealdesk.fyi/deals/ebay-item-377408953908/","eBay","Collectibles","true","2026-08-11","2026-08-11","2026-08-11","$700.00","700","","","2026-08-11","","Pre-Owned"
"ebay-item-377409597013","2025-26 Panini Select FIFA World Cup Victor Froholdt Gold Select Swatches RC /10","https://dealdesk.fyi/deals/ebay-item-377409597013/","eBay","Sports collectibles","true","2026-08-11","2026-08-11","2026-08-11","$399.00","399","","","2026-08-11","","Pre-Owned"
"ebay-item-383934385527","eufy SoloCam S220 Wireless Home Security System 2K Outdoor Cameras Solar Powered","https://dealdesk.fyi/deals/ebay-item-383934385527/","eBay","Electronics","true","2026-08-04","2026-08-31","2026-08-04","$149.99","149.99","$379.99","379.99","2026-08-04","2026-11-07","Refurbished · Free shipping"
"ebay-item-383934385527","eufy SoloCam S220 Wireless Home Security System 2K Outdoor Cameras Solar Powered","https://dealdesk.fyi/deals/ebay-item-383934385527/","eBay","Electronics","true","2026-08-04","2026-08-31","2026-08-11","$187.49","187.49","$379.99","379.99","2026-08-11","","Refurbished · Free shipping"
"ebay-item-383934385527","eufy SoloCam S220 Wireless Home Security System 2K Outdoor Cameras Solar Powered","https://dealdesk.fyi/deals/ebay-item-383934385527/","eBay","Electronics","true","2026-08-04","2026-08-31","2026-08-23","$149.99","149.99","$379.99","379.99","2026-08-23","","Refurbished · Free shipping"
"ebay-item-383934385527","eufy SoloCam S220 Wireless Home Security System 2K Outdoor Cameras Solar Powered","https://dealdesk.fyi/deals/ebay-item-383934385527/","eBay","Electronics","true","2026-08-04","2026-08-31","2026-08-31","$174.99","174.99","$379.99","379.99","2026-08-31","","Refurbished · Free shipping"
"ebay-item-384231038071","Soundcore Boom 2 Plus Outdoor Speaker BassUp 2.0 USB-C Power Bank 140W|Refurbish","https://dealdesk.fyi/deals/ebay-item-384231038071/","eBay","Electronics","true","2026-08-04","2026-08-04","2026-08-04","$139.99","139.99","$249.99","249.99","2026-08-04","","Confirm condition, shipping, seller, and availability on eBay"
"ebay-item-384390669561","eufy eufyCam 3 Wireless 4K Solar Powered Security Camera System 5-Cam Kit|Refurb","https://dealdesk.fyi/deals/ebay-item-384390669561/","eBay","Electronics","true","2026-08-04","2026-08-23","2026-08-04","$369.99","369.99","$859.99","859.99","2026-08-04","2026-11-07","Refurbished · Free shipping"
"ebay-item-384390669561","eufy eufyCam 3 Wireless 4K Solar Powered Security Camera System 5-Cam Kit|Refurb","https://dealdesk.fyi/deals/ebay-item-384390669561/","eBay","Electronics","true","2026-08-04","2026-08-23","2026-08-11","$462.49","462.49","$859.99","859.99","2026-08-11","","Refurbished · Free shipping"
"ebay-item-384390669561","eufy eufyCam 3 Wireless 4K Solar Powered Security Camera System 5-Cam Kit|Refurb","https://dealdesk.fyi/deals/ebay-item-384390669561/","eBay","Electronics","true","2026-08-04","2026-08-23","2026-08-23","$369.99","369.99","$859.99","859.99","2026-08-23","","Refurbished · Free shipping"
"ebay-item-384518689755","eufy Add-on Camera 4K Outdoor Solar Panel Security Camera for eufyCam 3 |Refurb","https://dealdesk.fyi/deals/ebay-item-384518689755/","eBay","Electronics","true","2026-08-04","2026-08-31","2026-08-04","$89.99","89.99","$219.99","219.99","2026-08-04","","Refurbished · Free shipping"
"ebay-item-384518689755","eufy Add-on Camera 4K Outdoor Solar Panel Security Camera for eufyCam 3 |Refurb","https://dealdesk.fyi/deals/ebay-item-384518689755/","eBay","Electronics","true","2026-08-04","2026-08-31","2026-08-31","$99.99","99.99","$219.99","219.99","2026-08-31","","Refurbished · Free shipping"
"ebay-item-384568329176","eufy 2K Solar Security Cameras Wireless Outdoor Spotlight SoloCam S230 (2Pack)","https://dealdesk.fyi/deals/ebay-item-384568329176/","eBay","Electronics","true","2026-08-04","2026-08-31","2026-08-04","$99.99","99.99","$299.99","299.99","2026-08-04","","Refurbished · Free shipping"
"ebay-item-384568329176","eufy 2K Solar Security Cameras Wireless Outdoor Spotlight SoloCam S230 (2Pack)","https://dealdesk.fyi/deals/ebay-item-384568329176/","eBay","Electronics","true","2026-08-04","2026-08-31","2026-08-31","$124.99","124.99","$299.99","299.99","2026-08-31","","Refurbished · Free shipping"
"ebay-item-384770863938","Eufy SoloCam E30 2K Security Camera Wireless Solar Cam 360° Pan AI Tracking","https://dealdesk.fyi/deals/ebay-item-384770863938/","eBay","Electronics","true","2026-08-04","2026-08-23","2026-08-04","$73.99","73.99","$149.99","149.99","2026-08-04","2026-11-07","Refurbished · Free shipping"
"ebay-item-384770863938","Eufy SoloCam E30 2K Security Camera Wireless Solar Cam 360° Pan AI Tracking","https://dealdesk.fyi/deals/ebay-item-384770863938/","eBay","Electronics","true","2026-08-04","2026-08-23","2026-08-11","$92.49","92.49","$149.99","149.99","2026-08-11","","Refurbished · Free shipping"
"ebay-item-384770863938","Eufy SoloCam E30 2K Security Camera Wireless Solar Cam 360° Pan AI Tracking","https://dealdesk.fyi/deals/ebay-item-384770863938/","eBay","Electronics","true","2026-08-04","2026-08-23","2026-08-23","$89.99","89.99","$149.99","149.99","2026-08-23","","Refurbished · Free shipping"
"ebay-item-384803790556","Atlas HO Scale Code 100 36"" Super-Flex Bulk Model Train Track (10 Pieces)","https://dealdesk.fyi/deals/ebay-item-384803790556/","eBay","Collectibles","true","2026-08-04","2026-08-04","2026-08-04","$52.99","52.99","$82.50","82.5","2026-08-04","","Confirm condition, shipping, seller, and availability on eBay"
"ebay-item-385156665188","eufy SoloCam S220 Solar Security Camera 2K Wireless Outdoor Cam Human Detection","https://dealdesk.fyi/deals/ebay-item-385156665188/","eBay","Electronics","true","2026-08-04","2026-08-04","2026-08-04","$49.99","49.99","$129.99","129.99","2026-08-04","","Refurbished · Free shipping"
"ebay-item-385436454840","eufy E220 Indoor Security Camera 3MP Wi-Fi Baby Pet Monitor Night Vision|Refurb","https://dealdesk.fyi/deals/ebay-item-385436454840/","eBay","Electronics","true","2026-08-04","2026-08-11","2026-08-04","$27.99","27.99","$54.99","54.99","2026-08-04","2026-11-07","Refurbished · Free shipping"
"ebay-item-385436454840","eufy E220 Indoor Security Camera 3MP Wi-Fi Baby Pet Monitor Night Vision|Refurb","https://dealdesk.fyi/deals/ebay-item-385436454840/","eBay","Electronics","true","2026-08-04","2026-08-11","2026-08-11","$34.99","34.99","$54.99","54.99","2026-08-11","","Refurbished · Free shipping"
"ebay-item-385565756245","eufy Security S380 HomeBase Local Expandable Storage up to 16TB | Refurbished","https://dealdesk.fyi/deals/ebay-item-385565756245/","eBay","Electronics","true","2026-08-04","2026-08-31","2026-08-04","$119.99","119.99","$199.99","199.99","2026-08-04","2026-11-07","Refurbished · Free shipping"
"ebay-item-385565756245","eufy Security S380 HomeBase Local Expandable Storage up to 16TB | Refurbished","https://dealdesk.fyi/deals/ebay-item-385565756245/","eBay","Electronics","true","2026-08-04","2026-08-31","2026-08-11","$119.99","119.99","$199.99","199.99","2026-08-11","","Refurbished · Free shipping"
"ebay-item-385565756245","eufy Security S380 HomeBase Local Expandable Storage up to 16TB | Refurbished","https://dealdesk.fyi/deals/ebay-item-385565756245/","eBay","Electronics","true","2026-08-04","2026-08-31","2026-08-24","$107.99","107.99","$199.99","199.99","2026-08-24","","Refurbished · Free shipping"
"ebay-item-385565756245","eufy Security S380 HomeBase Local Expandable Storage up to 16TB | Refurbished","https://dealdesk.fyi/deals/ebay-item-385565756245/","eBay","Electronics","true","2026-08-04","2026-08-31","2026-08-31","$119.99","119.99","$199.99","199.99","2026-08-31","","Refurbished · Free shipping"
"ebay-item-385592719097","eufy SoloCam C210 Wireless Security Camera 2K Smart Al Outdoor Cam Night Vision","https://dealdesk.fyi/deals/ebay-item-385592719097/","eBay","Electronics","true","2026-08-04","2026-08-31","2026-08-04","$65.99","65.99","$134.99","134.99","2026-08-04","2026-11-07","Refurbished · Free shipping"
"ebay-item-385592719097","eufy SoloCam C210 Wireless Security Camera 2K Smart Al Outdoor Cam Night Vision","https://dealdesk.fyi/deals/ebay-item-385592719097/","eBay","Electronics","true","2026-08-04","2026-08-31","2026-08-11","$82.49","82.49","$134.99","134.99","2026-08-11","","Refurbished · Free shipping"
"ebay-item-385592719097","eufy SoloCam C210 Wireless Security Camera 2K Smart Al Outdoor Cam Night Vision","https://dealdesk.fyi/deals/ebay-item-385592719097/","eBay","Electronics","true","2026-08-04","2026-08-31","2026-08-23","$65.99","65.99","$134.99","134.99","2026-08-23","","Refurbished · Free shipping"
"ebay-item-385592719097","eufy SoloCam C210 Wireless Security Camera 2K Smart Al Outdoor Cam Night Vision","https://dealdesk.fyi/deals/ebay-item-385592719097/","eBay","Electronics","true","2026-08-04","2026-08-31","2026-08-31","$71.24","71.24","$134.99","134.99","2026-08-31","","Refurbished · Free shipping"
"ebay-item-385697241691","Sonos Beam Gen2 Black Certified Refurbished - Smart Soundbar - Dolby Atmos","https://dealdesk.fyi/deals/ebay-item-385697241691/","eBay","Electronics","true","2026-08-04","2026-08-11","2026-08-04","$399.00","399","","","2026-08-04","2026-11-30","Refurbished · Free shipping"
"ebay-item-385697241691","Sonos Beam Gen2 Black Certified Refurbished - Smart Soundbar - Dolby Atmos","https://dealdesk.fyi/deals/ebay-item-385697241691/","eBay","Electronics","true","2026-08-04","2026-08-11","2026-08-11","$399.00","399","","","2026-08-11","","Refurbished · Free shipping"
"ebay-item-385745139003","eufy eufyCam 3 Security Camera System 4K Outdoor Wireless Camera w/ Solar Panel","https://dealdesk.fyi/deals/ebay-item-385745139003/","eBay","Electronics","true","2026-08-04","2026-08-23","2026-08-04","$189.99","189.99","$549.99","549.99","2026-08-04","2026-11-07","Refurbished · Free shipping"
"ebay-item-385745139003","eufy eufyCam 3 Security Camera System 4K Outdoor Wireless Camera w/ Solar Panel","https://dealdesk.fyi/deals/ebay-item-385745139003/","eBay","Electronics","true","2026-08-04","2026-08-23","2026-08-11","$237.49","237.49","$549.99","549.99","2026-08-11","","Refurbished · Free shipping"
"ebay-item-385745139003","eufy eufyCam 3 Security Camera System 4K Outdoor Wireless Camera w/ Solar Panel","https://dealdesk.fyi/deals/ebay-item-385745139003/","eBay","Electronics","true","2026-08-04","2026-08-23","2026-08-23","$189.99","189.99","$549.99","549.99","2026-08-23","","Refurbished · Free shipping"
"ebay-item-385745478793","eufy Floodlight Camera E340 Security Camera 3K Dual Camera Color Night Vision","https://dealdesk.fyi/deals/ebay-item-385745478793/","eBay","Electronics","true","2026-08-11","2026-08-23","2026-08-11","$169.99","169.99","$219.99","219.99","2026-08-11","","Refurbished · Free shipping"
"ebay-item-385745478793","eufy Floodlight Camera E340 Security Camera 3K Dual Camera Color Night Vision","https://dealdesk.fyi/deals/ebay-item-385745478793/","eBay","Electronics","true","2026-08-11","2026-08-23","2026-08-23","$136.00","136","$219.99","219.99","2026-08-23","","Refurbished · Free shipping"
"ebay-item-386178100457","eufy eufyCam3 Wireless Solar Security Camera System 4K Outdoor Cam Local Storage","https://dealdesk.fyi/deals/ebay-item-386178100457/","eBay","Electronics","true","2026-08-04","2026-08-31","2026-08-04","$199.99","199.99","$679.99","679.99","2026-08-04","2026-11-07","Refurbished · Free shipping"
"ebay-item-386178100457","eufy eufyCam3 Wireless Solar Security Camera System 4K Outdoor Cam Local Storage","https://dealdesk.fyi/deals/ebay-item-386178100457/","eBay","Electronics","true","2026-08-04","2026-08-31","2026-08-11","$249.99","249.99","$679.99","679.99","2026-08-11","","Refurbished · Free shipping"
"ebay-item-386178100457","eufy eufyCam3 Wireless Solar Security Camera System 4K Outdoor Cam Local Storage","https://dealdesk.fyi/deals/ebay-item-386178100457/","eBay","Electronics","true","2026-08-04","2026-08-31","2026-08-25","$299.99","299.99","$679.99","679.99","2026-08-25","","Refurbished · Free shipping"
"ebay-item-386178100457","eufy eufyCam3 Wireless Solar Security Camera System 4K Outdoor Cam Local Storage","https://dealdesk.fyi/deals/ebay-item-386178100457/","eBay","Electronics","true","2026-08-04","2026-08-31","2026-08-31","$237.49","237.49","$679.99","679.99","2026-08-31","","Refurbished · Free shipping"
"ebay-item-386708452678","eufy eufyCam S3 Pro 4K Solar Wireless Security Camera Kit MaxColor Night Vision","https://dealdesk.fyi/deals/ebay-item-386708452678/","eBay","Electronics","true","2026-08-04","2026-08-31","2026-08-04","$269.99","269.99","$549.99","549.99","2026-08-04","2026-11-07","Refurbished · Free shipping"
"ebay-item-386708452678","eufy eufyCam S3 Pro 4K Solar Wireless Security Camera Kit MaxColor Night Vision","https://dealdesk.fyi/deals/ebay-item-386708452678/","eBay","Electronics","true","2026-08-04","2026-08-31","2026-08-11","$337.49","337.49","$549.99","549.99","2026-08-11","","Refurbished · Free shipping"
"ebay-item-386708452678","eufy eufyCam S3 Pro 4K Solar Wireless Security Camera Kit MaxColor Night Vision","https://dealdesk.fyi/deals/ebay-item-386708452678/","eBay","Electronics","true","2026-08-04","2026-08-31","2026-08-23","$269.99","269.99","$549.99","549.99","2026-08-23","","Refurbished · Free shipping"
"ebay-item-386708452678","eufy eufyCam S3 Pro 4K Solar Wireless Security Camera Kit MaxColor Night Vision","https://dealdesk.fyi/deals/ebay-item-386708452678/","eBay","Electronics","true","2026-08-04","2026-08-31","2026-08-31","$337.49","337.49","$549.99","549.99","2026-08-31","","Refurbished · Free shipping"
"ebay-item-386708545260","eufy SoloCam S3 Solar Wireless Security Camera 360°PTZ 3K Dual-Cam Night Vision","https://dealdesk.fyi/deals/ebay-item-386708545260/","eBay","Electronics","true","2026-08-04","2026-08-31","2026-08-04","$79.99","79.99","$199.99","199.99","2026-08-04","2026-11-07","Refurbished · Free shipping"
"ebay-item-386708545260","eufy SoloCam S3 Solar Wireless Security Camera 360°PTZ 3K Dual-Cam Night Vision","https://dealdesk.fyi/deals/ebay-item-386708545260/","eBay","Electronics","true","2026-08-04","2026-08-31","2026-08-11","$99.99","99.99","$199.99","199.99","2026-08-11","","Refurbished · Free shipping"
"ebay-item-386708545260","eufy SoloCam S3 Solar Wireless Security Camera 360°PTZ 3K Dual-Cam Night Vision","https://dealdesk.fyi/deals/ebay-item-386708545260/","eBay","Electronics","true","2026-08-04","2026-08-31","2026-08-23","$89.99","89.99","$199.99","199.99","2026-08-23","","Refurbished · Free shipping"
"ebay-item-386708545260","eufy SoloCam S3 Solar Wireless Security Camera 360°PTZ 3K Dual-Cam Night Vision","https://dealdesk.fyi/deals/ebay-item-386708545260/","eBay","Electronics","true","2026-08-04","2026-08-31","2026-08-31","$99.99","99.99","$199.99","199.99","2026-08-31","","Refurbished · Free shipping"
"ebay-item-386708690658","eufy S220 SoloCam Solar Security Camera 2K Wireless Outdoor Cam 2-Cam |Refurbish","https://dealdesk.fyi/deals/ebay-item-386708690658/","eBay","Electronics","true","2026-08-04","2026-08-04","2026-08-04","$76.49","76.49","$229.99","229.99","2026-08-04","","Refurbished · Free shipping"
"ebay-item-386731459272","eufy Security 10000 mAh Rechargeable Battery for S330 3-in-1 Video Smart Lock","https://dealdesk.fyi/deals/ebay-item-386731459272/","eBay","Electronics","true","2026-08-04","2026-08-04","2026-08-04","$22.99","22.99","$59.99","59.99","2026-08-04","","Refurbished · Free shipping"
"ebay-item-386822462877","eufy 2K Security Indoor Camera Wi-Fi Webcam Motion Tracking 2-Way Audio |Refurb","https://dealdesk.fyi/deals/ebay-item-386822462877/","eBay","Electronics","true","2026-08-04","2026-08-11","2026-08-04","$51.99","51.99","$95.99","95.99","2026-08-04","2026-11-07","Refurbished · Free shipping"
"ebay-item-386822462877","eufy 2K Security Indoor Camera Wi-Fi Webcam Motion Tracking 2-Way Audio |Refurb","https://dealdesk.fyi/deals/ebay-item-386822462877/","eBay","Electronics","true","2026-08-04","2026-08-11","2026-08-11","$65.99","65.99","$95.99","95.99","2026-08-11","","Refurbished · Free shipping"
"ebay-item-386838176956","Sonos Era300 Black Certified Refurbished - Premium Smart Speaker -WiFi-Bluetooth","https://dealdesk.fyi/deals/ebay-item-386838176956/","eBay","Electronics","true","2026-08-11","2026-08-11","2026-08-11","$389.00","389","","","2026-08-11","","Refurbished · Free shipping"
"ebay-item-386838189583","Sonos Era300 White Certified Refurbished - Premium Smart Speaker -WiFi-Bluetooth","https://dealdesk.fyi/deals/ebay-item-386838189583/","eBay","Electronics","true","2026-08-11","2026-08-11","2026-08-11","$389.00","389","","","2026-08-11","","Refurbished · Free shipping"
"ebay-item-386838198102","Sonos Sub Gen3 Black Certified Refurbished - Premium Wireless Subwoofer","https://dealdesk.fyi/deals/ebay-item-386838198102/","eBay","Electronics","true","2026-08-04","2026-08-11","2026-08-04","$639.00","639","","","2026-08-04","2026-11-30","Refurbished · Free shipping"
"ebay-item-386838198102","Sonos Sub Gen3 Black Certified Refurbished - Premium Wireless Subwoofer","https://dealdesk.fyi/deals/ebay-item-386838198102/","eBay","Electronics","true","2026-08-04","2026-08-11","2026-08-11","$639.00","639","","","2026-08-11","","Refurbished · Free shipping"
"ebay-item-386891577141","MSI 27"" Gaming Monitor 1ms 170Hz (2560x1440) QHD Rapid IPS G-Sync HDR","https://dealdesk.fyi/deals/ebay-item-386891577141/","eBay","Electronics","true","2026-08-11","2026-08-31","2026-08-11","$139.99","139.99","$149.99","149.99","2026-08-11","","Refurbished · Free shipping"
"ebay-item-386891577141","MSI 27"" Gaming Monitor 1ms 170Hz (2560x1440) QHD Rapid IPS G-Sync HDR","https://dealdesk.fyi/deals/ebay-item-386891577141/","eBay","Electronics","true","2026-08-11","2026-08-31","2026-08-23","$117.99","117.99","$149.99","149.99","2026-08-23","","Refurbished · Free shipping"
"ebay-item-386891577141","MSI 27"" Gaming Monitor 1ms 170Hz (2560x1440) QHD Rapid IPS G-Sync HDR","https://dealdesk.fyi/deals/ebay-item-386891577141/","eBay","Electronics","true","2026-08-11","2026-08-31","2026-08-25","$117.99","117.99","$149.99","149.99","2026-08-25","","Refurbished · Free shipping"
"ebay-item-386891577141","MSI 27"" Gaming Monitor 1ms 170Hz (2560x1440) QHD Rapid IPS G-Sync HDR","https://dealdesk.fyi/deals/ebay-item-386891577141/","eBay","Electronics","true","2026-08-11","2026-08-31","2026-08-31","$120.99","120.99","$149.99","149.99","2026-08-31","","Refurbished · Free shipping"
"ebay-item-387118823866","Sonos Era100 Black Certified Refurbished - Smart Speaker - Bluetooth - AirPlay2","https://dealdesk.fyi/deals/ebay-item-387118823866/","eBay","Electronics","true","2026-08-04","2026-08-11","2026-08-04","$179.00","179","","","2026-08-04","2026-11-30","Refurbished · Free shipping"
"ebay-item-387118823866","Sonos Era100 Black Certified Refurbished - Smart Speaker - Bluetooth - AirPlay2","https://dealdesk.fyi/deals/ebay-item-387118823866/","eBay","Electronics","true","2026-08-04","2026-08-11","2026-08-11","$179.00","179","","","2026-08-11","","Refurbished · Free shipping"
"ebay-item-387119392896","Sonos Sub Mini Black Certified Refurbished - Wireless Subwoofer - WiFi","https://dealdesk.fyi/deals/ebay-item-387119392896/","eBay","Electronics","true","2026-08-11","2026-08-11","2026-08-11","$399.00","399","$429.00","429","2026-08-11","","Refurbished · Free shipping"
"ebay-item-387119497246","Sonos Ray White Certified Refurbished - Soundbar - WiFi - AirPlay2","https://dealdesk.fyi/deals/ebay-item-387119497246/","eBay","Electronics","true","2026-08-04","2026-08-04","2026-08-04","$179.00","179","$199.00","199","2026-08-04","","Refurbished · Free shipping"
"ebay-item-387496207780","eufy 2K Smart Security Camera Indoor Cam C220 AI Motion Track NightVision|Refurb","https://dealdesk.fyi/deals/ebay-item-387496207780/","eBay","Electronics","true","2026-08-04","2026-08-31","2026-08-04","$25.99","25.99","$34.99","34.99","2026-08-04","2026-11-07","Refurbished · Free shipping"
"ebay-item-387496207780","eufy 2K Smart Security Camera Indoor Cam C220 AI Motion Track NightVision|Refurb","https://dealdesk.fyi/deals/ebay-item-387496207780/","eBay","Electronics","true","2026-08-04","2026-08-31","2026-08-11","$32.99","32.99","$34.99","34.99","2026-08-11","","Refurbished · Free shipping"
"ebay-item-387496207780","eufy 2K Smart Security Camera Indoor Cam C220 AI Motion Track NightVision|Refurb","https://dealdesk.fyi/deals/ebay-item-387496207780/","eBay","Electronics","true","2026-08-04","2026-08-31","2026-08-23","$23.99","23.99","$34.99","34.99","2026-08-23","","Refurbished · Free shipping"
"ebay-item-387496207780","eufy 2K Smart Security Camera Indoor Cam C220 AI Motion Track NightVision|Refurb","https://dealdesk.fyi/deals/ebay-item-387496207780/","eBay","Electronics","true","2026-08-04","2026-08-31","2026-08-24","$25.99","25.99","$34.99","34.99","2026-08-24","","Refurbished · Free shipping"
"ebay-item-387496207780","eufy 2K Smart Security Camera Indoor Cam C220 AI Motion Track NightVision|Refurb","https://dealdesk.fyi/deals/ebay-item-387496207780/","eBay","Electronics","true","2026-08-04","2026-08-31","2026-08-31","$24.99","24.99","$34.99","34.99","2026-08-31","","Refurbished · Free shipping"
"ebay-item-388323729612","Blink Sync Module 2 For Existing Blink Security Camera System - Camera Required","https://dealdesk.fyi/deals/ebay-item-388323729612/","eBay","Electronics","true","2026-08-04","2026-08-11","2026-08-04","$32.32","32.32","","","2026-08-04","2026-11-07","Refurbished · Free shipping"
"ebay-item-388323729612","Blink Sync Module 2 For Existing Blink Security Camera System - Camera Required","https://dealdesk.fyi/deals/ebay-item-388323729612/","eBay","Electronics","true","2026-08-04","2026-08-11","2026-08-11","$32.32","32.32","","","2026-08-11","","Refurbished · Free shipping"
"ebay-item-388345107937-655509017542","Amazon Echo Show 8 with Alexa 1st Gen 8 inch HD Smart Display White or Black","https://dealdesk.fyi/deals/ebay-item-388345107937-655509017542/","eBay","Electronics","true","2026-08-04","2026-08-27","2026-08-04","$72.72","72.72","","","2026-08-04","2026-11-07","Refurbished · Free shipping"
"ebay-item-388345107937-655509017542","Amazon Echo Show 8 with Alexa 1st Gen 8 inch HD Smart Display White or Black","https://dealdesk.fyi/deals/ebay-item-388345107937-655509017542/","eBay","Electronics","true","2026-08-04","2026-08-27","2026-08-11","$72.72","72.72","","","2026-08-11","","Refurbished · Free shipping"
"ebay-item-388345107937-655509017542","Amazon Echo Show 8 with Alexa 1st Gen 8 inch HD Smart Display White or Black","https://dealdesk.fyi/deals/ebay-item-388345107937-655509017542/","eBay","Electronics","true","2026-08-04","2026-08-27","2026-08-27","$79.79","79.79","","","2026-08-27","","Refurbished · Free shipping"
"ebay-item-388388731418","eufy Indoor Cam E30 4K UHD Security Camera Color Night Vision Pet/Baby Monitor","https://dealdesk.fyi/deals/ebay-item-388388731418/","eBay","Electronics","true","2026-08-04","2026-08-31","2026-08-04","$39.99","39.99","$69.99","69.99","2026-08-04","2026-11-07","Refurbished · Free shipping"
"ebay-item-388388731418","eufy Indoor Cam E30 4K UHD Security Camera Color Night Vision Pet/Baby Monitor","https://dealdesk.fyi/deals/ebay-item-388388731418/","eBay","Electronics","true","2026-08-04","2026-08-31","2026-08-11","$52.49","52.49","$69.99","69.99","2026-08-11","","Refurbished · Free shipping"
"ebay-item-388388731418","eufy Indoor Cam E30 4K UHD Security Camera Color Night Vision Pet/Baby Monitor","https://dealdesk.fyi/deals/ebay-item-388388731418/","eBay","Electronics","true","2026-08-04","2026-08-31","2026-08-23","$39.99","39.99","$69.99","69.99","2026-08-23","","Refurbished · Free shipping"
"ebay-item-388388731418","eufy Indoor Cam E30 4K UHD Security Camera Color Night Vision Pet/Baby Monitor","https://dealdesk.fyi/deals/ebay-item-388388731418/","eBay","Electronics","true","2026-08-04","2026-08-31","2026-08-31","$52.49","52.49","$69.99","69.99","2026-08-31","","Refurbished · Free shipping"
"ebay-item-388953401115","eufy Security SoloCam E30, 4-Cam Kit Solar Security Cameras Wireless Outdoor360°","https://dealdesk.fyi/deals/ebay-item-388953401115/","eBay","Electronics","true","2026-08-04","2026-08-31","2026-08-04","$275.49","275.49","$549.99","549.99","2026-08-04","2026-11-07","Refurbished · Free shipping"
"ebay-item-388953401115","eufy Security SoloCam E30, 4-Cam Kit Solar Security Cameras Wireless Outdoor360°","https://dealdesk.fyi/deals/ebay-item-388953401115/","eBay","Electronics","true","2026-08-04","2026-08-31","2026-08-11","$344.36","344.36","$549.99","549.99","2026-08-11","","Refurbished · Free shipping"
"ebay-item-388953401115","eufy Security SoloCam E30, 4-Cam Kit Solar Security Cameras Wireless Outdoor360°","https://dealdesk.fyi/deals/ebay-item-388953401115/","eBay","Electronics","true","2026-08-04","2026-08-31","2026-08-23","$275.49","275.49","$549.99","549.99","2026-08-23","","Refurbished · Free shipping"
"ebay-item-388953401115","eufy Security SoloCam E30, 4-Cam Kit Solar Security Cameras Wireless Outdoor360°","https://dealdesk.fyi/deals/ebay-item-388953401115/","eBay","Electronics","true","2026-08-04","2026-08-31","2026-08-31","$344.36","344.36","$549.99","549.99","2026-08-31","","Refurbished · Free shipping"
"ebay-item-388958080504","eufy Security Baby Monitor E21 with 4K UHD Camera, 5'' 720p Display 8X Zoom 24/7","https://dealdesk.fyi/deals/ebay-item-388958080504/","eBay","Electronics","true","2026-08-04","2026-08-23","2026-08-04","$119.99","119.99","$259.99","259.99","2026-08-04","2026-11-07","Refurbished · Free shipping"
"ebay-item-388958080504","eufy Security Baby Monitor E21 with 4K UHD Camera, 5'' 720p Display 8X Zoom 24/7","https://dealdesk.fyi/deals/ebay-item-388958080504/","eBay","Electronics","true","2026-08-04","2026-08-23","2026-08-11","$149.99","149.99","$259.99","259.99","2026-08-11","","Refurbished · Free shipping"
"ebay-item-388958080504","eufy Security Baby Monitor E21 with 4K UHD Camera, 5'' 720p Display 8X Zoom 24/7","https://dealdesk.fyi/deals/ebay-item-388958080504/","eBay","Electronics","true","2026-08-04","2026-08-23","2026-08-23","$119.99","119.99","$259.99","259.99","2026-08-23","","Refurbished · Free shipping"
"ebay-item-389238481744","Apple AirPods Pro 3rd Wireless Active Noise Cancelling Earbuds - White MFHP4LL/A","https://dealdesk.fyi/deals/ebay-item-389238481744/","eBay","Electronics","true","2026-08-04","2026-08-11","2026-08-04","$164.99","164.99","$249.00","249","2026-08-04","2028-01-31","Refurbished · Free shipping"
"ebay-item-389238481744","Apple AirPods Pro 3rd Wireless Active Noise Cancelling Earbuds - White MFHP4LL/A","https://dealdesk.fyi/deals/ebay-item-389238481744/","eBay","Electronics","true","2026-08-04","2026-08-11","2026-08-11","$164.99","164.99","$249.00","249","2026-08-11","","Refurbished · Free shipping"
"ebay-item-389351941751","eufy S220 SoloCam 2K Solar Security Camera Wireless Outdoor Camera Wi-Fi 4-Cam","https://dealdesk.fyi/deals/ebay-item-389351941751/","eBay","Electronics","true","2026-08-04","2026-08-04","2026-08-04","$159.99","159.99","$399.99","399.99","2026-08-04","","Refurbished · Free shipping"
"ebay-item-389490553920","Sonos - Ray All-in-One Soundbar","https://dealdesk.fyi/deals/ebay-item-389490553920/","eBay","Electronics","true","2026-08-04","2026-08-11","2026-08-04","$150.00","150","","","2026-08-04","2026-11-30","Refurbished · Free shipping"
"ebay-item-389490553920","Sonos - Ray All-in-One Soundbar","https://dealdesk.fyi/deals/ebay-item-389490553920/","eBay","Electronics","true","2026-08-04","2026-08-11","2026-08-11","$150.00","150","","","2026-08-11","","Refurbished · Free shipping"
"ebay-item-389724326128","eufy S220 SoloCam Solar Security Camera 2K Wi-Fi Wireless Outdoor |Refurb","https://dealdesk.fyi/deals/ebay-item-389724326128/","eBay","Electronics","true","2026-08-04","2026-08-31","2026-08-04","$45.59","45.59","$129.99","129.99","2026-08-04","2026-11-07","Refurbished · Free shipping"
"ebay-item-389724326128","eufy S220 SoloCam Solar Security Camera 2K Wi-Fi Wireless Outdoor |Refurb","https://dealdesk.fyi/deals/ebay-item-389724326128/","eBay","Electronics","true","2026-08-04","2026-08-31","2026-08-11","$56.99","56.99","$129.99","129.99","2026-08-11","","Refurbished · Free shipping"
"ebay-item-389724326128","eufy S220 SoloCam Solar Security Camera 2K Wi-Fi Wireless Outdoor |Refurb","https://dealdesk.fyi/deals/ebay-item-389724326128/","eBay","Electronics","true","2026-08-04","2026-08-31","2026-08-23","$45.59","45.59","$129.99","129.99","2026-08-23","","Refurbished · Free shipping"
"ebay-item-389724326128","eufy S220 SoloCam Solar Security Camera 2K Wi-Fi Wireless Outdoor |Refurb","https://dealdesk.fyi/deals/ebay-item-389724326128/","eBay","Electronics","true","2026-08-04","2026-08-31","2026-08-31","$46.24","46.24","$129.99","129.99","2026-08-31","","Refurbished · Free shipping"
"ebay-item-389725523578","eufy PoE NVR Security System S4 Max 8CH 16MP Triple Lens Camera 360°PTZ |Refurb","https://dealdesk.fyi/deals/ebay-item-389725523578/","eBay","Electronics","true","2026-08-04","2026-08-31","2026-08-04","$799.99","799.99","$1,499.99","1499.99","2026-08-04","2026-11-07","Refurbished · Free shipping"
"ebay-item-389725523578","eufy PoE NVR Security System S4 Max 8CH 16MP Triple Lens Camera 360°PTZ |Refurb","https://dealdesk.fyi/deals/ebay-item-389725523578/","eBay","Electronics","true","2026-08-04","2026-08-31","2026-08-11","$875.00","875","$1499.99","1499.99","2026-08-11","","Refurbished · Free shipping"
"ebay-item-389725523578","eufy PoE NVR Security System S4 Max 8CH 16MP Triple Lens Camera 360°PTZ |Refurb","https://dealdesk.fyi/deals/ebay-item-389725523578/","eBay","Electronics","true","2026-08-04","2026-08-31","2026-08-23","$799.99","799.99","$1499.99","1499.99","2026-08-23","","Refurbished · Free shipping"
"ebay-item-389725523578","eufy PoE NVR Security System S4 Max 8CH 16MP Triple Lens Camera 360°PTZ |Refurb","https://dealdesk.fyi/deals/ebay-item-389725523578/","eBay","Electronics","true","2026-08-04","2026-08-31","2026-08-31","$687.49","687.49","$1499.99","1499.99","2026-08-31","","Refurbished · Free shipping"
"ebay-item-389788351477","eufy PoE Bullet-PTZ Cam S4 NVR Wired Add On Cam NVR 4K UHD Triple|Refurb","https://dealdesk.fyi/deals/ebay-item-389788351477/","eBay","Electronics","true","2026-08-04","2026-08-23","2026-08-04","$179.99","179.99","$329.99","329.99","2026-08-04","2026-11-07","Refurbished · Free shipping"
"ebay-item-389788351477","eufy PoE Bullet-PTZ Cam S4 NVR Wired Add On Cam NVR 4K UHD Triple|Refurb","https://dealdesk.fyi/deals/ebay-item-389788351477/","eBay","Electronics","true","2026-08-04","2026-08-23","2026-08-11","$224.99","224.99","$329.99","329.99","2026-08-11","","Refurbished · Free shipping"
"ebay-item-389788351477","eufy PoE Bullet-PTZ Cam S4 NVR Wired Add On Cam NVR 4K UHD Triple|Refurb","https://dealdesk.fyi/deals/ebay-item-389788351477/","eBay","Electronics","true","2026-08-04","2026-08-23","2026-08-23","$179.99","179.99","$329.99","329.99","2026-08-23","","Refurbished · Free shipping"
"ebay-item-389788488243","eufy eufyCam C35 4-Cam Security Camera Wireless Indoor/Outdoor Night Vision IP67","https://dealdesk.fyi/deals/ebay-item-389788488243/","eBay","Electronics","true","2026-08-04","2026-08-31","2026-08-04","$129.99","129.99","$229.99","229.99","2026-08-04","2026-11-07","Refurbished · Free shipping"
"ebay-item-389788488243","eufy eufyCam C35 4-Cam Security Camera Wireless Indoor/Outdoor Night Vision IP67","https://dealdesk.fyi/deals/ebay-item-389788488243/","eBay","Electronics","true","2026-08-04","2026-08-31","2026-08-11","$162.49","162.49","$229.99","229.99","2026-08-11","","Refurbished · Free shipping"
"ebay-item-389788488243","eufy eufyCam C35 4-Cam Security Camera Wireless Indoor/Outdoor Night Vision IP67","https://dealdesk.fyi/deals/ebay-item-389788488243/","eBay","Electronics","true","2026-08-04","2026-08-31","2026-08-23","$129.99","129.99","$229.99","229.99","2026-08-23","","Refurbished · Free shipping"
"ebay-item-389788488243","eufy eufyCam C35 4-Cam Security Camera Wireless Indoor/Outdoor Night Vision IP67","https://dealdesk.fyi/deals/ebay-item-389788488243/","eBay","Electronics","true","2026-08-04","2026-08-31","2026-08-31","$162.49","162.49","$229.99","229.99","2026-08-31","","Refurbished · Free shipping"
"ebay-item-389788540068","eufy eufyCam S4 Security Solar Camera Wireless Outdoor 4K UHD Color 360 Pan/Tilt","https://dealdesk.fyi/deals/ebay-item-389788540068/","eBay","Electronics","true","2026-08-11","2026-08-31","2026-08-11","$279.99","279.99","$349.99","349.99","2026-08-11","","Refurbished · Free shipping"
"ebay-item-389788540068","eufy eufyCam S4 Security Solar Camera Wireless Outdoor 4K UHD Color 360 Pan/Tilt","https://dealdesk.fyi/deals/ebay-item-389788540068/","eBay","Electronics","true","2026-08-11","2026-08-31","2026-08-24","$251.99","251.99","$349.99","349.99","2026-08-24","","Refurbished · Free shipping"
"ebay-item-389788540068","eufy eufyCam S4 Security Solar Camera Wireless Outdoor 4K UHD Color 360 Pan/Tilt","https://dealdesk.fyi/deals/ebay-item-389788540068/","eBay","Electronics","true","2026-08-11","2026-08-31","2026-08-31","$239.99","239.99","$349.99","349.99","2026-08-31","","Refurbished · Free shipping"
"ebay-item-389790265792","eufy SoloCam E42 4K HD Security Camera Wireless Outdoor Solar Powered AI Motion","https://dealdesk.fyi/deals/ebay-item-389790265792/","eBay","Electronics","true","2026-08-04","2026-08-31","2026-08-04","$99.99","99.99","$199.99","199.99","2026-08-04","2026-11-07","Refurbished · Free shipping"
"ebay-item-389790265792","eufy SoloCam E42 4K HD Security Camera Wireless Outdoor Solar Powered AI Motion","https://dealdesk.fyi/deals/ebay-item-389790265792/","eBay","Electronics","true","2026-08-04","2026-08-31","2026-08-11","$99.99","99.99","$199.99","199.99","2026-08-11","","Refurbished · Free shipping"
"ebay-item-389790265792","eufy SoloCam E42 4K HD Security Camera Wireless Outdoor Solar Powered AI Motion","https://dealdesk.fyi/deals/ebay-item-389790265792/","eBay","Electronics","true","2026-08-04","2026-08-31","2026-08-31","$89.99","89.99","$199.99","199.99","2026-08-31","","Refurbished · Free shipping"
"ebay-item-389795391357","eufy  eufyCam C35 Wireless Camera Outdoor & Indoor Magnetic Color Night Vision","https://dealdesk.fyi/deals/ebay-item-389795391357/","eBay","Electronics","true","2026-08-04","2026-08-31","2026-08-04","$55.99","55.99","$69.99","69.99","2026-08-04","2026-11-07","Refurbished · Free shipping"
"ebay-item-389795391357","eufy  eufyCam C35 Wireless Camera Outdoor & Indoor Magnetic Color Night Vision","https://dealdesk.fyi/deals/ebay-item-389795391357/","eBay","Electronics","true","2026-08-04","2026-08-31","2026-08-11","$55.99","55.99","$69.99","69.99","2026-08-11","","Refurbished · Free shipping"
"ebay-item-389795391357","eufy  eufyCam C35 Wireless Camera Outdoor & Indoor Magnetic Color Night Vision","https://dealdesk.fyi/deals/ebay-item-389795391357/","eBay","Electronics","true","2026-08-04","2026-08-31","2026-08-24","$50.39","50.39","$69.99","69.99","2026-08-24","","Refurbished · Free shipping"
"ebay-item-389795391357","eufy  eufyCam C35 Wireless Camera Outdoor & Indoor Magnetic Color Night Vision","https://dealdesk.fyi/deals/ebay-item-389795391357/","eBay","Electronics","true","2026-08-04","2026-08-31","2026-08-31","$55.99","55.99","$69.99","69.99","2026-08-31","","Refurbished · Free shipping"
"ebay-item-389795433452","eufy eufyCam S4 4K Solar Camera Wireless Outdoor Triple Lens Bullet-PTZ 2-Cam","https://dealdesk.fyi/deals/ebay-item-389795433452/","eBay","Electronics","true","2026-08-11","2026-08-11","2026-08-11","$599.99","599.99","$749.99","749.99","2026-08-11","","Refurbished · Free shipping"
"ebay-item-389795476014","eufy SoloCam S340 Solar Wireless Outdoor Camera 4-Cam Kit 360° Pan & Tilt Wi-Fi","https://dealdesk.fyi/deals/ebay-item-389795476014/","eBay","Electronics","true","2026-08-11","2026-08-11","2026-08-11","$529.99","529.99","$799.99","799.99","2026-08-11","","Refurbished · Free shipping"
"ebay-item-393536764736","WX993L Worx 20V (3) PC MAKERX Kit: Rotary Tool, Wood/Metal Crafter, Air Brush-CR","https://dealdesk.fyi/deals/ebay-item-393536764736/","eBay","Home & garden","true","2026-08-04","2026-08-11","2026-08-04","$119.99","119.99","$269.99","269.99","2026-08-04","2027-05-31","Refurbished · Free shipping"
"ebay-item-393536764736","WX993L Worx 20V (3) PC MAKERX Kit: Rotary Tool, Wood/Metal Crafter, Air Brush-CR","https://dealdesk.fyi/deals/ebay-item-393536764736/","eBay","Home & garden","true","2026-08-04","2026-08-11","2026-08-11","$119.99","119.99","$269.99","269.99","2026-08-11","","Refurbished · Free shipping"
"ebay-item-393698600825","Worx 20V MAKERX ZipSnip Mini Rotary Cutter-Tool Only (WX745L.9)-CR","https://dealdesk.fyi/deals/ebay-item-393698600825/","eBay","Home & garden","true","2026-08-04","2026-08-11","2026-08-04","$31.99","31.99","$59.99","59.99","2026-08-04","2027-05-31","Refurbished · Free shipping"
"ebay-item-393698600825","Worx 20V MAKERX ZipSnip Mini Rotary Cutter-Tool Only (WX745L.9)-CR","https://dealdesk.fyi/deals/ebay-item-393698600825/","eBay","Home & garden","true","2026-08-04","2026-08-11","2026-08-11","$31.99","31.99","$59.99","59.99","2026-08-11","","Refurbished · Free shipping"
"ebay-item-394901859676","Makita XAG25Z-R 18V LXT 4.5""/ 5"" Angle Grinder (Tool Only) Certified Refurbished","https://dealdesk.fyi/deals/ebay-item-394901859676/","eBay","Home & garden","true","2026-08-04","2026-08-31","2026-08-04","$107.18","107.18","$209.99","209.99","2026-08-04","2026-09-30","Refurbished · Free shipping"
"ebay-item-394901859676","Makita XAG25Z-R 18V LXT 4.5""/ 5"" Angle Grinder (Tool Only) Certified Refurbished","https://dealdesk.fyi/deals/ebay-item-394901859676/","eBay","Home & garden","true","2026-08-04","2026-08-31","2026-08-11","$107.18","107.18","$209.99","209.99","2026-08-11","","Refurbished · Free shipping"
"ebay-item-394901859676","Makita XAG25Z-R 18V LXT 4.5""/ 5"" Angle Grinder (Tool Only) Certified Refurbished","https://dealdesk.fyi/deals/ebay-item-394901859676/","eBay","Home & garden","true","2026-08-04","2026-08-31","2026-08-31","$120.58","120.58","$209.99","209.99","2026-08-31","","Refurbished · Free shipping"
"ebay-item-395673686612","Makita VJ04Z-R 12V MAX CXT Li-Ion Cordless Jig Saw Certified Refurbished","https://dealdesk.fyi/deals/ebay-item-395673686612/","eBay","Home & garden","true","2026-08-04","2026-08-31","2026-08-04","$85.25","85.25","$89.99","89.99","2026-08-04","2026-09-30","Refurbished · Free shipping"
"ebay-item-395673686612","Makita VJ04Z-R 12V MAX CXT Li-Ion Cordless Jig Saw Certified Refurbished","https://dealdesk.fyi/deals/ebay-item-395673686612/","eBay","Home & garden","true","2026-08-04","2026-08-31","2026-08-11","$69.99","69.99","$89.99","89.99","2026-08-11","","Refurbished · Free shipping"
"ebay-item-395673686612","Makita VJ04Z-R 12V MAX CXT Li-Ion Cordless Jig Saw Certified Refurbished","https://dealdesk.fyi/deals/ebay-item-395673686612/","eBay","Home & garden","true","2026-08-04","2026-08-31","2026-08-23","$65.99","65.99","$89.99","89.99","2026-08-23","","Refurbished · Free shipping"
"ebay-item-395673686612","Makita VJ04Z-R 12V MAX CXT Li-Ion Cordless Jig Saw Certified Refurbished","https://dealdesk.fyi/deals/ebay-item-395673686612/","eBay","Home & garden","true","2026-08-04","2026-08-31","2026-08-31","$75.78","75.78","$89.99","89.99","2026-08-31","","Refurbished · Free shipping"
"ebay-item-395688155559","Makita XBU03SM1-R 18V LXT Cordless Blower Kit (4 Ah) Certified Refurbished","https://dealdesk.fyi/deals/ebay-item-395688155559/","eBay","Home & garden","true","2026-08-04","2026-08-11","2026-08-04","$159.99","159.99","$269.00","269","2026-08-04","2026-09-30","Refurbished · Free shipping"
"ebay-item-395688155559","Makita XBU03SM1-R 18V LXT Cordless Blower Kit (4 Ah) Certified Refurbished","https://dealdesk.fyi/deals/ebay-item-395688155559/","eBay","Home & garden","true","2026-08-04","2026-08-11","2026-08-11","$159.99","159.99","$269.00","269","2026-08-11","","Refurbished · Free shipping"
"ebay-item-395704383345","Games Workshop Warhammer 40k Codex: Space Marines 9th Edition Hardcover Book","https://dealdesk.fyi/deals/ebay-item-395704383345/","eBay","Collectibles","true","2026-08-04","2026-08-23","2026-08-04","$9.74","9.74","$24.99","24.99","2026-08-04","","Free shipping"
"ebay-item-395704383345","Games Workshop Warhammer 40k Codex: Space Marines 9th Edition Hardcover Book","https://dealdesk.fyi/deals/ebay-item-395704383345/","eBay","Collectibles","true","2026-08-04","2026-08-23","2026-08-23","$11.24","11.24","$24.99","24.99","2026-08-23","","Free shipping"
"ebay-item-395766041202","Makita XRJ01Z-R 18V LXT Compact Recipro Saw (Tool Only) Certified Refurbished","https://dealdesk.fyi/deals/ebay-item-395766041202/","eBay","Home & garden","true","2026-08-04","2026-08-31","2026-08-04","$81.33","81.33","$174.99","174.99","2026-08-04","2026-09-30","Refurbished · Free shipping"
"ebay-item-395766041202","Makita XRJ01Z-R 18V LXT Compact Recipro Saw (Tool Only) Certified Refurbished","https://dealdesk.fyi/deals/ebay-item-395766041202/","eBay","Home & garden","true","2026-08-04","2026-08-31","2026-08-11","$79.96","79.96","$174.99","174.99","2026-08-11","","Refurbished · Free shipping"
"ebay-item-395766041202","Makita XRJ01Z-R 18V LXT Compact Recipro Saw (Tool Only) Certified Refurbished","https://dealdesk.fyi/deals/ebay-item-395766041202/","eBay","Home & garden","true","2026-08-04","2026-08-31","2026-08-31","$89.95","89.95","$174.99","174.99","2026-08-31","","Refurbished · Free shipping"
"ebay-item-395798896344","Makita AF505N-R 18 Gauge 2 in. Brad Nailer Kit Certified Refurbished","https://dealdesk.fyi/deals/ebay-item-395798896344/","eBay","Home & garden","true","2026-08-04","2026-08-31","2026-08-04","$62.99","62.99","$119.00","119","2026-08-04","2026-09-30","Refurbished · Free shipping"
"ebay-item-395798896344","Makita AF505N-R 18 Gauge 2 in. Brad Nailer Kit Certified Refurbished","https://dealdesk.fyi/deals/ebay-item-395798896344/","eBay","Home & garden","true","2026-08-04","2026-08-31","2026-08-11","$59.99","59.99","$119.00","119","2026-08-11","","Refurbished · Free shipping"
"ebay-item-395798896344","Makita AF505N-R 18 Gauge 2 in. Brad Nailer Kit Certified Refurbished","https://dealdesk.fyi/deals/ebay-item-395798896344/","eBay","Home & garden","true","2026-08-04","2026-08-31","2026-08-23","$56.99","56.99","$119.00","119","2026-08-23","","Refurbished · Free shipping"
"ebay-item-395798896344","Makita AF505N-R 18 Gauge 2 in. Brad Nailer Kit Certified Refurbished","https://dealdesk.fyi/deals/ebay-item-395798896344/","eBay","Home & garden","true","2026-08-04","2026-08-31","2026-08-31","$64.51","64.51","$119.00","119","2026-08-31","","Refurbished · Free shipping"
"ebay-item-396197005318","TCL Q Class 7.1.4 Ch Sound Bar w/ Subwoofer & Surround Speakers - Black Q85H","https://dealdesk.fyi/deals/ebay-item-396197005318/","eBay","Electronics","true","2026-08-11","2026-08-11","2026-08-11","$429.99","429.99","$549.99","549.99","2026-08-11","","Refurbished · Free shipping"
"ebay-item-396632488371","Makita GCU06T1-R 40V max XGT 18"" Cordless Chain Saw Certified Refurbished","https://dealdesk.fyi/deals/ebay-item-396632488371/","eBay","Home & garden","true","2026-08-04","2026-08-31","2026-08-04","$386.21","386.21","$549.00","549","2026-08-04","2026-09-30","Refurbished · Free shipping"
"ebay-item-396632488371","Makita GCU06T1-R 40V max XGT 18"" Cordless Chain Saw Certified Refurbished","https://dealdesk.fyi/deals/ebay-item-396632488371/","eBay","Home & garden","true","2026-08-04","2026-08-31","2026-08-11","$386.21","386.21","$549.00","549","2026-08-11","","Refurbished · Free shipping"
"ebay-item-396632488371","Makita GCU06T1-R 40V max XGT 18"" Cordless Chain Saw Certified Refurbished","https://dealdesk.fyi/deals/ebay-item-396632488371/","eBay","Home & garden","true","2026-08-04","2026-08-31","2026-08-31","$363.96","363.96","$549.00","549","2026-08-31","","Refurbished · Free shipping"
"ebay-item-396763872685","Makita GRU01M1-R 40V max XGT 15"" Cordless String Trimmer Certified Refurbished","https://dealdesk.fyi/deals/ebay-item-396763872685/","eBay","Home & garden","true","2026-08-04","2026-08-31","2026-08-04","$259.00","259","$519.00","519","2026-08-04","2026-09-30","Refurbished · Free shipping"
"ebay-item-396763872685","Makita GRU01M1-R 40V max XGT 15"" Cordless String Trimmer Certified Refurbished","https://dealdesk.fyi/deals/ebay-item-396763872685/","eBay","Home & garden","true","2026-08-04","2026-08-31","2026-08-11","$249.00","249","$519.00","519","2026-08-11","","Refurbished · Free shipping"
"ebay-item-396763872685","Makita GRU01M1-R 40V max XGT 15"" Cordless String Trimmer Certified Refurbished","https://dealdesk.fyi/deals/ebay-item-396763872685/","eBay","Home & garden","true","2026-08-04","2026-08-31","2026-08-23","$227.99","227.99","$519.00","519","2026-08-23","","Refurbished · Free shipping"
"ebay-item-396763872685","Makita GRU01M1-R 40V max XGT 15"" Cordless String Trimmer Certified Refurbished","https://dealdesk.fyi/deals/ebay-item-396763872685/","eBay","Home & garden","true","2026-08-04","2026-08-31","2026-08-31","$259.65","259.65","$519.00","519","2026-08-31","","Refurbished · Free shipping"
"ebay-item-397125460691","Makita XDT14Z-R 18V LXT Quick-Shift 3-Speed Impact Driver Certified Refurbished","https://dealdesk.fyi/deals/ebay-item-397125460691/","eBay","Home & garden","true","2026-08-04","2026-08-04","2026-08-04","$131.19","131.19","$169.00","169","2026-08-04","","Refurbished · Free shipping"
"ebay-item-397163335100","Makita XRH05Z-R 18V X2 (36V) LXT Rotary Hammer (Tool Only) Certified Refurbished","https://dealdesk.fyi/deals/ebay-item-397163335100/","eBay","Home & garden","true","2026-08-04","2026-08-31","2026-08-04","$293.99","293.99","$299.99","299.99","2026-08-04","2026-09-30","Refurbished · Free shipping"
"ebay-item-397163335100","Makita XRH05Z-R 18V X2 (36V) LXT Rotary Hammer (Tool Only) Certified Refurbished","https://dealdesk.fyi/deals/ebay-item-397163335100/","eBay","Home & garden","true","2026-08-04","2026-08-31","2026-08-11","$293.99","293.99","$299.99","299.99","2026-08-11","","Refurbished · Free shipping"
"ebay-item-397163335100","Makita XRH05Z-R 18V X2 (36V) LXT Rotary Hammer (Tool Only) Certified Refurbished","https://dealdesk.fyi/deals/ebay-item-397163335100/","eBay","Home & garden","true","2026-08-04","2026-08-31","2026-08-31","$216.39","216.39","$299.99","299.99","2026-08-31","","Refurbished · Free shipping"
"ebay-item-397200450899","Makita XVJ04Z-R 18V LXT BL Cordless Jig Saw (Tool Only) Certified Refurbished","https://dealdesk.fyi/deals/ebay-item-397200450899/","eBay","Home & garden","true","2026-08-04","2026-08-31","2026-08-04","$139.99","139.99","$199.00","199","2026-08-04","2026-09-30","Refurbished · Free shipping"
"ebay-item-397200450899","Makita XVJ04Z-R 18V LXT BL Cordless Jig Saw (Tool Only) Certified Refurbished","https://dealdesk.fyi/deals/ebay-item-397200450899/","eBay","Home & garden","true","2026-08-04","2026-08-31","2026-08-11","$129.99","129.99","$199.00","199","2026-08-11","","Refurbished · Free shipping"
"ebay-item-397200450899","Makita XVJ04Z-R 18V LXT BL Cordless Jig Saw (Tool Only) Certified Refurbished","https://dealdesk.fyi/deals/ebay-item-397200450899/","eBay","Home & garden","true","2026-08-04","2026-08-31","2026-08-23","$122.99","122.99","$199.00","199","2026-08-23","","Refurbished · Free shipping"
"ebay-item-397200450899","Makita XVJ04Z-R 18V LXT BL Cordless Jig Saw (Tool Only) Certified Refurbished","https://dealdesk.fyi/deals/ebay-item-397200450899/","eBay","Home & garden","true","2026-08-04","2026-08-31","2026-08-31","$135.20","135.2","$199.00","199","2026-08-31","","Refurbished · Free shipping"
"ebay-item-397617897812","My Arcade Atari Gamestation Go Bundle, Over 200 built-in games DGUNL-7177","https://dealdesk.fyi/deals/ebay-item-397617897812/","eBay","Electronics","true","2026-08-11","2026-08-11","2026-08-11","$100.99","100.99","$269.99","269.99","2026-08-11","","Refurbished · Free shipping"
"ebay-item-397773667512","onn. 100135498 5.1 Ultra-Slim Surround Soundbar Only w/ power cable","https://dealdesk.fyi/deals/ebay-item-397773667512/","eBay","Electronics","true","2026-08-04","2026-08-04","2026-08-04","$41.93","41.93","$59.90","59.9","2026-08-04","","Refurbished · Free shipping"
"ebay-item-397789752461","PSA 10 DEMON ALASTOR PR-01 Promo Hazbin Hotel Trading Card Holo Foil Gem Mint","https://dealdesk.fyi/deals/ebay-item-397789752461/","eBay","Collectibles","true","2026-08-11","2026-08-11","2026-08-11","$299.99","299.99","","","2026-08-11","","Confirm condition, shipping, seller, and availability on eBay"
"ebay-item-397803770079","Mattel Collectible - Monster High Self-Scare Secrets Spectra Vondergeist Fashion","https://dealdesk.fyi/deals/ebay-item-397803770079/","eBay","Collectibles","true","2026-08-04","2026-08-04","2026-08-04","$28.96","28.96","$37.98","37.98","2026-08-04","","Free shipping"
"ebay-item-398023112293","WX856L Worx 20V Powershare Cordless 10""  Polisher / Buffer-CR","https://dealdesk.fyi/deals/ebay-item-398023112293/","eBay","Home & garden","true","2026-08-04","2026-08-11","2026-08-04","$106.99","106.99","$159.99","159.99","2026-08-04","2027-05-31","Refurbished · Free shipping"
"ebay-item-398023112293","WX856L Worx 20V Powershare Cordless 10""  Polisher / Buffer-CR","https://dealdesk.fyi/deals/ebay-item-398023112293/","eBay","Home & garden","true","2026-08-04","2026-08-11","2026-08-11","$106.99","106.99","$159.99","159.99","2026-08-11","","Refurbished · Free shipping"
"ebay-item-398124643338","Makita XUX02SM1X1-R 18V LXT Couple Shaft Power Head (4 Ah) Certified Refurbished","https://dealdesk.fyi/deals/ebay-item-398124643338/","eBay","Home & garden","true","2026-08-04","2026-08-31","2026-08-04","$197.99","197.99","","","2026-08-04","2026-09-30","Refurbished · Free shipping"
"ebay-item-398124643338","Makita XUX02SM1X1-R 18V LXT Couple Shaft Power Head (4 Ah) Certified Refurbished","https://dealdesk.fyi/deals/ebay-item-398124643338/","eBay","Home & garden","true","2026-08-04","2026-08-31","2026-08-11","$219.00","219","","","2026-08-11","","Refurbished · Free shipping"
"ebay-item-398124643338","Makita XUX02SM1X1-R 18V LXT Couple Shaft Power Head (4 Ah) Certified Refurbished","https://dealdesk.fyi/deals/ebay-item-398124643338/","eBay","Home & garden","true","2026-08-04","2026-08-31","2026-08-23","$207.89","207.89","","","2026-08-23","","Refurbished · Free shipping"
"ebay-item-398124643338","Makita XUX02SM1X1-R 18V LXT Couple Shaft Power Head (4 Ah) Certified Refurbished","https://dealdesk.fyi/deals/ebay-item-398124643338/","eBay","Home & garden","true","2026-08-04","2026-08-31","2026-08-24","$215.59","215.59","","","2026-08-24","","Refurbished · Free shipping"
"ebay-item-398124643338","Makita XUX02SM1X1-R 18V LXT Couple Shaft Power Head (4 Ah) Certified Refurbished","https://dealdesk.fyi/deals/ebay-item-398124643338/","eBay","Home & garden","true","2026-08-04","2026-08-31","2026-08-31","$216.05","216.05","","","2026-08-31","","Refurbished · Free shipping"
"ebay-item-398124643377","Makita XUX02SM1X3-R 18V LXT Couple Shaft Power Head (4 Ah) Certified Refurbished","https://dealdesk.fyi/deals/ebay-item-398124643377/","eBay","Home & garden","true","2026-08-04","2026-08-11","2026-08-04","$307.07","307.07","","","2026-08-04","2026-09-30","Refurbished · Free shipping"
"ebay-item-398124643377","Makita XUX02SM1X3-R 18V LXT Couple Shaft Power Head (4 Ah) Certified Refurbished","https://dealdesk.fyi/deals/ebay-item-398124643377/","eBay","Home & garden","true","2026-08-04","2026-08-11","2026-08-11","$272.96","272.96","","","2026-08-11","","Refurbished · Free shipping"
"ebay-item-398130809228","Monster High Moonspell Magic Willow Thorne Doll [New Toy] Paper Doll, Collecti","https://dealdesk.fyi/deals/ebay-item-398130809228/","eBay","Collectibles","true","2026-08-04","2026-08-04","2026-08-04","$33.20","33.2","$42.98","42.98","2026-08-04","","Free shipping"
"ebay-item-398151947944","Pioneer SX-1080 Vintage Stereo Receiver-Restored–1 Year warranty","https://dealdesk.fyi/deals/ebay-item-398151947944/","eBay","Electronics","true","2026-08-04","2026-08-04","2026-08-04","$3,399.00","3399","","","2026-08-04","","Refurbished · Free shipping"
"ebay-item-398155296323","JBL 4412 Vintage Speakers (Pair) – Professionally Restored – 1-Year Warranty","https://dealdesk.fyi/deals/ebay-item-398155296323/","eBay","Electronics","true","2026-08-04","2026-08-04","2026-08-04","$2,499.00","2499","","","2026-08-04","","Refurbished · Free shipping"
"ebay-item-398158407491-666437956169","Google Pixel 8 128GB G9BQD Factory Unlocked All Carriers 1 Yr Warranty Very Good","https://dealdesk.fyi/deals/ebay-item-398158407491-666437956169/","eBay","Electronics","true","2026-08-11","2026-08-11","2026-08-11","$249.99","249.99","","","2026-08-11","","Refurbished · Free shipping"
"ebay-item-398170861510","Dark Avengers - Marvel Legends - Hawkeye Action Figure with Build-A-Figure Piece","https://dealdesk.fyi/deals/ebay-item-398170861510/","eBay","Collectibles","true","2026-08-04","2026-08-11","2026-08-04","$27.99","27.99","$36.98","36.98","2026-08-04","2027-02-06","Free shipping"
"ebay-item-398170861510","Dark Avengers - Marvel Legends - Hawkeye Action Figure with Build-A-Figure Piece","https://dealdesk.fyi/deals/ebay-item-398170861510/","eBay","Collectibles","true","2026-08-04","2026-08-11","2026-08-11","$27.99","27.99","$36.98","36.98","2026-08-11","","Free shipping"
"ebay-item-398226146692","McFarlane SportsPicks - NFL - Amon-Ra St. Brown (Detroit Lions) 6"" Action Figure","https://dealdesk.fyi/deals/ebay-item-398226146692/","eBay","Collectibles","true","2026-08-04","2026-08-11","2026-08-04","$23.87","23.87","$32.98","32.98","2026-08-04","2027-02-06","Free shipping"
"ebay-item-398226146692","McFarlane SportsPicks - NFL - Amon-Ra St. Brown (Detroit Lions) 6"" Action Figure","https://dealdesk.fyi/deals/ebay-item-398226146692/","eBay","Collectibles","true","2026-08-04","2026-08-11","2026-08-11","$23.87","23.87","$32.98","32.98","2026-08-11","","Free shipping"
"ebay-item-398240539747","Larry Bird - McFarlane's SportsPicks - Legends Series: NBA - Larry Bird (Boston","https://dealdesk.fyi/deals/ebay-item-398240539747/","eBay","Collectibles","true","2026-08-04","2026-08-11","2026-08-04","$23.86","23.86","$32.98","32.98","2026-08-04","2027-02-06","Free shipping"
"ebay-item-398240539747","Larry Bird - McFarlane's SportsPicks - Legends Series: NBA - Larry Bird (Boston","https://dealdesk.fyi/deals/ebay-item-398240539747/","eBay","Collectibles","true","2026-08-04","2026-08-11","2026-08-11","$23.86","23.86","$32.98","32.98","2026-08-11","","Free shipping"
"ebay-item-398241371358","Teenage Mutant Ninja Turtles x G.I. Joe - Stormshadow x Slash Action Figure (TMN","https://dealdesk.fyi/deals/ebay-item-398241371358/","eBay","Collectibles","true","2026-08-04","2026-08-04","2026-08-04","$20.70","20.7","$29.98","29.98","2026-08-04","","Free shipping"
"ebay-item-398244551915","ESS AMT 1AM Pair Of Vintage Speakers - Professionally Restored - 1-Year Warranty","https://dealdesk.fyi/deals/ebay-item-398244551915/","eBay","Electronics","true","2026-08-04","2026-08-04","2026-08-04","$1,999.00","1999","","","2026-08-04","","Refurbished · Free shipping"
"ebay-item-398246613455","2025 Topps Chrome Disney Hercules Auto /28 #10 Mickey PSA 10","https://dealdesk.fyi/deals/ebay-item-398246613455/","eBay","Collectibles","true","2026-08-04","2026-08-04","2026-08-04","$600.00","600","","","2026-08-04","","Confirm condition, shipping, seller, and availability on eBay"
"ebay-item-398247371416","2023 PANINI FLAWLESS BRETT FAVRE SUPER BOWL AUTO AUTOGRAPH 1/20!","https://dealdesk.fyi/deals/ebay-item-398247371416/","eBay","Sports collectibles","true","2026-08-04","2026-08-04","2026-08-04","$299.99","299.99","","","2026-08-04","","Pre-Owned · Free shipping"
"ebay-item-398247499661","Andre Iguodala 2014-15 Panini Donruss Elite Silver Auto /125 RARE Warriors SSP","https://dealdesk.fyi/deals/ebay-item-398247499661/","eBay","Sports collectibles","true","2026-08-04","2026-08-04","2026-08-04","$399.99","399.99","","","2026-08-04","","Pre-Owned"
"ebay-item-398247597956","SkyBox 1997-98 Metal Universe Planet Metal Michael Jordan Bulls #23 Embossed","https://dealdesk.fyi/deals/ebay-item-398247597956/","eBay","Sports collectibles","true","2026-08-04","2026-08-04","2026-08-04","$795.99","795.99","","","2026-08-04","","Pre-Owned"
"ebay-item-398247841347","2026 Topps Chrome Shohei Ohtani Los Angeles Dodgers Wild Style Refractor 🤯 🔥","https://dealdesk.fyi/deals/ebay-item-398247841347/","eBay","Sports collectibles","true","2026-08-04","2026-08-04","2026-08-04","$300.00","300","","","2026-08-04","","Pre-Owned"
"ebay-item-398247907574","Derek Jeter 2026 Topps Chrome Chrome Rivals Black /10 #RVH-1","https://dealdesk.fyi/deals/ebay-item-398247907574/","eBay","Sports collectibles","true","2026-08-04","2026-08-04","2026-08-04","$499.99","499.99","","","2026-08-04","","Pre-Owned"
"ebay-item-398249999974","Summer Magic Island {PINK SKY} ~ MTG/Magic ~ NEAR MINT++ Condition","https://dealdesk.fyi/deals/ebay-item-398249999974/","eBay","Toys & hobbies","true","2026-08-11","2026-08-11","2026-08-11","$338.00","338","","","2026-08-11","","Pre-Owned"
"ebay-item-398250197923","Summer Magic Control Magic ~ MTG/Magic ~ NM/MINT Condition","https://dealdesk.fyi/deals/ebay-item-398250197923/","eBay","Toys & hobbies","true","2026-08-11","2026-08-11","2026-08-11","$311.99","311.99","","","2026-08-11","","Pre-Owned"
"ebay-item-398251570068","Teenage Mutant Ninja Turtles x G.I. Joe - Ripper x Bebop Action Figure (TMNT) [N","https://dealdesk.fyi/deals/ebay-item-398251570068/","eBay","Collectibles","true","2026-08-11","2026-08-11","2026-08-11","$19.16","19.16","$28.98","28.98","2026-08-11","","Free shipping"
"ebay-item-398270824514","Google Pixel 8 128GB G9BQD Black Factory OEM Unlocked Very Good 1 Year Warranty","https://dealdesk.fyi/deals/ebay-item-398270824514/","eBay","Electronics","true","2026-08-11","2026-08-11","2026-08-11","$249.99","249.99","","","2026-08-11","","Refurbished · Free shipping"
"ebay-item-398272279709","Veefriends Nifty Narwhal Series 1 Gary Auto Rare /8 Zerocool","https://dealdesk.fyi/deals/ebay-item-398272279709/","eBay","Collectibles","true","2026-08-11","2026-08-11","2026-08-11","$690.00","690","","","2026-08-11","","Pre-Owned"
"ebay-item-398272396837","2019 Stranger Things Season 2 Millie Bobby Brown Auto Beckett Authentic 10","https://dealdesk.fyi/deals/ebay-item-398272396837/","eBay","Collectibles","true","2026-08-11","2026-08-11","2026-08-11","$445.00","445","","","2026-08-11","","Confirm condition, shipping, seller, and availability on eBay"
"ebay-item-398273148871","2016-17 Panini Prizm J.R. Smith True Gold /10 Cleveland Cavaliers #39 JR SP","https://dealdesk.fyi/deals/ebay-item-398273148871/","eBay","Sports collectibles","true","2026-08-11","2026-08-11","2026-08-11","$330.00","330","","","2026-08-11","","Pre-Owned"
"ebay-item-398273216064","2023-24 Panini Select Stephen Curry Lodestar Gold /10 PSA 8 Warriors #6 Steph","https://dealdesk.fyi/deals/ebay-item-398273216064/","eBay","Sports collectibles","true","2026-08-11","2026-08-11","2026-08-11","$670.00","670","","","2026-08-11","","Confirm condition, shipping, seller, and availability on eBay"
"ebay-item-398273276882","2012-13 Intrigue Tim Duncan Noah Hibbert Ibaka Quad Prime Patch /10 Foursomes #6","https://dealdesk.fyi/deals/ebay-item-398273276882/","eBay","Sports collectibles","true","2026-08-11","2026-08-11","2026-08-11","$299.99","299.99","","","2026-08-11","","Pre-Owned"
"ebay-item-398273300785","JBL 4344  Vintage Speakers  - Professionally  Restored - 1-Year Warranty","https://dealdesk.fyi/deals/ebay-item-398273300785/","eBay","Electronics","true","2026-08-11","2026-08-11","2026-08-11","$13999.00","13999","","","2026-08-11","","Refurbished · Free shipping"
"ebay-item-398273333531","Pioneer SX-980 Vintage Stereo Receiver – Restored – 1-Year Warranty","https://dealdesk.fyi/deals/ebay-item-398273333531/","eBay","Electronics","true","2026-08-11","2026-08-11","2026-08-11","$2599.00","2599","","","2026-08-11","","Refurbished · Free shipping"
"ebay-item-398273336678","2025 Topps Signature Class Jaxson Dart Auto (RC)","https://dealdesk.fyi/deals/ebay-item-398273336678/","eBay","Sports collectibles","true","2026-08-11","2026-08-11","2026-08-11","$250.00","250","","","2026-08-11","","Pre-Owned"
"ebay-item-402359938800","Nintendo Wii Video Game System 2-REMOTE Bundle RVL-001 GameCube Console WHITE","https://dealdesk.fyi/deals/ebay-item-402359938800/","eBay","Electronics","true","2026-08-04","2026-08-11","2026-08-04","$132.95","132.95","$139.95","139.95","2026-08-04","2027-04-29","Refurbished · Free shipping"
"ebay-item-402359938800","Nintendo Wii Video Game System 2-REMOTE Bundle RVL-001 GameCube Console WHITE","https://dealdesk.fyi/deals/ebay-item-402359938800/","eBay","Electronics","true","2026-08-04","2026-08-11","2026-08-11","$132.95","132.95","$139.95","139.95","2026-08-11","","Refurbished · Free shipping"
"ebay-item-403804332256","2-CONTROLLERS Original SEGA GENESIS Console MK-1601 Video Game System 1st Model","https://dealdesk.fyi/deals/ebay-item-403804332256/","eBay","Electronics","true","2026-08-04","2026-08-11","2026-08-04","$159.95","159.95","","","2026-08-04","2027-04-29","Refurbished · Free shipping"
"ebay-item-403804332256","2-CONTROLLERS Original SEGA GENESIS Console MK-1601 Video Game System 1st Model","https://dealdesk.fyi/deals/ebay-item-403804332256/","eBay","Electronics","true","2026-08-04","2026-08-11","2026-08-11","$159.95","159.95","","","2026-08-11","","Refurbished · Free shipping"
"ebay-item-404749988409","Samsung Galaxy A54 5G SM-A546U 128GB Black GSM UNLOCKED - Very Good","https://dealdesk.fyi/deals/ebay-item-404749988409/","eBay","Electronics","true","2026-08-04","2026-08-23","2026-08-04","$152.00","152","$299.99","299.99","2026-08-04","","Refurbished · Free shipping"
"ebay-item-404749988409","Samsung Galaxy A54 5G SM-A546U 128GB Black GSM UNLOCKED - Very Good","https://dealdesk.fyi/deals/ebay-item-404749988409/","eBay","Electronics","true","2026-08-04","2026-08-23","2026-08-23","$151.99","151.99","$299.99","299.99","2026-08-23","","Refurbished · Free shipping"
"ebay-item-406386279160","Apple MacBook Pro 16.2"" 2023 Space Gray M2 Pro 32GB 512GB SSD MNW83LL/A A2780 LB","https://dealdesk.fyi/deals/ebay-item-406386279160/","eBay","Electronics","true","2026-08-11","2026-08-11","2026-08-11","$1149.99","1149.99","$1499.99","1499.99","2026-08-11","","Refurbished · Free shipping"
"ebay-item-406562926742","Apple Homepod - (2nd Generation 2023) MQJ73LL/A - Midnight - Excellent","https://dealdesk.fyi/deals/ebay-item-406562926742/","eBay","Electronics","true","2026-08-04","2026-08-23","2026-08-04","$229.99","229.99","","","2026-08-04","2026-11-30","Refurbished · Free shipping"
"ebay-item-406562926742","Apple Homepod - (2nd Generation 2023) MQJ73LL/A - Midnight - Excellent","https://dealdesk.fyi/deals/ebay-item-406562926742/","eBay","Electronics","true","2026-08-04","2026-08-23","2026-08-11","$229.99","229.99","","","2026-08-11","","Refurbished · Free shipping"
"ebay-item-406562926742","Apple Homepod - (2nd Generation 2023) MQJ73LL/A - Midnight - Excellent","https://dealdesk.fyi/deals/ebay-item-406562926742/","eBay","Electronics","true","2026-08-04","2026-08-23","2026-08-23","$239.99","239.99","","","2026-08-23","","Refurbished · Free shipping"
"ebay-item-406809981352-677037216178","Apple iPhone 14 128GB 6.1"" Fully Unlocked - 100% Functional - Excellent","https://dealdesk.fyi/deals/ebay-item-406809981352-677037216178/","eBay","Electronics","true","2026-08-04","2026-08-04","2026-08-04","$294.99","294.99","","","2026-08-04","","Refurbished · Free shipping"
"ebay-item-406895369989-677104250084","Samsung Galaxy S23+ Plus 5G, US Version, 256GB - Unlocked - Very Good","https://dealdesk.fyi/deals/ebay-item-406895369989-677104250084/","eBay","Electronics","true","2026-08-04","2026-08-04","2026-08-04","$265.99","265.99","","","2026-08-04","","Refurbished · Free shipping"
"ebay-item-406939794615","Super Impulse World's Smallest Radio Flyer Tricycle [SIU5007]","https://dealdesk.fyi/deals/ebay-item-406939794615/","eBay","Collectibles","true","2026-08-04","2026-08-23","2026-08-04","$4.69","4.69","$7.99","7.99","2026-08-04","","Confirm condition, shipping, seller, and availability on eBay"
"ebay-item-406939794615","Super Impulse World's Smallest Radio Flyer Tricycle [SIU5007]","https://dealdesk.fyi/deals/ebay-item-406939794615/","eBay","Collectibles","true","2026-08-04","2026-08-23","2026-08-23","$3.82","3.82","$7.99","7.99","2026-08-23","","Confirm condition, shipping, seller, and availability on eBay"
"ebay-item-407043888715","Nikon Z 5 Mirrorless Digital Camera 24.3MP Z5 w/Battery & Charger #Q","https://dealdesk.fyi/deals/ebay-item-407043888715/","eBay","Electronics","true","2026-08-04","2026-08-04","2026-08-04","$610.89","610.89","$649.88","649.88","2026-08-04","","Refurbished · Free shipping"
"ebay-item-407046288384-677231998110","Samsung Galaxy A15 128GB 6.5"" 5G Fully Unlocked Fully Tested - Very Good","https://dealdesk.fyi/deals/ebay-item-407046288384-677231998110/","eBay","Electronics","true","2026-08-04","2026-08-11","2026-08-04","$100.99","100.99","","","2026-08-04","2028-01-31","Refurbished · Free shipping"
"ebay-item-407046288384-677231998110","Samsung Galaxy A15 128GB 6.5"" 5G Fully Unlocked Fully Tested - Very Good","https://dealdesk.fyi/deals/ebay-item-407046288384-677231998110/","eBay","Electronics","true","2026-08-04","2026-08-11","2026-08-11","$100.99","100.99","","","2026-08-11","","Refurbished · Free shipping"
"ebay-item-407064013193-677245824290","Apple iPhone 17 Pro 256GB 6.3"" 5G Fully Unlocked - Fully Tested - Excellent","https://dealdesk.fyi/deals/ebay-item-407064013193-677245824290/","eBay","Electronics","true","2026-08-11","2026-08-29","2026-08-11","$989.99","989.99","","","2026-08-11","","Refurbished · Free shipping"
"ebay-item-407064013193-677245824290","Apple iPhone 17 Pro 256GB 6.3"" 5G Fully Unlocked - Fully Tested - Excellent","https://dealdesk.fyi/deals/ebay-item-407064013193-677245824290/","eBay","Electronics","true","2026-08-11","2026-08-29","2026-08-29","$994.99","994.99","","","2026-08-29","","Refurbished · Free shipping"
"ebay-item-407069293251","Reolink  RLC-810A 4k Outdoor PoE Security Camera Smart Detection Night Vision","https://dealdesk.fyi/deals/ebay-item-407069293251/","eBay","Electronics","true","2026-08-04","2026-08-31","2026-08-04","$69.99","69.99","$99.99","99.99","2026-08-04","2026-11-07","Refurbished · Free shipping"
"ebay-item-407069293251","Reolink  RLC-810A 4k Outdoor PoE Security Camera Smart Detection Night Vision","https://dealdesk.fyi/deals/ebay-item-407069293251/","eBay","Electronics","true","2026-08-04","2026-08-31","2026-08-11","$69.99","69.99","$99.99","99.99","2026-08-11","","Refurbished · Free shipping"
"ebay-item-407069293251","Reolink  RLC-810A 4k Outdoor PoE Security Camera Smart Detection Night Vision","https://dealdesk.fyi/deals/ebay-item-407069293251/","eBay","Electronics","true","2026-08-04","2026-08-31","2026-08-23","$66.99","66.99","$99.99","99.99","2026-08-23","","Refurbished · Free shipping"
"ebay-item-407069293251","Reolink  RLC-810A 4k Outdoor PoE Security Camera Smart Detection Night Vision","https://dealdesk.fyi/deals/ebay-item-407069293251/","eBay","Electronics","true","2026-08-04","2026-08-31","2026-08-24","$99.99","99.99","","","2026-08-24","","Refurbished · Free shipping"
"ebay-item-407069293251","Reolink  RLC-810A 4k Outdoor PoE Security Camera Smart Detection Night Vision","https://dealdesk.fyi/deals/ebay-item-407069293251/","eBay","Electronics","true","2026-08-04","2026-08-31","2026-08-25","$64.99","64.99","$99.99","99.99","2026-08-25","","Refurbished · Free shipping"
"ebay-item-407069293251","Reolink  RLC-810A 4k Outdoor PoE Security Camera Smart Detection Night Vision","https://dealdesk.fyi/deals/ebay-item-407069293251/","eBay","Electronics","true","2026-08-04","2026-08-31","2026-08-31","$61.99","61.99","$99.99","99.99","2026-08-31","","Refurbished · Free shipping"
"ebay-item-407076789103","Reolink RLN8-410 8CH NVR Security Camera Recorder CCTV Surveillance 2TB HDD","https://dealdesk.fyi/deals/ebay-item-407076789103/","eBay","Electronics","true","2026-08-04","2026-08-31","2026-08-04","$227.49","227.49","$349.99","349.99","2026-08-04","2026-11-07","Refurbished · Free shipping"
"ebay-item-407076789103","Reolink RLN8-410 8CH NVR Security Camera Recorder CCTV Surveillance 2TB HDD","https://dealdesk.fyi/deals/ebay-item-407076789103/","eBay","Electronics","true","2026-08-04","2026-08-31","2026-08-11","$223.99","223.99","$349.99","349.99","2026-08-11","","Refurbished · Free shipping"
"ebay-item-407076789103","Reolink RLN8-410 8CH NVR Security Camera Recorder CCTV Surveillance 2TB HDD","https://dealdesk.fyi/deals/ebay-item-407076789103/","eBay","Electronics","true","2026-08-04","2026-08-31","2026-08-23","$216.99","216.99","$349.99","349.99","2026-08-23","","Refurbished · Free shipping"
"ebay-item-407076789103","Reolink RLN8-410 8CH NVR Security Camera Recorder CCTV Surveillance 2TB HDD","https://dealdesk.fyi/deals/ebay-item-407076789103/","eBay","Electronics","true","2026-08-04","2026-08-31","2026-08-24","$349.99","349.99","","","2026-08-24","","Refurbished · Free shipping"
"ebay-item-407076789103","Reolink RLN8-410 8CH NVR Security Camera Recorder CCTV Surveillance 2TB HDD","https://dealdesk.fyi/deals/ebay-item-407076789103/","eBay","Electronics","true","2026-08-04","2026-08-31","2026-08-25","$227.49","227.49","$349.99","349.99","2026-08-25","","Refurbished · Free shipping"
"ebay-item-407076789103","Reolink RLN8-410 8CH NVR Security Camera Recorder CCTV Surveillance 2TB HDD","https://dealdesk.fyi/deals/ebay-item-407076789103/","eBay","Electronics","true","2026-08-04","2026-08-31","2026-08-31","$216.99","216.99","$349.99","349.99","2026-08-31","","Refurbished · Free shipping"
"ebay-item-407078012061","TCL A3X A600DL 32GB 3GB Black Unlocked - Very Good Condition","https://dealdesk.fyi/deals/ebay-item-407078012061/","eBay","Electronics","true","2026-08-11","2026-08-25","2026-08-11","$42.67","42.67","","","2026-08-11","","Refurbished · Free shipping"
"ebay-item-407078012061","TCL A3X A600DL 32GB 3GB Black Unlocked - Very Good Condition","https://dealdesk.fyi/deals/ebay-item-407078012061/","eBay","Electronics","true","2026-08-11","2026-08-25","2026-08-23","$39.67","39.67","","","2026-08-23","","Refurbished · Free shipping"
"ebay-item-407078012061","TCL A3X A600DL 32GB 3GB Black Unlocked - Very Good Condition","https://dealdesk.fyi/deals/ebay-item-407078012061/","eBay","Electronics","true","2026-08-11","2026-08-25","2026-08-25","$40.67","40.67","","","2026-08-25","","Refurbished · Free shipping"
"ebay-item-407089632179","Rolleiflex 3.5A TLR Camera w/75mm f3.5 Tessar #988","https://dealdesk.fyi/deals/ebay-item-407089632179/","eBay","Electronics","true","2026-08-04","2026-08-04","2026-08-04","$469.06","469.06","$499.00","499","2026-08-04","","Refurbished · Free shipping"
"ebay-item-407101159635","Reolink 5MP PoE Cam with Smart AI Detection, 100ft Night Vision, Audio, RLC-510A","https://dealdesk.fyi/deals/ebay-item-407101159635/","eBay","Electronics","true","2026-08-04","2026-08-25","2026-08-04","$48.99","48.99","$69.99","69.99","2026-08-04","2026-11-07","Refurbished · Free shipping"
"ebay-item-407101159635","Reolink 5MP PoE Cam with Smart AI Detection, 100ft Night Vision, Audio, RLC-510A","https://dealdesk.fyi/deals/ebay-item-407101159635/","eBay","Electronics","true","2026-08-04","2026-08-25","2026-08-11","$48.99","48.99","$69.99","69.99","2026-08-11","","Refurbished · Free shipping"
"ebay-item-407101159635","Reolink 5MP PoE Cam with Smart AI Detection, 100ft Night Vision, Audio, RLC-510A","https://dealdesk.fyi/deals/ebay-item-407101159635/","eBay","Electronics","true","2026-08-04","2026-08-25","2026-08-24","$69.99","69.99","","","2026-08-24","","Refurbished · Free shipping"
"ebay-item-407101159635","Reolink 5MP PoE Cam with Smart AI Detection, 100ft Night Vision, Audio, RLC-510A","https://dealdesk.fyi/deals/ebay-item-407101159635/","eBay","Electronics","true","2026-08-04","2026-08-25","2026-08-25","$45.49","45.49","$69.99","69.99","2026-08-25","","Refurbished · Free shipping"
"ebay-item-407104546753","Nikon Nikkor AF-S 70-200mm f2.8 G II ED VR IF Lens AFS w/RRS Tripod Foot #416","https://dealdesk.fyi/deals/ebay-item-407104546753/","eBay","Electronics","true","2026-08-11","2026-08-11","2026-08-11","$648.74","648.74","$690.15","690.15","2026-08-11","","Refurbished · Free shipping"
"ebay-item-407107919946","Reolink RLN16-410 16CH PoE NVR 4TB HDD 16MP 24/7 Recording Remote View Recorder","https://dealdesk.fyi/deals/ebay-item-407107919946/","eBay","Electronics","true","2026-08-04","2026-08-31","2026-08-04","$298.99","298.99","$459.99","459.99","2026-08-04","2026-11-07","Refurbished · Free shipping"
"ebay-item-407107919946","Reolink RLN16-410 16CH PoE NVR 4TB HDD 16MP 24/7 Recording Remote View Recorder","https://dealdesk.fyi/deals/ebay-item-407107919946/","eBay","Electronics","true","2026-08-04","2026-08-31","2026-08-11","$294.39","294.39","$459.99","459.99","2026-08-11","","Refurbished · Free shipping"
"ebay-item-407107919946","Reolink RLN16-410 16CH PoE NVR 4TB HDD 16MP 24/7 Recording Remote View Recorder","https://dealdesk.fyi/deals/ebay-item-407107919946/","eBay","Electronics","true","2026-08-04","2026-08-31","2026-08-23","$285.19","285.19","$459.99","459.99","2026-08-23","","Refurbished · Free shipping"
"ebay-item-407107919946","Reolink RLN16-410 16CH PoE NVR 4TB HDD 16MP 24/7 Recording Remote View Recorder","https://dealdesk.fyi/deals/ebay-item-407107919946/","eBay","Electronics","true","2026-08-04","2026-08-31","2026-08-24","$459.99","459.99","","","2026-08-24","","Refurbished · Free shipping"
"ebay-item-407107919946","Reolink RLN16-410 16CH PoE NVR 4TB HDD 16MP 24/7 Recording Remote View Recorder","https://dealdesk.fyi/deals/ebay-item-407107919946/","eBay","Electronics","true","2026-08-04","2026-08-31","2026-08-25","$298.99","298.99","$459.99","459.99","2026-08-25","","Refurbished · Free shipping"
"ebay-item-407107919946","Reolink RLN16-410 16CH PoE NVR 4TB HDD 16MP 24/7 Recording Remote View Recorder","https://dealdesk.fyi/deals/ebay-item-407107919946/","eBay","Electronics","true","2026-08-04","2026-08-31","2026-08-31","$285.19","285.19","$459.99","459.99","2026-08-31","","Refurbished · Free shipping"
"ebay-item-407117273818","Sony FX3A Full-Frame Cinema Camera USA New Open Box Fast Shipping!","https://dealdesk.fyi/deals/ebay-item-407117273818/","eBay","Electronics","true","2026-08-04","2026-08-04","2026-08-04","$3,799.00","3799","","","2026-08-04","","Open Box · Sony FX3A Full-Frame Cinema Camera USA New Open Box Fast Shipping!"
"ebay-item-407117543345","Pentax Q 12.4MP Mirrorless Digital Camera Kit w/ 5-15mm Zoom Lens #885","https://dealdesk.fyi/deals/ebay-item-407117543345/","eBay","Electronics","true","2026-08-04","2026-08-04","2026-08-04","$220.07","220.07","","","2026-08-04","","Refurbished · Free shipping"
"ebay-item-407118170049","Monkey D. Luffy Round 1 English Promo Op16-095 One Piece Card Game ENGLISH","https://dealdesk.fyi/deals/ebay-item-407118170049/","eBay","Collectibles","true","2026-08-04","2026-08-04","2026-08-04","$299.99","299.99","","","2026-08-04","","Pre-Owned · Free shipping"
"ebay-item-407118530833","Irix 15mm f2.4 Firefly Lens for Nikon (man.focus) #024","https://dealdesk.fyi/deals/ebay-item-407118530833/","eBay","Electronics","true","2026-08-04","2026-08-04","2026-08-04","$168.71","168.71","","","2026-08-04","","Refurbished · Free shipping"
"ebay-item-407118964445","2010 Topps Chrome - Tim Tebow #C100 Pointing Rookie Auto SGC 10/10","https://dealdesk.fyi/deals/ebay-item-407118964445/","eBay","Sports collectibles","true","2026-08-04","2026-08-04","2026-08-04","$325.00","325","","","2026-08-04","","Confirm condition, shipping, seller, and availability on eBay"
"ebay-item-407134321362","Sony NEX-6 16.1MP Mirrorless Digital Camera Body *Read #487","https://dealdesk.fyi/deals/ebay-item-407134321362/","eBay","Electronics","true","2026-08-11","2026-08-11","2026-08-11","$197.95","197.95","","","2026-08-11","","Refurbished · Free shipping"
"ebay-item-407135440771","2026 Panini Contenders PFL #49 PF-DKD Dakota Ditcheva PFL Ink Autographed 15/25","https://dealdesk.fyi/deals/ebay-item-407135440771/","eBay","Sports collectibles","true","2026-08-11","2026-08-11","2026-08-11","$649.99","649.99","","","2026-08-11","","Pre-Owned"
"ebay-item-407135835053","2023 BOWMAN DRAFT CHROME PURPLE REFRACTOR BRYCE ELDRIDGE BDC107 /250 PSA 10","https://dealdesk.fyi/deals/ebay-item-407135835053/","eBay","Sports collectibles","true","2026-08-11","2026-08-11","2026-08-11","$600.00","600","","","2026-08-11","","Confirm condition, shipping, seller, and availability on eBay"
"ebay-item-407135841495","2023 BOWMAN DRAFT CHROME FUCHSIA LUNAR REFRACTOR BRYCE ELDRIDGE /199 PSA 10","https://dealdesk.fyi/deals/ebay-item-407135841495/","eBay","Sports collectibles","true","2026-08-11","2026-08-11","2026-08-11","$600.00","600","","","2026-08-11","","Confirm condition, shipping, seller, and availability on eBay"
"ebay-item-407135852738","2023 BOWMAN DRAFT CHROME BLUE REFRACTOR BRYCE ELDRIDGE BDC107 /150 PSA 10","https://dealdesk.fyi/deals/ebay-item-407135852738/","eBay","Sports collectibles","true","2026-08-11","2026-08-11","2026-08-11","$750.00","750","","","2026-08-11","","Confirm condition, shipping, seller, and availability on eBay"
"ebay-item-407135857656","2023 BOWMAN DRAFT CHROME TRUE GREEN REFRACTOR BRYCE ELDRIDGE BDC107 /99 PSA 10","https://dealdesk.fyi/deals/ebay-item-407135857656/","eBay","Sports collectibles","true","2026-08-11","2026-08-11","2026-08-11","$750.00","750","","","2026-08-11","","Confirm condition, shipping, seller, and availability on eBay"
"ebay-item-800048221204","eufy Indoor Cam E30 4K UHD Security Camera Color Night Vision Pet/Baby Monitor","https://dealdesk.fyi/deals/ebay-item-800048221204/","eBay","Electronics","true","2026-08-04","2026-08-31","2026-08-04","$39.99","39.99","$69.99","69.99","2026-08-04","2026-11-07","Refurbished · Free shipping"
"ebay-item-800048221204","eufy Indoor Cam E30 4K UHD Security Camera Color Night Vision Pet/Baby Monitor","https://dealdesk.fyi/deals/ebay-item-800048221204/","eBay","Electronics","true","2026-08-04","2026-08-31","2026-08-11","$52.49","52.49","$69.99","69.99","2026-08-11","","Refurbished · Free shipping"
"ebay-item-800048221204","eufy Indoor Cam E30 4K UHD Security Camera Color Night Vision Pet/Baby Monitor","https://dealdesk.fyi/deals/ebay-item-800048221204/","eBay","Electronics","true","2026-08-04","2026-08-31","2026-08-23","$42.99","42.99","$69.99","69.99","2026-08-23","","Refurbished · Free shipping"
"ebay-item-800048221204","eufy Indoor Cam E30 4K UHD Security Camera Color Night Vision Pet/Baby Monitor","https://dealdesk.fyi/deals/ebay-item-800048221204/","eBay","Electronics","true","2026-08-04","2026-08-31","2026-08-31","$52.49","52.49","$69.99","69.99","2026-08-31","","Refurbished · Free shipping"
"ebay-item-800050001594","HP Elitebook 845 G7 14"" 16GB 512GB, Natural Silver","https://dealdesk.fyi/deals/ebay-item-800050001594/","eBay","Electronics","true","2026-08-04","2026-08-04","2026-08-04","$186.19","186.19","","","2026-08-04","","Refurbished · Free shipping"
"ebay-item-800182236766","Reolink TrackMix LTE+Solar Panel 4K 4G Battery Security Camera Dual Lens Camera","https://dealdesk.fyi/deals/ebay-item-800182236766/","eBay","Electronics","true","2026-08-04","2026-08-11","2026-08-04","$191.99","191.99","$319.99","319.99","2026-08-04","2026-11-07","Refurbished · Free shipping"
"ebay-item-800182236766","Reolink TrackMix LTE+Solar Panel 4K 4G Battery Security Camera Dual Lens Camera","https://dealdesk.fyi/deals/ebay-item-800182236766/","eBay","Electronics","true","2026-08-04","2026-08-11","2026-08-11","$191.99","191.99","$319.99","319.99","2026-08-11","","Refurbished · Free shipping"
"ebay-item-800182414000","Reolink Go PT Ultra 4K 4G LTE PT Outdoor Battery Powered Camera with Solar Panel","https://dealdesk.fyi/deals/ebay-item-800182414000/","eBay","Electronics","true","2026-08-04","2026-08-31","2026-08-04","$125.99","125.99","$209.99","209.99","2026-08-04","2026-11-07","Refurbished · Free shipping"
"ebay-item-800182414000","Reolink Go PT Ultra 4K 4G LTE PT Outdoor Battery Powered Camera with Solar Panel","https://dealdesk.fyi/deals/ebay-item-800182414000/","eBay","Electronics","true","2026-08-04","2026-08-31","2026-08-11","$125.99","125.99","$209.99","209.99","2026-08-11","","Refurbished · Free shipping"
"ebay-item-800182414000","Reolink Go PT Ultra 4K 4G LTE PT Outdoor Battery Powered Camera with Solar Panel","https://dealdesk.fyi/deals/ebay-item-800182414000/","eBay","Electronics","true","2026-08-04","2026-08-31","2026-08-24","$136.49","136.49","$209.99","209.99","2026-08-24","","Refurbished · Free shipping"
"ebay-item-800182414000","Reolink Go PT Ultra 4K 4G LTE PT Outdoor Battery Powered Camera with Solar Panel","https://dealdesk.fyi/deals/ebay-item-800182414000/","eBay","Electronics","true","2026-08-04","2026-08-31","2026-08-31","$132.29","132.29","$209.99","209.99","2026-08-31","","Refurbished · Free shipping"
"ebay-item-800260881138","Reolink Duo 3 PoE 16MP Dual-Lens Security Camera 180° Panoramic Smart Detection","https://dealdesk.fyi/deals/ebay-item-800260881138/","eBay","Electronics","true","2026-08-04","2026-08-31","2026-08-04","$136.49","136.49","$209.99","209.99","2026-08-04","","Refurbished · Free shipping"
"ebay-item-800260881138","Reolink Duo 3 PoE 16MP Dual-Lens Security Camera 180° Panoramic Smart Detection","https://dealdesk.fyi/deals/ebay-item-800260881138/","eBay","Electronics","true","2026-08-04","2026-08-31","2026-08-23","$125.99","125.99","$209.99","209.99","2026-08-23","","Refurbished · Free shipping"
"ebay-item-800260881138","Reolink Duo 3 PoE 16MP Dual-Lens Security Camera 180° Panoramic Smart Detection","https://dealdesk.fyi/deals/ebay-item-800260881138/","eBay","Electronics","true","2026-08-04","2026-08-31","2026-08-24","$136.49","136.49","$209.99","209.99","2026-08-24","","Refurbished · Free shipping"
"ebay-item-800260881138","Reolink Duo 3 PoE 16MP Dual-Lens Security Camera 180° Panoramic Smart Detection","https://dealdesk.fyi/deals/ebay-item-800260881138/","eBay","Electronics","true","2026-08-04","2026-08-31","2026-08-31","$132.29","132.29","$209.99","209.99","2026-08-31","","Refurbished · Free shipping"
"ebay-item-800334636251","JLab Epic Party 100W Portable Bluetooth Speaker RGB LED IP56 Black Excellent","https://dealdesk.fyi/deals/ebay-item-800334636251/","eBay","Electronics","true","2026-08-04","2026-08-04","2026-08-04","$81.99","81.99","$227.99","227.99","2026-08-04","","Refurbished · Free shipping"
"ebay-item-800423380366","Lenovo ThinkPad L15 Gen 2 15.6"" 16GB 256GB, Black","https://dealdesk.fyi/deals/ebay-item-800423380366/","eBay","Electronics","true","2026-08-11","2026-08-11","2026-08-11","$295.41","295.41","","","2026-08-11","","Refurbished · Free shipping"
"ebay-item-800426668035","eufy Entry Sensor E20 Dual-Side Detection Door/window Sensor Bypass Button","https://dealdesk.fyi/deals/ebay-item-800426668035/","eBay","Electronics","true","2026-08-04","2026-08-11","2026-08-04","$23.99","23.99","","","2026-08-04","2026-11-07","Refurbished · Free shipping"
"ebay-item-800426668035","eufy Entry Sensor E20 Dual-Side Detection Door/window Sensor Bypass Button","https://dealdesk.fyi/deals/ebay-item-800426668035/","eBay","Electronics","true","2026-08-04","2026-08-11","2026-08-11","$23.99","23.99","","","2026-08-11","","Refurbished · Free shipping"
"ebay-item-800452337172","SDCC 2026 X-MEN ‘97 Death Gambit Tarot Trading Card PANEL Exclusive!","https://dealdesk.fyi/deals/ebay-item-800452337172/","eBay","Collectibles","true","2026-08-04","2026-08-04","2026-08-04","$299.99","299.99","","","2026-08-04","","Pre-Owned"
"ebay-item-800452608617","HINTERLAND MUISC FESTIVAL MULTIPLE ARTISTS CAN BE SOLD SEPARATELY","https://dealdesk.fyi/deals/ebay-item-800452608617/","eBay","Collectibles","true","2026-08-04","2026-08-04","2026-08-04","$500.00","500","","","2026-08-04","","Pre-Owned"
"ebay-item-800457683579","2024 Upper Deck Marvel Masterpieces Nahuel Grego #89 Magneto Tier 4 Base /99","https://dealdesk.fyi/deals/ebay-item-800457683579/","eBay","Collectibles","true","2026-08-04","2026-08-04","2026-08-04","$500.00","500","","","2026-08-04","","Pre-Owned"
"ebay-item-800458303848","Panini Donruss Optic 2023 UFC Alex Pereira #9 Downtown! Insert RC Prizm","https://dealdesk.fyi/deals/ebay-item-800458303848/","eBay","Sports collectibles","true","2026-08-04","2026-08-04","2026-08-04","$463.27","463.27","","","2026-08-04","","Pre-Owned"
"ebay-item-800458436452","2025 Adidas SpongeBob SquarePants Drivers License Rejected Freizeit Promo Card","https://dealdesk.fyi/deals/ebay-item-800458436452/","eBay","Collectibles","true","2026-08-04","2026-08-04","2026-08-04","$499.99","499.99","","","2026-08-04","","Pre-Owned"
"ebay-item-800471985222","Sonos Sub 4 Black Certified Refurbished - Premium Wireless Subwoofer - WiFi","https://dealdesk.fyi/deals/ebay-item-800471985222/","eBay","Electronics","true","2026-08-11","2026-08-11","2026-08-11","$719.00","719","","","2026-08-11","","Refurbished · Free shipping"
"ebay-item-800471993602","Sonos Arc Ultra White Certified Refurbished - Premium Smart soundbar - Dolby","https://dealdesk.fyi/deals/ebay-item-800471993602/","eBay","Electronics","true","2026-08-11","2026-08-11","2026-08-11","$879.00","879","","","2026-08-11","","Refurbished · Free shipping"
"ebay-item-800471993638","Sonos Arc Ultra Black Certified Refurbished - Premium Smart soundbar - Dolby","https://dealdesk.fyi/deals/ebay-item-800471993638/","eBay","Electronics","true","2026-08-11","2026-08-11","2026-08-11","$879.00","879","","","2026-08-11","","Refurbished · Free shipping"
"ebay-item-800486054206","Lenovo ThinkPad T14 14.0"" 16GB 512GB, Black","https://dealdesk.fyi/deals/ebay-item-800486054206/","eBay","Electronics","true","2026-08-11","2026-08-11","2026-08-11","$315.87","315.87","","","2026-08-11","","Refurbished · Free shipping"
"ebay-item-800488208742","Maestro Media Binding of Isaac Four Souls Promo Card ""It Lives!"" Mint","https://dealdesk.fyi/deals/ebay-item-800488208742/","eBay","Collectibles","true","2026-08-11","2026-08-11","2026-08-11","$340.00","340","","","2026-08-11","","Pre-Owned · Free shipping"
"ebay-item-800489103999","1940 Superman #54 RESCUE FROM THE FLAMES - PSA 3 - SCARCE HIGH NUMBER -🔥ARTWORK","https://dealdesk.fyi/deals/ebay-item-800489103999/","eBay","Collectibles","true","2026-08-11","2026-08-11","2026-08-11","$2000.00","2000","","","2026-08-11","","Free shipping"
"ebay-item-800489963146","Panini Donruss Optic UFC 2023 Jon Jones #1 Downtown! Insert Base MMA","https://dealdesk.fyi/deals/ebay-item-800489963146/","eBay","Sports collectibles","true","2026-08-11","2026-08-11","2026-08-11","$405.00","405","","","2026-08-11","","Pre-Owned"
"ebay-item-800490285085","Panini Three Count WWE 2024 ""Stone Cold"" Steve Austin Downtown #15 Insert","https://dealdesk.fyi/deals/ebay-item-800490285085/","eBay","Sports collectibles","true","2026-08-11","2026-08-11","2026-08-11","$262.78","262.78","","","2026-08-11","","Pre-Owned"
"ebay-item-800490501016","Fleer 1990 Fleer Scottie Pippen #30 Chicago Bulls NBA rare error Card 1989-90","https://dealdesk.fyi/deals/ebay-item-800490501016/","eBay","Sports collectibles","true","2026-08-11","2026-08-11","2026-08-11","$567.89","567.89","","","2026-08-11","","Pre-Owned"
"ebay-item-800490595594","Collector's Edge Impulse '98 Kobe Bryant #41 Checklist Lakers NBA 1998 Card","https://dealdesk.fyi/deals/ebay-item-800490595594/","eBay","Sports collectibles","true","2026-08-11","2026-08-11","2026-08-11","$324.81","324.81","","","2026-08-11","","Pre-Owned"
"ebay-item-800490630947","SkyBox 1997-98 Z-Force Kobe Bryant Base #195 Los Angeles Lakers NBA Card","https://dealdesk.fyi/deals/ebay-item-800490630947/","eBay","Sports collectibles","true","2026-08-11","2026-08-11","2026-08-11","$824.81","824.81","","","2026-08-11","","Pre-Owned"
"rakuten-sensibo-air-room-sensor-20260803","Sensibo Air + Room Sensor","https://dealdesk.fyi/deals/rakuten-sensibo-air-room-sensor/","Sensibo","Home","true","2026-08-03","2026-08-03","2026-08-03","$159.00","159","$229.00","229","2026-08-03","","Single kit · New · In stock"
