"deal_id","url","title_tag","primary_query","secondary_queries","value_score","merchant_path","comparison_path"
"cj-nordvpn-2-year-20260801","https://dealdesk.fyi/deals/cj-nordvpn-2-year/","NordVPN Basic 2-year plan deal: $3.49/mo, 69% off | DealDesk","NordVPN Basic 2-year plan deal","NordVPN Basic 2-year plan price | NordVPN Basic 2-year plan discount | NordVPN NordVPN Basic 2-year plan","77","/merchant/nordvpn/",""
"cj-magzter-gold-annual-50off-20260803","https://dealdesk.fyi/deals/cj-magzter-gold-annual-50off/","Magzter GOLD annual subscription deal: $74.99, 50% off | DealDesk","Magzter GOLD annual subscription deal","Magzter GOLD annual subscription price | Magzter GOLD annual subscription discount | Magzter Magzter GOLD annual subscription","81","/merchant/magzter/",""
"amazon-prime-young-adults-20260801","https://dealdesk.fyi/deals/amazon-prime-young-adults/","Prime for Young Adults — 6-month $0 trial deal: $0, 50% off | DealDesk","Prime for Young Adults — 6-month $0 trial deal","Prime for Young Adults — 6-month $0 trial price | Prime for Young Adults — 6-month $0 trial discount | Amazon Prime Prime for Young Adults — 6-month $0 trial","77","/merchants/",""
"cj-proton-vpn-plus-2-year-70off-20260804","https://dealdesk.fyi/deals/cj-proton-vpn-plus-2-year-70off/","Proton VPN Plus 2-year plan deal: $71.76, 70% off | DealDesk","Proton VPN Plus 2-year plan deal","Proton VPN Plus 2-year plan price | Proton VPN Plus 2-year plan discount | Proton VPN Proton VPN Plus 2-year plan","81","/merchant/proton-vpn/",""
"cj-surfshark-starter-20260801","https://dealdesk.fyi/deals/cj-surfshark-starter/","Surfshark Starter 24-month plan deal: $2.49/mo, 85% off | DealDesk","Surfshark Starter 24-month plan deal","Surfshark Starter 24-month plan price | Surfshark Starter 24-month plan discount | Surfshark Surfshark Starter 24-month plan","77","/merchant/surfshark/",""
"rakuten-sensibo-air-room-sensor-20260803","https://dealdesk.fyi/deals/rakuten-sensibo-air-room-sensor/","Sensibo Air + Room Sensor deal: $159.00, 31% off | DealDesk","Sensibo Air + Room Sensor deal","Sensibo Air + Room Sensor price | Sensibo Air + Room Sensor discount | Sensibo Sensibo Air + Room Sensor","79","/merchant/sensibo/",""
"amazon-audible-standard-trial-20260801","https://dealdesk.fyi/deals/amazon-audible-standard-trial/","Audible Standard — 30-day free trial deal: $0 | DealDesk","Audible Standard — 30-day free trial deal","Audible Standard — 30-day free trial price | Audible Standard — 30-day free trial discount | Audible Audible Standard — 30-day free trial","65","/merchants/",""
"cj-nordpass-premium-20260801","https://dealdesk.fyi/deals/cj-nordpass-premium/","NordPass Premium 2-year plan deal: $1.39/mo, 53% off | DealDesk","NordPass Premium 2-year plan deal","NordPass Premium 2-year plan price | NordPass Premium 2-year plan discount | NordPass NordPass Premium 2-year plan","77","/merchant/nordpass/",""
"cj-curiositystream-standard-monthly-20260811","https://dealdesk.fyi/deals/cj-curiositystream-standard-monthly/","CuriosityStream Standard — $5.99/month deal: $5.99/mo | DealDesk","CuriosityStream Standard — $5.99/month deal","CuriosityStream Standard — $5.99/month price | CuriosityStream Standard — $5.99/month discount | CuriosityStream CuriosityStream Standard — $5.99/month","61","/merchant/curiositystream/",""
"amazon-kindle-unlimited-two-months-20260801","https://dealdesk.fyi/deals/amazon-kindle-unlimited-two-months/","Kindle Unlimited — 2 months for $0.99 deal: $0.99, 96% off | DealDesk","Kindle Unlimited — 2 months for $0.99 deal","Kindle Unlimited — 2 months for $0.99 price | Kindle Unlimited — 2 months for $0.99 discount | Kindle Unlimited Kindle Unlimited — 2 months for $0.99","77","/merchants/",""
"amazon-kids-plus-trial-20260801","https://dealdesk.fyi/deals/amazon-kids-plus-trial/","Amazon Kids+ — 1-month free trial deal: $0 | DealDesk","Amazon Kids+ — 1-month free trial deal","Amazon Kids+ — 1-month free trial price | Amazon Kids+ — 1-month free trial discount | Amazon Kids+ Amazon Kids+ — 1-month free trial","65","/merchants/",""
"amazon-music-unlimited-20260731","https://dealdesk.fyi/deals/amazon-music-unlimited/","Amazon Music Unlimited trial or membership deal: $11.99/mo | DealDesk","Amazon Music Unlimited trial or membership deal","Amazon Music Unlimited trial or membership price | Amazon Music Unlimited trial or membership discount | Amazon Music Unlimited Amazon Music Unlimited trial or membership","57","/merchants/",""
"amazon-prime-video-channels-paid-20260731","https://dealdesk.fyi/deals/amazon-prime-video-channels-paid/","Prime Video Channels — trials and subscriptions deal: See terms | DealDesk","Prime Video Channels — trials and subscriptions deal","Prime Video Channels — trials and subscriptions price | Prime Video Channels — trials and subscriptions discount | Prime Video Channels Prime Video Channels — trials and subscriptions","45","/merchants/",""
"amazon-prime-video-free-trial-20260731","https://dealdesk.fyi/deals/amazon-prime-video-free-trial/","Prime trial with Prime Video — eligible customers deal: See terms | DealDesk","Prime trial with Prime Video — eligible customers deal","Prime trial with Prime Video — eligible customers price | Prime trial with Prime Video — eligible customers discount | Amazon Prime Video Prime trial with Prime Video — eligible customers","45","/merchants/",""
"ebay-item-314274037776","https://dealdesk.fyi/deals/ebay-item-314274037776/","SimpliSafe 6 Piece Wireless Home Security System - White deal: $49.99, 82% off | DealDesk","SimpliSafe 6 Piece Wireless Home Security System - White deal","SimpliSafe 6 Piece Wireless Home Security System - White price | SimpliSafe 6 Piece Wireless Home Security System - White discount | eBay SimpliSafe 6 Piece Wireless Home Security System - White","90","/merchant/ebay/",""
"amazon-B07D5DN269-20260801","https://dealdesk.fyi/deals/amazon-b07d5dn269/","Niagara queen cooling mattress topper deal: $37.89, 46% off | DealDesk","Niagara queen cooling mattress topper deal","Niagara queen cooling mattress topper price | Niagara queen cooling mattress topper discount | Amazon Niagara queen cooling mattress topper","68","/merchant/amazon/",""
"ebay-item-137021591561","https://dealdesk.fyi/deals/ebay-item-137021591561/","Star Wars Micro Galaxy Squadron Ghost with Mini Figures deal: $16.00, 73% off | DealDesk","Star Wars Micro Galaxy Squadron Ghost with Mini Figures deal","Star Wars Micro Galaxy Squadron Ghost with Mini Figures price | Star Wars Micro Galaxy Squadron Ghost with Mini Figures discount | eBay Star Wars Micro Galaxy Squadron Ghost with Mini Figures","84","/merchant/ebay/",""
"amazon-B0BJZ9GT1J-20260801","https://dealdesk.fyi/deals/amazon-b0bjz9gt1j/","True Classic men's T-shirts, 6-pack deal: $89.99, 25% off | DealDesk","True Classic men's T-shirts, 6-pack deal","True Classic men's T-shirts, 6-pack price | True Classic men's T-shirts, 6-pack discount | Amazon True Classic men's T-shirts, 6-pack","68","/merchant/amazon/",""
"ebay-item-136085045308","https://dealdesk.fyi/deals/ebay-item-136085045308/","Arlo VMC3060-100NAR Essential 2ndGen 2K Indoor Single Cam-Certified Refurbished deal: $14.28, 86% off | DealDesk","Arlo VMC3060-100NAR Essential 2ndGen 2K Indoor Single Cam-Certified Refurbished deal","Arlo VMC3060-100NAR Essential 2ndGen 2K Indoor Single Cam-Certified Refurbished price | Arlo VMC3060-100NAR Essential 2ndGen 2K Indoor Single Cam-Certified Refurbished discount | eBay Arlo VMC3060-100NAR Essential 2ndGen 2K Indoor Single Cam-Certified Refurbished","90","/merchant/ebay/",""
"amazon-B0DSP8J476-20260801","https://dealdesk.fyi/deals/amazon-b0dsp8j476/","Roborock Qrevo S5V robot vacuum and mop deal: $499.98, 44% off | DealDesk","Roborock Qrevo S5V robot vacuum and mop deal","Roborock Qrevo S5V robot vacuum and mop price | Roborock Qrevo S5V robot vacuum and mop discount | Amazon Roborock Qrevo S5V robot vacuum and mop","68","/merchant/amazon/",""
"ebay-item-331693050907","https://dealdesk.fyi/deals/ebay-item-331693050907/","Makita HP2050-R 6.6 Amp 3/4"" Corded Hammer Drill Certified Refurbished deal: $88.19, 66% off | DealDesk","Makita HP2050-R 6.6 Amp 3/4"" Corded Hammer Drill Certified Refurbished deal","Makita HP2050-R 6.6 Amp 3/4"" Corded Hammer Drill Certified Refurbished price | Makita HP2050-R 6.6 Amp 3/4"" Corded Hammer Drill Certified Refurbished discount | eBay Makita HP2050-R 6.6 Amp 3/4"" Corded Hammer Drill Certified Refurbished","90","/merchant/ebay/",""
"amazon-B07MJL8NXR-20260801","https://dealdesk.fyi/deals/amazon-b07mjl8nxr/","Premier Protein chocolate shakes, 12-pack deal: $27.99, 12% off | DealDesk","Premier Protein chocolate shakes, 12-pack deal","Premier Protein chocolate shakes, 12-pack price | Premier Protein chocolate shakes, 12-pack discount | Amazon Premier Protein chocolate shakes, 12-pack","64","/merchant/amazon/",""
"ebay-item-306983192651","https://dealdesk.fyi/deals/ebay-item-306983192651/","Mission LX-6 MKII 6.5"" 3-Way Floor Standing Home Audio Tower Speaker in Black deal: $214.00, 82% off | DealDesk","Mission LX-6 MKII 6.5"" 3-Way Floor Standing Home Audio Tower Speaker in Black deal","Mission LX-6 MKII 6.5"" 3-Way Floor Standing Home Audio Tower Speaker in Black price | Mission LX-6 MKII 6.5"" 3-Way Floor Standing Home Audio Tower Speaker in Black discount | eBay Mission LX-6 MKII 6.5"" 3-Way Floor Standing Home Audio Tower Speaker in Black","90","/merchant/ebay/",""
"amazon-B0DGF616XN-20260801","https://dealdesk.fyi/deals/amazon-b0dgf616xn/","Heavy-duty moving bags, 6-pack deal: $23.98, 40% off | DealDesk","Heavy-duty moving bags, 6-pack deal","Heavy-duty moving bags, 6-pack price | Heavy-duty moving bags, 6-pack discount | Amazon Heavy-duty moving bags, 6-pack","68","/merchant/amazon/",""
"ebay-item-276668818214","https://dealdesk.fyi/deals/ebay-item-276668818214/","Dyson V8 Absolute Cordless Vacuum | Silver/Nickel | Refurbished deal: $199.99, 66% off | DealDesk","Dyson V8 Absolute Cordless Vacuum | Silver/Nickel | Refurbished deal","Dyson V8 Absolute Cordless Vacuum | Silver/Nickel | Refurbished price | Dyson V8 Absolute Cordless Vacuum | Silver/Nickel | Refurbished discount | eBay Dyson V8 Absolute Cordless Vacuum | Silver/Nickel | Refurbished","100","/merchant/ebay/","/compare/dyson-v8/"
"amazon-B00JH98GR4-20260801","https://dealdesk.fyi/deals/amazon-b00jh98gr4/","Shark Navigator Lift-Away vacuum deal: $149.00, 25% off | DealDesk","Shark Navigator Lift-Away vacuum deal","Shark Navigator Lift-Away vacuum price | Shark Navigator Lift-Away vacuum discount | Amazon Shark Navigator Lift-Away vacuum","68","/merchant/amazon/",""
"ebay-item-366564086957","https://dealdesk.fyi/deals/ebay-item-366564086957/","HP EliteBook 840 G8 i5-1145G7 16GB RAM 256GB SSD Windows 11 Pro deal: $239.99, 83% off | DealDesk","HP EliteBook 840 G8 i5-1145G7 16GB RAM 256GB SSD Windows 11 Pro deal","HP EliteBook 840 G8 i5-1145G7 16GB RAM 256GB SSD Windows 11 Pro price | HP EliteBook 840 G8 i5-1145G7 16GB RAM 256GB SSD Windows 11 Pro discount | eBay HP EliteBook 840 G8 i5-1145G7 16GB RAM 256GB SSD Windows 11 Pro","90","/merchant/ebay/",""
"amazon-B0GT2DG9SK-20260801","https://dealdesk.fyi/deals/amazon-b0gt2dg9sk/","Dyson V8 cordless vacuum deal: $299.99, 23% off | DealDesk","Dyson V8 cordless vacuum deal","Dyson V8 cordless vacuum price | Dyson V8 cordless vacuum discount | Amazon Dyson V8 cordless vacuum","74","/merchant/amazon/","/compare/dyson-v8/"
"ebay-item-294169926707","https://dealdesk.fyi/deals/ebay-item-294169926707/","Makita XT268T 18V LXT Li-Ion Brushless 2-Piece Combo Kit (Certified Refurbished) deal: $340.44, 65% off | DealDesk","Makita XT268T 18V LXT Li-Ion Brushless 2-Piece Combo Kit (Certified Refurbished) deal","Makita XT268T 18V LXT Li-Ion Brushless 2-Piece Combo Kit (Certified Refurbished) price | Makita XT268T 18V LXT Li-Ion Brushless 2-Piece Combo Kit (Certified Refurbished) discount | eBay Makita XT268T 18V LXT Li-Ion Brushless 2-Piece Combo Kit (Certified Refurbished)","90","/merchant/ebay/",""
"amazon-B07VVK39F7-20260801","https://dealdesk.fyi/deals/amazon-b07vvk39f7/","Levoit Core 300 air purifier deal: $84.99, 15% off | DealDesk","Levoit Core 300 air purifier deal","Levoit Core 300 air purifier price | Levoit Core 300 air purifier discount | Amazon Levoit Core 300 air purifier","64","/merchant/amazon/",""
"ebay-item-366347496626","https://dealdesk.fyi/deals/ebay-item-366347496626/","HP EliteBook 745 G6 14"" Ryzen 5 PRO 16GB 512GB SSD Win11 Pro FPR deal: $229.99, 84% off | DealDesk","HP EliteBook 745 G6 14"" Ryzen 5 PRO 16GB 512GB SSD Win11 Pro FPR deal","HP EliteBook 745 G6 14"" Ryzen 5 PRO 16GB 512GB SSD Win11 Pro FPR price | HP EliteBook 745 G6 14"" Ryzen 5 PRO 16GB 512GB SSD Win11 Pro FPR discount | eBay HP EliteBook 745 G6 14"" Ryzen 5 PRO 16GB 512GB SSD Win11 Pro FPR","90","/merchant/ebay/",""
"amazon-B0CP1LR1PW-20260801","https://dealdesk.fyi/deals/amazon-b0cp1lr1pw/","Zinus 5-inch twin memory-foam mattress deal: $67.00, 11% off | DealDesk","Zinus 5-inch twin memory-foam mattress deal","Zinus 5-inch twin memory-foam mattress price | Zinus 5-inch twin memory-foam mattress discount | Amazon Zinus 5-inch twin memory-foam mattress","64","/merchant/amazon/",""
"ebay-item-278212908333","https://dealdesk.fyi/deals/ebay-item-278212908333/","Dyson V8 Cordless Vacuum | Silver | Refurbished deal: $189.99, 65% off | DealDesk","Dyson V8 Cordless Vacuum | Silver | Refurbished deal","Dyson V8 Cordless Vacuum | Silver | Refurbished price | Dyson V8 Cordless Vacuum | Silver | Refurbished discount | eBay Dyson V8 Cordless Vacuum | Silver | Refurbished","100","/merchant/ebay/","/compare/dyson-v8/"
"amazon-B01MSP50CY-20260801","https://dealdesk.fyi/deals/amazon-b01msp50cy/","Filterbuy 16×25×1 air filters, 4-pack deal: $31.46, 10% off | DealDesk","Filterbuy 16×25×1 air filters, 4-pack deal","Filterbuy 16×25×1 air filters, 4-pack price | Filterbuy 16×25×1 air filters, 4-pack discount | Amazon Filterbuy 16×25×1 air filters, 4-pack","57","/merchant/amazon/",""
"ebay-item-366583705767","https://dealdesk.fyi/deals/ebay-item-366583705767/","Lenovo ThinkPad 14"" 16GB 512GB, Black deal: $252.00, 81% off | DealDesk","Lenovo ThinkPad 14"" 16GB 512GB, Black deal","Lenovo ThinkPad 14"" 16GB 512GB, Black price | Lenovo ThinkPad 14"" 16GB 512GB, Black discount | eBay Lenovo ThinkPad 14"" 16GB 512GB, Black","90","/merchant/ebay/",""
"ebay-item-366391212919","https://dealdesk.fyi/deals/ebay-item-366391212919/","Lenovo ThinkPad T14s G2 i5‑1135G7 8GB RAM 512GB SSD Windows 11 Pro deal: $259.99, 83% off | DealDesk","Lenovo ThinkPad T14s G2 i5‑1135G7 8GB RAM 512GB SSD Windows 11 Pro deal","Lenovo ThinkPad T14s G2 i5‑1135G7 8GB RAM 512GB SSD Windows 11 Pro price | Lenovo ThinkPad T14s G2 i5‑1135G7 8GB RAM 512GB SSD Windows 11 Pro discount | eBay Lenovo ThinkPad T14s G2 i5‑1135G7 8GB RAM 512GB SSD Windows 11 Pro","100","/merchant/ebay/","/compare/lenovo-thinkpad-t14s/"
"ebay-item-376847356927","https://dealdesk.fyi/deals/ebay-item-376847356927/","2020 Apple MacBook Pro 13"" i7 2.3GHz/32GB/512GB - (Space Gray) A2251 w/Warranty deal: $394.66, 80% off | DealDesk","2020 Apple MacBook Pro 13"" i7 2.3GHz/32GB/512GB - (Space Gray) A2251 w/Warranty deal","2020 Apple MacBook Pro 13"" i7 2.3GHz/32GB/512GB - (Space Gray) A2251 w/Warranty price | 2020 Apple MacBook Pro 13"" i7 2.3GHz/32GB/512GB - (Space Gray) A2251 w/Warranty discount | eBay 2020 Apple MacBook Pro 13"" i7 2.3GHz/32GB/512GB - (Space Gray) A2251 w/Warranty","90","/merchant/ebay/",""
"ebay-item-366583705779","https://dealdesk.fyi/deals/ebay-item-366583705779/","Dell Latitude 7320 13.3"" i7-1185G7 16GB 512GB SSD Win11 Pro Laptop deal: $264.99, 82% off | DealDesk","Dell Latitude 7320 13.3"" i7-1185G7 16GB 512GB SSD Win11 Pro Laptop deal","Dell Latitude 7320 13.3"" i7-1185G7 16GB 512GB SSD Win11 Pro Laptop price | Dell Latitude 7320 13.3"" i7-1185G7 16GB 512GB SSD Win11 Pro Laptop discount | eBay Dell Latitude 7320 13.3"" i7-1185G7 16GB 512GB SSD Win11 Pro Laptop","90","/merchant/ebay/",""
"ebay-item-366373129773","https://dealdesk.fyi/deals/ebay-item-366373129773/","Dell Latitude 7490 Touch – i7‑8650U, 16GB, 512GB SSD, Win11 Pro deal: $239.99, 92% off | DealDesk","Dell Latitude 7490 Touch – i7‑8650U, 16GB, 512GB SSD, Win11 Pro deal","Dell Latitude 7490 Touch – i7‑8650U, 16GB, 512GB SSD, Win11 Pro price | Dell Latitude 7490 Touch – i7‑8650U, 16GB, 512GB SSD, Win11 Pro discount | eBay Dell Latitude 7490 Touch – i7‑8650U, 16GB, 512GB SSD, Win11 Pro","90","/merchant/ebay/",""
"ebay-item-254987231741-554895524528","https://dealdesk.fyi/deals/ebay-item-254987231741-554895524528/","Samsung Galaxy S21 5G 128GB G991U Unlocked - Good deal: $128.99, 84% off | DealDesk","Samsung Galaxy S21 5G 128GB G991U Unlocked - Good deal","Samsung Galaxy S21 5G 128GB G991U Unlocked - Good price | Samsung Galaxy S21 5G 128GB G991U Unlocked - Good discount | eBay Samsung Galaxy S21 5G 128GB G991U Unlocked - Good","100","/merchant/ebay/","/compare/samsung-galaxy-s21/"
"ebay-item-255803826545-555925514141","https://dealdesk.fyi/deals/ebay-item-255803826545-555925514141/","Samsung Galaxy S22+ 128GB S906U Unlocked - Good deal: $161.99, 84% off | DealDesk","Samsung Galaxy S22+ 128GB S906U Unlocked - Good deal","Samsung Galaxy S22+ 128GB S906U Unlocked - Good price | Samsung Galaxy S22+ 128GB S906U Unlocked - Good discount | eBay Samsung Galaxy S22+ 128GB S906U Unlocked - Good","100","/merchant/ebay/","/compare/samsung-galaxy-s22/"
"ebay-item-255865325274-555803153093","https://dealdesk.fyi/deals/ebay-item-255865325274-555803153093/","Samsung Galaxy S22 128GB S901U Unlocked - Good deal: $147.99, 82% off | DealDesk","Samsung Galaxy S22 128GB S901U Unlocked - Good deal","Samsung Galaxy S22 128GB S901U Unlocked - Good price | Samsung Galaxy S22 128GB S901U Unlocked - Good discount | eBay Samsung Galaxy S22 128GB S901U Unlocked - Good","100","/merchant/ebay/","/compare/samsung-galaxy-s22/"
"ebay-item-127239280933","https://dealdesk.fyi/deals/ebay-item-127239280933/","Samsung Galaxy S22 Purple 128GB Good - Refurbished - Unlocked deal: $138.86, 83% off | DealDesk","Samsung Galaxy S22 Purple 128GB Good - Refurbished - Unlocked deal","Samsung Galaxy S22 Purple 128GB Good - Refurbished - Unlocked price | Samsung Galaxy S22 Purple 128GB Good - Refurbished - Unlocked discount | eBay Samsung Galaxy S22 Purple 128GB Good - Refurbished - Unlocked","100","/merchant/ebay/","/compare/samsung-galaxy-s22/"
"ebay-item-254986400075-554895531579","https://dealdesk.fyi/deals/ebay-item-254986400075-554895531579/","Samsung Galaxy S21 5G 128GB G991U Unlocked - Very Good deal: $147.99, 82% off | DealDesk","Samsung Galaxy S21 5G 128GB G991U Unlocked - Very Good deal","Samsung Galaxy S21 5G 128GB G991U Unlocked - Very Good price | Samsung Galaxy S21 5G 128GB G991U Unlocked - Very Good discount | eBay Samsung Galaxy S21 5G 128GB G991U Unlocked - Very Good","100","/merchant/ebay/","/compare/samsung-galaxy-s21/"
"ebay-item-127913124849","https://dealdesk.fyi/deals/ebay-item-127913124849/","Samsung Galaxy S22 128GB Phantom Black Unlocked Very Good deal: $156.77, 80% off | DealDesk","Samsung Galaxy S22 128GB Phantom Black Unlocked Very Good deal","Samsung Galaxy S22 128GB Phantom Black Unlocked Very Good price | Samsung Galaxy S22 128GB Phantom Black Unlocked Very Good discount | eBay Samsung Galaxy S22 128GB Phantom Black Unlocked Very Good","100","/merchant/ebay/","/compare/samsung-galaxy-s22/"
"ebay-item-127199857496","https://dealdesk.fyi/deals/ebay-item-127199857496/","Samsung Galaxy S22+ Green 128 Good - Refurbished - Unlocked deal: $161.14, 84% off | DealDesk","Samsung Galaxy S22+ Green 128 Good - Refurbished - Unlocked deal","Samsung Galaxy S22+ Green 128 Good - Refurbished - Unlocked price | Samsung Galaxy S22+ Green 128 Good - Refurbished - Unlocked discount | eBay Samsung Galaxy S22+ Green 128 Good - Refurbished - Unlocked","100","/merchant/ebay/","/compare/samsung-galaxy-s22/"
"ebay-item-255788146958-555925658945","https://dealdesk.fyi/deals/ebay-item-255788146958-555925658945/","Samsung Galaxy S22+ 128GB S906U Unlocked - Very Good deal: $189.99, 81% off | DealDesk","Samsung Galaxy S22+ 128GB S906U Unlocked - Very Good deal","Samsung Galaxy S22+ 128GB S906U Unlocked - Very Good price | Samsung Galaxy S22+ 128GB S906U Unlocked - Very Good discount | eBay Samsung Galaxy S22+ 128GB S906U Unlocked - Very Good","100","/merchant/ebay/","/compare/samsung-galaxy-s22/"
"ebay-item-255883394766-556399764072","https://dealdesk.fyi/deals/ebay-item-255883394766-556399764072/","Samsung Galaxy S21 Ultra 5G 128GB G998U Unlocked - Good deal: $219.99, 82% off | DealDesk","Samsung Galaxy S21 Ultra 5G 128GB G998U Unlocked - Good deal","Samsung Galaxy S21 Ultra 5G 128GB G998U Unlocked - Good price | Samsung Galaxy S21 Ultra 5G 128GB G998U Unlocked - Good discount | eBay Samsung Galaxy S21 Ultra 5G 128GB G998U Unlocked - Good","90","/merchant/ebay/",""
"ebay-item-286014554031","https://dealdesk.fyi/deals/ebay-item-286014554031/","Snakebyte GamePad Pro X Controller for Xbox Series X and PC (White) deal: $19.09, 85% off | DealDesk","Snakebyte GamePad Pro X Controller for Xbox Series X and PC (White) deal","Snakebyte GamePad Pro X Controller for Xbox Series X and PC (White) price | Snakebyte GamePad Pro X Controller for Xbox Series X and PC (White) discount | eBay Snakebyte GamePad Pro X Controller for Xbox Series X and PC (White)","90","/merchant/ebay/",""
"ebay-item-255352036778","https://dealdesk.fyi/deals/ebay-item-255352036778/","Acer ENDURO N7 - 14"" Laptop Intel Core i5-8250U 1.6GHz 8GB RAM 256GB SSD W10P deal: $650.99, 79% off | DealDesk","Acer ENDURO N7 - 14"" Laptop Intel Core i5-8250U 1.6GHz 8GB RAM 256GB SSD W10P deal","Acer ENDURO N7 - 14"" Laptop Intel Core i5-8250U 1.6GHz 8GB RAM 256GB SSD W10P price | Acer ENDURO N7 - 14"" Laptop Intel Core i5-8250U 1.6GHz 8GB RAM 256GB SSD W10P discount | eBay Acer ENDURO N7 - 14"" Laptop Intel Core i5-8250U 1.6GHz 8GB RAM 256GB SSD W10P","90","/merchant/ebay/",""
"ebay-item-366318093435","https://dealdesk.fyi/deals/ebay-item-366318093435/","Lenovo ThinkPad 14"" 16GB 512GB, Black deal: $300.00, 77% off | DealDesk","Lenovo ThinkPad 14"" 16GB 512GB, Black deal","Lenovo ThinkPad 14"" 16GB 512GB, Black price | Lenovo ThinkPad 14"" 16GB 512GB, Black discount | eBay Lenovo ThinkPad 14"" 16GB 512GB, Black","90","/merchant/ebay/",""
"ebay-item-256459409583-556607550211","https://dealdesk.fyi/deals/ebay-item-256459409583-556607550211/","Samsung Galaxy S22 Ultra 256GB S908U Unlocked - Good deal: $304.99, 77% off | DealDesk","Samsung Galaxy S22 Ultra 256GB S908U Unlocked - Good deal","Samsung Galaxy S22 Ultra 256GB S908U Unlocked - Good price | Samsung Galaxy S22 Ultra 256GB S908U Unlocked - Good discount | eBay Samsung Galaxy S22 Ultra 256GB S908U Unlocked - Good","90","/merchant/ebay/",""
"ebay-item-127709044208-428869292267","https://dealdesk.fyi/deals/ebay-item-127709044208-428869292267/","iPhone 12 64GB Unlocked Excellent All Colors deal: $182.12, 77% off | DealDesk","iPhone 12 64GB Unlocked Excellent All Colors deal","iPhone 12 64GB Unlocked Excellent All Colors price | iPhone 12 64GB Unlocked Excellent All Colors discount | eBay iPhone 12 64GB Unlocked Excellent All Colors","90","/merchant/ebay/",""
"ebay-item-265677881274","https://dealdesk.fyi/deals/ebay-item-265677881274/","Acer X28 28"" Gaming Monitor 4K UHD 3840x2160 IPS 1ms 400Nit VESA Refurbished deal: $232.49, 77% off | DealDesk","Acer X28 28"" Gaming Monitor 4K UHD 3840x2160 IPS 1ms 400Nit VESA Refurbished deal","Acer X28 28"" Gaming Monitor 4K UHD 3840x2160 IPS 1ms 400Nit VESA Refurbished price | Acer X28 28"" Gaming Monitor 4K UHD 3840x2160 IPS 1ms 400Nit VESA Refurbished discount | eBay Acer X28 28"" Gaming Monitor 4K UHD 3840x2160 IPS 1ms 400Nit VESA Refurbished","90","/merchant/ebay/",""
"ebay-item-366567534769","https://dealdesk.fyi/deals/ebay-item-366567534769/","HP EliteBook x360 1040 G8 14"" 32GB 512GB, Silver deal: $399.99, 76% off | DealDesk","HP EliteBook x360 1040 G8 14"" 32GB 512GB, Silver deal","HP EliteBook x360 1040 G8 14"" 32GB 512GB, Silver price | HP EliteBook x360 1040 G8 14"" 32GB 512GB, Silver discount | eBay HP EliteBook x360 1040 G8 14"" 32GB 512GB, Silver","90","/merchant/ebay/",""
"ebay-item-276222120862","https://dealdesk.fyi/deals/ebay-item-276222120862/","Acer Vero B7 23.8"" Widescreen Monitor 1920x1080 100Hz 4ms Refurbished deal: $64.90, 75% off | DealDesk","Acer Vero B7 23.8"" Widescreen Monitor 1920x1080 100Hz 4ms Refurbished deal","Acer Vero B7 23.8"" Widescreen Monitor 1920x1080 100Hz 4ms Refurbished price | Acer Vero B7 23.8"" Widescreen Monitor 1920x1080 100Hz 4ms Refurbished discount | eBay Acer Vero B7 23.8"" Widescreen Monitor 1920x1080 100Hz 4ms Refurbished","90","/merchant/ebay/",""
"ebay-item-256372465052-556454234750","https://dealdesk.fyi/deals/ebay-item-256372465052-556454234750/","Samsung Galaxy S23 128GB S911U Unlocked - Good deal: $209.99, 74% off | DealDesk","Samsung Galaxy S23 128GB S911U Unlocked - Good deal","Samsung Galaxy S23 128GB S911U Unlocked - Good price | Samsung Galaxy S23 128GB S911U Unlocked - Good discount | eBay Samsung Galaxy S23 128GB S911U Unlocked - Good","100","/merchant/ebay/","/compare/samsung-galaxy-s23/"
"ebay-item-256372558330-556609785242","https://dealdesk.fyi/deals/ebay-item-256372558330-556609785242/","Samsung Galaxy S23+ 256GB S916U Unlocked - Good deal: $257.99, 74% off | DealDesk","Samsung Galaxy S23+ 256GB S916U Unlocked - Good deal","Samsung Galaxy S23+ 256GB S916U Unlocked - Good price | Samsung Galaxy S23+ 256GB S916U Unlocked - Good discount | eBay Samsung Galaxy S23+ 256GB S916U Unlocked - Good","100","/merchant/ebay/","/compare/samsung-galaxy-s23/"
"ebay-item-235915448446","https://dealdesk.fyi/deals/ebay-item-235915448446/","Lifelong G70 15.6"" FHD 1080p 60Hz 6ms Portable Monitor w/ USB-C and Mini HDMI deal: $33.99, 74% off | DealDesk","Lifelong G70 15.6"" FHD 1080p 60Hz 6ms Portable Monitor w/ USB-C and Mini HDMI deal","Lifelong G70 15.6"" FHD 1080p 60Hz 6ms Portable Monitor w/ USB-C and Mini HDMI price | Lifelong G70 15.6"" FHD 1080p 60Hz 6ms Portable Monitor w/ USB-C and Mini HDMI discount | eBay Lifelong G70 15.6"" FHD 1080p 60Hz 6ms Portable Monitor w/ USB-C and Mini HDMI","90","/merchant/ebay/",""
"ebay-item-136874754558","https://dealdesk.fyi/deals/ebay-item-136874754558/","JBL Link 300 Wi-Fi Bluetooth Voice-Active Speaker, White - Certified Refurbished deal: $66.50, 73% off | DealDesk","JBL Link 300 Wi-Fi Bluetooth Voice-Active Speaker, White - Certified Refurbished deal","JBL Link 300 Wi-Fi Bluetooth Voice-Active Speaker, White - Certified Refurbished price | JBL Link 300 Wi-Fi Bluetooth Voice-Active Speaker, White - Certified Refurbished discount | eBay JBL Link 300 Wi-Fi Bluetooth Voice-Active Speaker, White - Certified Refurbished","90","/merchant/ebay/",""
"ebay-item-366347568583","https://dealdesk.fyi/deals/ebay-item-366347568583/","Lenovo Thinkpad T14 Gen 1 14"" 16GB 512GB, Black deal: $240.00, 73% off | DealDesk","Lenovo Thinkpad T14 Gen 1 14"" 16GB 512GB, Black deal","Lenovo Thinkpad T14 Gen 1 14"" 16GB 512GB, Black price | Lenovo Thinkpad T14 Gen 1 14"" 16GB 512GB, Black discount | eBay Lenovo Thinkpad T14 Gen 1 14"" 16GB 512GB, Black","100","/merchant/ebay/","/compare/lenovo-thinkpad-t14/"
"ebay-item-256413667885-556528799834","https://dealdesk.fyi/deals/ebay-item-256413667885-556528799834/","Samsung Galaxy S23 Ultra 512GB S918U Unlocked - Good deal: $390.99, 72% off | DealDesk","Samsung Galaxy S23 Ultra 512GB S918U Unlocked - Good deal","Samsung Galaxy S23 Ultra 512GB S918U Unlocked - Good price | Samsung Galaxy S23 Ultra 512GB S918U Unlocked - Good discount | eBay Samsung Galaxy S23 Ultra 512GB S918U Unlocked - Good","100","/merchant/ebay/","/compare/samsung-galaxy-s23-ultra/"
"ebay-item-276151052436","https://dealdesk.fyi/deals/ebay-item-276151052436/","Acer Predator XB273U 27""Gaming Monitor 360Hz 2560x1440 NVIDIA G-Sync Refurbished deal: $306.89, 72% off | DealDesk","Acer Predator XB273U 27""Gaming Monitor 360Hz 2560x1440 NVIDIA G-Sync Refurbished deal","Acer Predator XB273U 27""Gaming Monitor 360Hz 2560x1440 NVIDIA G-Sync Refurbished price | Acer Predator XB273U 27""Gaming Monitor 360Hz 2560x1440 NVIDIA G-Sync Refurbished discount | eBay Acer Predator XB273U 27""Gaming Monitor 360Hz 2560x1440 NVIDIA G-Sync Refurbished","90","/merchant/ebay/",""
"ebay-item-386178100457","https://dealdesk.fyi/deals/ebay-item-386178100457/","eufy eufyCam3 Wireless Solar Security Camera System 4K Outdoor Cam Local Storage deal: $199.99, 71% off | DealDesk","eufy eufyCam3 Wireless Solar Security Camera System 4K Outdoor Cam Local Storage deal","eufy eufyCam3 Wireless Solar Security Camera System 4K Outdoor Cam Local Storage price | eufy eufyCam3 Wireless Solar Security Camera System 4K Outdoor Cam Local Storage discount | eBay eufy eufyCam3 Wireless Solar Security Camera System 4K Outdoor Cam Local Storage","90","/merchant/ebay/",""
"ebay-item-306385527233","https://dealdesk.fyi/deals/ebay-item-306385527233/","DJI FPV Drone Aircraft and Camera only-Certified Refurbished deal: $382.80, 71% off | DealDesk","DJI FPV Drone Aircraft and Camera only-Certified Refurbished deal","DJI FPV Drone Aircraft and Camera only-Certified Refurbished price | DJI FPV Drone Aircraft and Camera only-Certified Refurbished discount | eBay DJI FPV Drone Aircraft and Camera only-Certified Refurbished","90","/merchant/ebay/",""
"ebay-item-256372450471-556454356899","https://dealdesk.fyi/deals/ebay-item-256372450471-556454356899/","Samsung Galaxy S23 128GB S911U Unlocked - Very Good deal: $237.99, 70% off | DealDesk","Samsung Galaxy S23 128GB S911U Unlocked - Very Good deal","Samsung Galaxy S23 128GB S911U Unlocked - Very Good price | Samsung Galaxy S23 128GB S911U Unlocked - Very Good discount | eBay Samsung Galaxy S23 128GB S911U Unlocked - Very Good","100","/merchant/ebay/","/compare/samsung-galaxy-s23/"
"ebay-item-256484189096-556659162343","https://dealdesk.fyi/deals/ebay-item-256484189096-556659162343/","Samsung Galaxy S23 FE 128GB S711U Unlocked - Good deal: $190.99, 70% off | DealDesk","Samsung Galaxy S23 FE 128GB S711U Unlocked - Good deal","Samsung Galaxy S23 FE 128GB S711U Unlocked - Good price | Samsung Galaxy S23 FE 128GB S711U Unlocked - Good discount | eBay Samsung Galaxy S23 FE 128GB S711U Unlocked - Good","100","/merchant/ebay/","/compare/samsung-galaxy-s23/"
"ebay-item-266621700826","https://dealdesk.fyi/deals/ebay-item-266621700826/","Acer Vero - 21.5in Monitor FHD 1920x1080 100Hz 4ms 250Nit Refurbished deal: $83.69, 70% off | DealDesk","Acer Vero - 21.5in Monitor FHD 1920x1080 100Hz 4ms 250Nit Refurbished deal","Acer Vero - 21.5in Monitor FHD 1920x1080 100Hz 4ms 250Nit Refurbished price | Acer Vero - 21.5in Monitor FHD 1920x1080 100Hz 4ms 250Nit Refurbished discount | eBay Acer Vero - 21.5in Monitor FHD 1920x1080 100Hz 4ms 250Nit Refurbished","90","/merchant/ebay/",""
"ebay-item-256613651818-556880821709","https://dealdesk.fyi/deals/ebay-item-256613651818-556880821709/","Samsung Galaxy S23 Ultra 512GB S918U Unlocked - Very Good deal: $427.99, 69% off | DealDesk","Samsung Galaxy S23 Ultra 512GB S918U Unlocked - Very Good deal","Samsung Galaxy S23 Ultra 512GB S918U Unlocked - Very Good price | Samsung Galaxy S23 Ultra 512GB S918U Unlocked - Very Good discount | eBay Samsung Galaxy S23 Ultra 512GB S918U Unlocked - Very Good","100","/merchant/ebay/","/compare/samsung-galaxy-s23-ultra/"
"ebay-item-256460585805-556609999488","https://dealdesk.fyi/deals/ebay-item-256460585805-556609999488/","Samsung Galaxy S23 Ultra 256GB S918U Unlocked - Good deal: $371.99, 69% off | DealDesk","Samsung Galaxy S23 Ultra 256GB S918U Unlocked - Good deal","Samsung Galaxy S23 Ultra 256GB S918U Unlocked - Good price | Samsung Galaxy S23 Ultra 256GB S918U Unlocked - Good discount | eBay Samsung Galaxy S23 Ultra 256GB S918U Unlocked - Good","100","/merchant/ebay/","/compare/samsung-galaxy-s23-ultra/"
"ebay-item-256372271129-556453888063","https://dealdesk.fyi/deals/ebay-item-256372271129-556453888063/","Samsung Galaxy S23 128GB S911U Unlocked - Excellent deal: $255.99, 68% off | DealDesk","Samsung Galaxy S23 128GB S911U Unlocked - Excellent deal","Samsung Galaxy S23 128GB S911U Unlocked - Excellent price | Samsung Galaxy S23 128GB S911U Unlocked - Excellent discount | eBay Samsung Galaxy S23 128GB S911U Unlocked - Excellent","100","/merchant/ebay/","/compare/samsung-galaxy-s23/"
"ebay-item-375369057245","https://dealdesk.fyi/deals/ebay-item-375369057245/","Apple iPhone 13 6.1"" A2482 Unlocked w/128GB (Blue) - Good deal: $253.23, 68% off | DealDesk","Apple iPhone 13 6.1"" A2482 Unlocked w/128GB (Blue) - Good deal","Apple iPhone 13 6.1"" A2482 Unlocked w/128GB (Blue) - Good price | Apple iPhone 13 6.1"" A2482 Unlocked w/128GB (Blue) - Good discount | eBay Apple iPhone 13 6.1"" A2482 Unlocked w/128GB (Blue) - Good","100","/merchant/ebay/","/compare/apple-iphone-13/"
"ebay-item-386708690658","https://dealdesk.fyi/deals/ebay-item-386708690658/","eufy S220 SoloCam Solar Security Camera 2K Wireless Outdoor Cam 2-Cam |Refurbish deal: $76.49, 67% off | DealDesk","eufy S220 SoloCam Solar Security Camera 2K Wireless Outdoor Cam 2-Cam |Refurbish deal","eufy S220 SoloCam Solar Security Camera 2K Wireless Outdoor Cam 2-Cam |Refurbish price | eufy S220 SoloCam Solar Security Camera 2K Wireless Outdoor Cam 2-Cam |Refurbish discount | eBay eufy S220 SoloCam Solar Security Camera 2K Wireless Outdoor Cam 2-Cam |Refurbish","100","/merchant/ebay/","/compare/eufy-220-solocam-solar/"
"ebay-item-384568329176","https://dealdesk.fyi/deals/ebay-item-384568329176/","eufy 2K Solar Security Cameras Wireless Outdoor Spotlight SoloCam S230 (2Pack) deal: $99.99, 67% off | DealDesk","eufy 2K Solar Security Cameras Wireless Outdoor Spotlight SoloCam S230 (2Pack) deal","eufy 2K Solar Security Cameras Wireless Outdoor Spotlight SoloCam S230 (2Pack) price | eufy 2K Solar Security Cameras Wireless Outdoor Spotlight SoloCam S230 (2Pack) discount | eBay eufy 2K Solar Security Cameras Wireless Outdoor Spotlight SoloCam S230 (2Pack)","90","/merchant/ebay/",""
"ebay-item-298525924864","https://dealdesk.fyi/deals/ebay-item-298525924864/","Lenovo ThinkPad T14s Gen 3 14-In WUXGA Intel Core i7-1265U 32GB 512GB Win 11 Pro deal: $629.99, 67% off | DealDesk","Lenovo ThinkPad T14s Gen 3 14-In WUXGA Intel Core i7-1265U 32GB 512GB Win 11 Pro deal","Lenovo ThinkPad T14s Gen 3 14-In WUXGA Intel Core i7-1265U 32GB 512GB Win 11 Pro price | Lenovo ThinkPad T14s Gen 3 14-In WUXGA Intel Core i7-1265U 32GB 512GB Win 11 Pro discount | eBay Lenovo ThinkPad T14s Gen 3 14-In WUXGA Intel Core i7-1265U 32GB 512GB Win 11 Pro","100","/merchant/ebay/","/compare/lenovo-thinkpad-t14s/"
"ebay-item-256482045980-556654595690","https://dealdesk.fyi/deals/ebay-item-256482045980-556654595690/","Samsung Galaxy S23 Ultra 512GB S918U Unlocked - Excellent deal: $454.99, 67% off | DealDesk","Samsung Galaxy S23 Ultra 512GB S918U Unlocked - Excellent deal","Samsung Galaxy S23 Ultra 512GB S918U Unlocked - Excellent price | Samsung Galaxy S23 Ultra 512GB S918U Unlocked - Excellent discount | eBay Samsung Galaxy S23 Ultra 512GB S918U Unlocked - Excellent","100","/merchant/ebay/","/compare/samsung-galaxy-s23-ultra/"
"ebay-item-256484189078-556659354822","https://dealdesk.fyi/deals/ebay-item-256484189078-556659354822/","Samsung Galaxy S23 FE 128GB S711U Unlocked - Very Good deal: $208.99, 67% off | DealDesk","Samsung Galaxy S23 FE 128GB S711U Unlocked - Very Good deal","Samsung Galaxy S23 FE 128GB S711U Unlocked - Very Good price | Samsung Galaxy S23 FE 128GB S711U Unlocked - Very Good discount | eBay Samsung Galaxy S23 FE 128GB S711U Unlocked - Very Good","100","/merchant/ebay/","/compare/samsung-galaxy-s23/"
"ebay-item-389724326128","https://dealdesk.fyi/deals/ebay-item-389724326128/","eufy S220 SoloCam Solar Security Camera 2K Wi-Fi Wireless Outdoor |Refurb deal: $45.59, 65% off | DealDesk","eufy S220 SoloCam Solar Security Camera 2K Wi-Fi Wireless Outdoor |Refurb deal","eufy S220 SoloCam Solar Security Camera 2K Wi-Fi Wireless Outdoor |Refurb price | eufy S220 SoloCam Solar Security Camera 2K Wi-Fi Wireless Outdoor |Refurb discount | eBay eufy S220 SoloCam Solar Security Camera 2K Wi-Fi Wireless Outdoor |Refurb","100","/merchant/ebay/","/compare/eufy-220-solocam-solar/"
"ebay-item-385745139003","https://dealdesk.fyi/deals/ebay-item-385745139003/","eufy eufyCam 3 Security Camera System 4K Outdoor Wireless Camera w/ Solar Panel deal: $189.99, 65% off | DealDesk","eufy eufyCam 3 Security Camera System 4K Outdoor Wireless Camera w/ Solar Panel deal","eufy eufyCam 3 Security Camera System 4K Outdoor Wireless Camera w/ Solar Panel price | eufy eufyCam 3 Security Camera System 4K Outdoor Wireless Camera w/ Solar Panel discount | eBay eufy eufyCam 3 Security Camera System 4K Outdoor Wireless Camera w/ Solar Panel","90","/merchant/ebay/",""
"ebay-item-256379350806-556605231630","https://dealdesk.fyi/deals/ebay-item-256379350806-556605231630/","Samsung Galaxy S23 Ultra 256GB S918U Unlocked - Excellent deal: $416.99, 65% off | DealDesk","Samsung Galaxy S23 Ultra 256GB S918U Unlocked - Excellent deal","Samsung Galaxy S23 Ultra 256GB S918U Unlocked - Excellent price | Samsung Galaxy S23 Ultra 256GB S918U Unlocked - Excellent discount | eBay Samsung Galaxy S23 Ultra 256GB S918U Unlocked - Excellent","100","/merchant/ebay/","/compare/samsung-galaxy-s23-ultra/"
"ebay-item-265185441009","https://dealdesk.fyi/deals/ebay-item-265185441009/","Acer Predator Cestus 350 Wireless Gaming Mouse deal: $45.56, 65% off | DealDesk","Acer Predator Cestus 350 Wireless Gaming Mouse deal","Acer Predator Cestus 350 Wireless Gaming Mouse price | Acer Predator Cestus 350 Wireless Gaming Mouse discount | eBay Acer Predator Cestus 350 Wireless Gaming Mouse","90","/merchant/ebay/",""
"ebay-item-800334636251","https://dealdesk.fyi/deals/ebay-item-800334636251/","JLab Epic Party 100W Portable Bluetooth Speaker RGB LED IP56 Black Excellent deal: $81.99, 64% off | DealDesk","JLab Epic Party 100W Portable Bluetooth Speaker RGB LED IP56 Black Excellent deal","JLab Epic Party 100W Portable Bluetooth Speaker RGB LED IP56 Black Excellent price | JLab Epic Party 100W Portable Bluetooth Speaker RGB LED IP56 Black Excellent discount | eBay JLab Epic Party 100W Portable Bluetooth Speaker RGB LED IP56 Black Excellent","90","/merchant/ebay/",""
"ebay-item-145739285648","https://dealdesk.fyi/deals/ebay-item-145739285648/","Apple M1 MacBook Air 13"" 8GB 128GB (Space Gray) 2020 A2337 - w/1 Year Warranty deal: $356.41, 64% off | DealDesk","Apple M1 MacBook Air 13"" 8GB 128GB (Space Gray) 2020 A2337 - w/1 Year Warranty deal","Apple M1 MacBook Air 13"" 8GB 128GB (Space Gray) 2020 A2337 - w/1 Year Warranty price | Apple M1 MacBook Air 13"" 8GB 128GB (Space Gray) 2020 A2337 - w/1 Year Warranty discount | eBay Apple M1 MacBook Air 13"" 8GB 128GB (Space Gray) 2020 A2337 - w/1 Year Warranty","90","/merchant/ebay/",""
"ebay-item-127888507110","https://dealdesk.fyi/deals/ebay-item-127888507110/","Samsung Galaxy S24 SM-S921U 128GB Onyx Black Unlocked Good deal: $290.07, 64% off | DealDesk","Samsung Galaxy S24 SM-S921U 128GB Onyx Black Unlocked Good deal","Samsung Galaxy S24 SM-S921U 128GB Onyx Black Unlocked Good price | Samsung Galaxy S24 SM-S921U 128GB Onyx Black Unlocked Good discount | eBay Samsung Galaxy S24 SM-S921U 128GB Onyx Black Unlocked Good","100","/merchant/ebay/","/compare/samsung-galaxy-s24/"
"ebay-item-257169528820-557807697277","https://dealdesk.fyi/deals/ebay-item-257169528820-557807697277/","Samsung Galaxy S24+ 512GB S926U Unlocked - Good deal: $399.99, 64% off | DealDesk","Samsung Galaxy S24+ 512GB S926U Unlocked - Good deal","Samsung Galaxy S24+ 512GB S926U Unlocked - Good price | Samsung Galaxy S24+ 512GB S926U Unlocked - Good discount | eBay Samsung Galaxy S24+ 512GB S926U Unlocked - Good","100","/merchant/ebay/","/compare/samsung-galaxy-s24/"
"ebay-item-276646642466","https://dealdesk.fyi/deals/ebay-item-276646642466/","Dyson TP4A Pure Cool™ tower purifier fan | White/Silver | Refurbished deal: $199.99, 64% off | DealDesk","Dyson TP4A Pure Cool™ tower purifier fan | White/Silver | Refurbished deal","Dyson TP4A Pure Cool™ tower purifier fan | White/Silver | Refurbished price | Dyson TP4A Pure Cool™ tower purifier fan | White/Silver | Refurbished discount | eBay Dyson TP4A Pure Cool™ tower purifier fan | White/Silver | Refurbished","90","/merchant/ebay/",""
"ebay-item-256652847329-557536210133","https://dealdesk.fyi/deals/ebay-item-256652847329-557536210133/","Samsung Galaxy S24 Ultra 512GB S928U Unlocked - Good deal: $523.99, 63% off | DealDesk","Samsung Galaxy S24 Ultra 512GB S928U Unlocked - Good deal","Samsung Galaxy S24 Ultra 512GB S928U Unlocked - Good price | Samsung Galaxy S24 Ultra 512GB S928U Unlocked - Good discount | eBay Samsung Galaxy S24 Ultra 512GB S928U Unlocked - Good","100","/merchant/ebay/","/compare/samsung-galaxy-s24-ultra/"
"ebay-item-284356610245","https://dealdesk.fyi/deals/ebay-item-284356610245/","WX744L.9 Worx 20V MAKERX Wood & Metal Crafter - Battery / Hub Not Included-CR deal: $29.99, 63% off | DealDesk","WX744L.9 Worx 20V MAKERX Wood & Metal Crafter - Battery / Hub Not Included-CR deal","WX744L.9 Worx 20V MAKERX Wood & Metal Crafter - Battery / Hub Not Included-CR price | WX744L.9 Worx 20V MAKERX Wood & Metal Crafter - Battery / Hub Not Included-CR discount | eBay WX744L.9 Worx 20V MAKERX Wood & Metal Crafter - Battery / Hub Not Included-CR","90","/merchant/ebay/",""
"ebay-item-286094942833","https://dealdesk.fyi/deals/ebay-item-286094942833/","Makita AF506-R 18-Gauge 2"" Pneumatic Brad Nailer Certified Refurbished deal: $74.47, 63% off | DealDesk","Makita AF506-R 18-Gauge 2"" Pneumatic Brad Nailer Certified Refurbished deal","Makita AF506-R 18-Gauge 2"" Pneumatic Brad Nailer Certified Refurbished price | Makita AF506-R 18-Gauge 2"" Pneumatic Brad Nailer Certified Refurbished discount | eBay Makita AF506-R 18-Gauge 2"" Pneumatic Brad Nailer Certified Refurbished","90","/merchant/ebay/",""
"ebay-item-277131242978","https://dealdesk.fyi/deals/ebay-item-277131242978/","Dyson SV25 V8 Extra Cordless Vacuum | Purple | Refurbished deal: $199.99, 63% off | DealDesk","Dyson SV25 V8 Extra Cordless Vacuum | Purple | Refurbished deal","Dyson SV25 V8 Extra Cordless Vacuum | Purple | Refurbished price | Dyson SV25 V8 Extra Cordless Vacuum | Purple | Refurbished discount | eBay Dyson SV25 V8 Extra Cordless Vacuum | Purple | Refurbished","90","/merchant/ebay/",""
"ebay-item-266458531387","https://dealdesk.fyi/deals/ebay-item-266458531387/","Acer Veriton Z6 - 23.8"" AIO Intel Core i7-11700 2.50GHz 16GB RAM 512GB SSD W10P deal: $504.98, 63% off | DealDesk","Acer Veriton Z6 - 23.8"" AIO Intel Core i7-11700 2.50GHz 16GB RAM 512GB SSD W10P deal","Acer Veriton Z6 - 23.8"" AIO Intel Core i7-11700 2.50GHz 16GB RAM 512GB SSD W10P price | Acer Veriton Z6 - 23.8"" AIO Intel Core i7-11700 2.50GHz 16GB RAM 512GB SSD W10P discount | eBay Acer Veriton Z6 - 23.8"" AIO Intel Core i7-11700 2.50GHz 16GB RAM 512GB SSD W10P","90","/merchant/ebay/",""
"ebay-item-385156665188","https://dealdesk.fyi/deals/ebay-item-385156665188/","eufy SoloCam S220 Solar Security Camera 2K Wireless Outdoor Cam Human Detection deal: $49.99, 62% off | DealDesk","eufy SoloCam S220 Solar Security Camera 2K Wireless Outdoor Cam Human Detection deal","eufy SoloCam S220 Solar Security Camera 2K Wireless Outdoor Cam Human Detection price | eufy SoloCam S220 Solar Security Camera 2K Wireless Outdoor Cam Human Detection discount | eBay eufy SoloCam S220 Solar Security Camera 2K Wireless Outdoor Cam Human Detection","90","/merchant/ebay/",""
"ebay-item-386731459272","https://dealdesk.fyi/deals/ebay-item-386731459272/","eufy Security 10000 mAh Rechargeable Battery for S330 3-in-1 Video Smart Lock deal: $22.99, 62% off | DealDesk","eufy Security 10000 mAh Rechargeable Battery for S330 3-in-1 Video Smart Lock deal","eufy Security 10000 mAh Rechargeable Battery for S330 3-in-1 Video Smart Lock price | eufy Security 10000 mAh Rechargeable Battery for S330 3-in-1 Video Smart Lock discount | eBay eufy Security 10000 mAh Rechargeable Battery for S330 3-in-1 Video Smart Lock","90","/merchant/ebay/",""
"ebay-item-136085045718","https://dealdesk.fyi/deals/ebay-item-136085045718/","Arlo VMC3250-100NAR Essential 2nd Gen 2K, 2-cam, White - Certified Refurbished deal: $57.13, 62% off | DealDesk","Arlo VMC3250-100NAR Essential 2nd Gen 2K, 2-cam, White - Certified Refurbished deal","Arlo VMC3250-100NAR Essential 2nd Gen 2K, 2-cam, White - Certified Refurbished price | Arlo VMC3250-100NAR Essential 2nd Gen 2K, 2-cam, White - Certified Refurbished discount | eBay Arlo VMC3250-100NAR Essential 2nd Gen 2K, 2-cam, White - Certified Refurbished","90","/merchant/ebay/",""
"ebay-item-366578844919","https://dealdesk.fyi/deals/ebay-item-366578844919/","Lenovo Thinkpad T14 Gen 2 14"" 16GB 512GB, Black deal: $320.99, 62% off | DealDesk","Lenovo Thinkpad T14 Gen 2 14"" 16GB 512GB, Black deal","Lenovo Thinkpad T14 Gen 2 14"" 16GB 512GB, Black price | Lenovo Thinkpad T14 Gen 2 14"" 16GB 512GB, Black discount | eBay Lenovo Thinkpad T14 Gen 2 14"" 16GB 512GB, Black","100","/merchant/ebay/","/compare/lenovo-thinkpad-t14/"
"ebay-item-298044051654","https://dealdesk.fyi/deals/ebay-item-298044051654/","Lenovo ThinkPad X9-14 Gen 1 Aura 14"" 2.8K OLED Touch Ultra 7 268V 32GB 1TB FPR deal: $1,239.00, 62% off | DealDesk","Lenovo ThinkPad X9-14 Gen 1 Aura 14"" 2.8K OLED Touch Ultra 7 268V 32GB 1TB FPR deal","Lenovo ThinkPad X9-14 Gen 1 Aura 14"" 2.8K OLED Touch Ultra 7 268V 32GB 1TB FPR price | Lenovo ThinkPad X9-14 Gen 1 Aura 14"" 2.8K OLED Touch Ultra 7 268V 32GB 1TB FPR discount | eBay Lenovo ThinkPad X9-14 Gen 1 Aura 14"" 2.8K OLED Touch Ultra 7 268V 32GB 1TB FPR","90","/merchant/ebay/",""
"ebay-item-256628617125-557473583241","https://dealdesk.fyi/deals/ebay-item-256628617125-557473583241/","Samsung Galaxy S24 Ultra 256GB S928U Unlocked - Good deal: $499.99, 62% off | DealDesk","Samsung Galaxy S24 Ultra 256GB S928U Unlocked - Good deal","Samsung Galaxy S24 Ultra 256GB S928U Unlocked - Good price | Samsung Galaxy S24 Ultra 256GB S928U Unlocked - Good discount | eBay Samsung Galaxy S24 Ultra 256GB S928U Unlocked - Good","100","/merchant/ebay/","/compare/samsung-galaxy-s24-ultra/"
"ebay-item-325433972802","https://dealdesk.fyi/deals/ebay-item-325433972802/","Yugioh Power of the Elements Factory Sealed Booster Box Unlimited deal: $37.95, 62% off | DealDesk","Yugioh Power of the Elements Factory Sealed Booster Box Unlimited deal","Yugioh Power of the Elements Factory Sealed Booster Box Unlimited price | Yugioh Power of the Elements Factory Sealed Booster Box Unlimited discount | eBay Yugioh Power of the Elements Factory Sealed Booster Box Unlimited","84","/merchant/ebay/",""
"ebay-item-383934385527","https://dealdesk.fyi/deals/ebay-item-383934385527/","eufy SoloCam S220 Wireless Home Security System 2K Outdoor Cameras Solar Powered deal: $149.99, 61% off | DealDesk","eufy SoloCam S220 Wireless Home Security System 2K Outdoor Cameras Solar Powered deal","eufy SoloCam S220 Wireless Home Security System 2K Outdoor Cameras Solar Powered price | eufy SoloCam S220 Wireless Home Security System 2K Outdoor Cameras Solar Powered discount | eBay eufy SoloCam S220 Wireless Home Security System 2K Outdoor Cameras Solar Powered","90","/merchant/ebay/",""
"ebay-item-365800690523","https://dealdesk.fyi/deals/ebay-item-365800690523/","Samsung B-series HW-B400F 2.0 Channel Soundbar with Built in Subwoofer Black deal: $66.99, 61% off | DealDesk","Samsung B-series HW-B400F 2.0 Channel Soundbar with Built in Subwoofer Black deal","Samsung B-series HW-B400F 2.0 Channel Soundbar with Built in Subwoofer Black price | Samsung B-series HW-B400F 2.0 Channel Soundbar with Built in Subwoofer Black discount | eBay Samsung B-series HW-B400F 2.0 Channel Soundbar with Built in Subwoofer Black","90","/merchant/ebay/",""
"ebay-item-235913969816","https://dealdesk.fyi/deals/ebay-item-235913969816/","VIZIO All-in-One 2.1 ch Soundbar w/ Dolby Atmos in Black, HDMI eARC - SV210D-080 deal: $69.99, 61% off | DealDesk","VIZIO All-in-One 2.1 ch Soundbar w/ Dolby Atmos in Black, HDMI eARC - SV210D-080 deal","VIZIO All-in-One 2.1 ch Soundbar w/ Dolby Atmos in Black, HDMI eARC - SV210D-080 price | VIZIO All-in-One 2.1 ch Soundbar w/ Dolby Atmos in Black, HDMI eARC - SV210D-080 discount | eBay VIZIO All-in-One 2.1 ch Soundbar w/ Dolby Atmos in Black, HDMI eARC - SV210D-080","90","/merchant/ebay/",""
"ebay-item-206389565564","https://dealdesk.fyi/deals/ebay-item-206389565564/","Saramonic Blink 500 B2+ 2-Person Wireless Clip-On Mic System USB-C & Lightning deal: $49.88, 61% off | DealDesk","Saramonic Blink 500 B2+ 2-Person Wireless Clip-On Mic System USB-C & Lightning deal","Saramonic Blink 500 B2+ 2-Person Wireless Clip-On Mic System USB-C & Lightning price | Saramonic Blink 500 B2+ 2-Person Wireless Clip-On Mic System USB-C & Lightning discount | eBay Saramonic Blink 500 B2+ 2-Person Wireless Clip-On Mic System USB-C & Lightning","90","/merchant/ebay/",""
"ebay-item-366403371482","https://dealdesk.fyi/deals/ebay-item-366403371482/","HP EliteBook 14"" 16GB 512GB, Aluminum deal: $249.99, 61% off | DealDesk","HP EliteBook 14"" 16GB 512GB, Aluminum deal","HP EliteBook 14"" 16GB 512GB, Aluminum price | HP EliteBook 14"" 16GB 512GB, Aluminum discount | eBay HP EliteBook 14"" 16GB 512GB, Aluminum","90","/merchant/ebay/",""
"ebay-item-256763827585-557447036033","https://dealdesk.fyi/deals/ebay-item-256763827585-557447036033/","Samsung Galaxy S24 128GB S921U Unlocked - Good deal: $309.99, 61% off | DealDesk","Samsung Galaxy S24 128GB S921U Unlocked - Good deal","Samsung Galaxy S24 128GB S921U Unlocked - Good price | Samsung Galaxy S24 128GB S921U Unlocked - Good discount | eBay Samsung Galaxy S24 128GB S921U Unlocked - Good","100","/merchant/ebay/","/compare/samsung-galaxy-s24/"
"ebay-item-304789955111-603807317957","https://dealdesk.fyi/deals/ebay-item-304789955111-603807317957/","Apple iPhone 14 256GB Factory Unlocked AT&T T-Mobile Verizon Excellent Condition deal: $352.09, 61% off | DealDesk","Apple iPhone 14 256GB Factory Unlocked AT&T T-Mobile Verizon Excellent Condition deal","Apple iPhone 14 256GB Factory Unlocked AT&T T-Mobile Verizon Excellent Condition price | Apple iPhone 14 256GB Factory Unlocked AT&T T-Mobile Verizon Excellent Condition discount | eBay Apple iPhone 14 256GB Factory Unlocked AT&T T-Mobile Verizon Excellent Condition","100","/merchant/ebay/","/compare/apple-iphone-14/"
"ebay-item-395704383345","https://dealdesk.fyi/deals/ebay-item-395704383345/","Games Workshop Warhammer 40k Codex: Space Marines 9th Edition Hardcover Book deal: $9.74, 61% off | DealDesk","Games Workshop Warhammer 40k Codex: Space Marines 9th Edition Hardcover Book deal","Games Workshop Warhammer 40k Codex: Space Marines 9th Edition Hardcover Book price | Games Workshop Warhammer 40k Codex: Space Marines 9th Edition Hardcover Book discount | eBay Games Workshop Warhammer 40k Codex: Space Marines 9th Edition Hardcover Book","84","/merchant/ebay/",""
"ebay-item-386708545260","https://dealdesk.fyi/deals/ebay-item-386708545260/","eufy SoloCam S3 Solar Wireless Security Camera 360°PTZ 3K Dual-Cam Night Vision deal: $79.99, 60% off | DealDesk","eufy SoloCam S3 Solar Wireless Security Camera 360°PTZ 3K Dual-Cam Night Vision deal","eufy SoloCam S3 Solar Wireless Security Camera 360°PTZ 3K Dual-Cam Night Vision price | eufy SoloCam S3 Solar Wireless Security Camera 360°PTZ 3K Dual-Cam Night Vision discount | eBay eufy SoloCam S3 Solar Wireless Security Camera 360°PTZ 3K Dual-Cam Night Vision","90","/merchant/ebay/",""
"ebay-item-389351941751","https://dealdesk.fyi/deals/ebay-item-389351941751/","eufy S220 SoloCam 2K Solar Security Camera Wireless Outdoor Camera Wi-Fi 4-Cam deal: $159.99, 60% off | DealDesk","eufy S220 SoloCam 2K Solar Security Camera Wireless Outdoor Camera Wi-Fi 4-Cam deal","eufy S220 SoloCam 2K Solar Security Camera Wireless Outdoor Camera Wi-Fi 4-Cam price | eufy S220 SoloCam 2K Solar Security Camera Wireless Outdoor Camera Wi-Fi 4-Cam discount | eBay eufy S220 SoloCam 2K Solar Security Camera Wireless Outdoor Camera Wi-Fi 4-Cam","100","/merchant/ebay/","/compare/eufy-220-solocam-solar/"
"ebay-item-325916033737","https://dealdesk.fyi/deals/ebay-item-325916033737/","Marvel's Spider-Man: Miles Morales - PlayStation 4 deal: $19.99, 60% off | DealDesk","Marvel's Spider-Man: Miles Morales - PlayStation 4 deal","Marvel's Spider-Man: Miles Morales - PlayStation 4 price | Marvel's Spider-Man: Miles Morales - PlayStation 4 discount | eBay Marvel's Spider-Man: Miles Morales - PlayStation 4","81","/merchant/ebay/",""
"ebay-item-127912674651-429107314917","https://dealdesk.fyi/deals/ebay-item-127912674651-429107314917/","Apple iPhone 13 Mini A2628 128GB Unlocked Good Condition All Colors deal: $200.40, 60% off | DealDesk","Apple iPhone 13 Mini A2628 128GB Unlocked Good Condition All Colors deal","Apple iPhone 13 Mini A2628 128GB Unlocked Good Condition All Colors price | Apple iPhone 13 Mini A2628 128GB Unlocked Good Condition All Colors discount | eBay Apple iPhone 13 Mini A2628 128GB Unlocked Good Condition All Colors","100","/merchant/ebay/","/compare/apple-iphone-13-mini/"
"ebay-item-206294420212","https://dealdesk.fyi/deals/ebay-item-206294420212/","Funko Bitty POP! Display: Pixar Ball Figure deal: $12.00, 60% off | DealDesk","Funko Bitty POP! Display: Pixar Ball Figure deal","Funko Bitty POP! Display: Pixar Ball Figure price | Funko Bitty POP! Display: Pixar Ball Figure discount | eBay Funko Bitty POP! Display: Pixar Ball Figure","84","/merchant/ebay/",""
"ebay-item-178372447811","https://dealdesk.fyi/deals/ebay-item-178372447811/","Funko Bitty POP! Display: Pixar Ball Figure deal: $12.00, 60% off | DealDesk","Funko Bitty POP! Display: Pixar Ball Figure deal","Funko Bitty POP! Display: Pixar Ball Figure price | Funko Bitty POP! Display: Pixar Ball Figure discount | eBay Funko Bitty POP! Display: Pixar Ball Figure","90","/merchant/ebay/",""
"ebay-item-285380809169","https://dealdesk.fyi/deals/ebay-item-285380809169/","Makita AN454-R 1-3/4"" Pneumatic Coil Roofing Nailer Certified Refurbished deal: $169.00, 60% off | DealDesk","Makita AN454-R 1-3/4"" Pneumatic Coil Roofing Nailer Certified Refurbished deal","Makita AN454-R 1-3/4"" Pneumatic Coil Roofing Nailer Certified Refurbished price | Makita AN454-R 1-3/4"" Pneumatic Coil Roofing Nailer Certified Refurbished discount | eBay Makita AN454-R 1-3/4"" Pneumatic Coil Roofing Nailer Certified Refurbished","90","/merchant/ebay/",""
"ebay-item-277426426361","https://dealdesk.fyi/deals/ebay-item-277426426361/","Dyson Purifier Humidify+Cool Formaldehyde™ PH04 | White/Gold | Refurbished deal: $399.99, 60% off | DealDesk","Dyson Purifier Humidify+Cool Formaldehyde™ PH04 | White/Gold | Refurbished deal","Dyson Purifier Humidify+Cool Formaldehyde™ PH04 | White/Gold | Refurbished price | Dyson Purifier Humidify+Cool Formaldehyde™ PH04 | White/Gold | Refurbished discount | eBay Dyson Purifier Humidify+Cool Formaldehyde™ PH04 | White/Gold | Refurbished","90","/merchant/ebay/",""
"ebay-item-277197518830","https://dealdesk.fyi/deals/ebay-item-277197518830/","Dyson SV25 V8 Extra Cordless Vacuum | Red | Refurbished deal: $199.99, 60% off | DealDesk","Dyson SV25 V8 Extra Cordless Vacuum | Red | Refurbished deal","Dyson SV25 V8 Extra Cordless Vacuum | Red | Refurbished price | Dyson SV25 V8 Extra Cordless Vacuum | Red | Refurbished discount | eBay Dyson SV25 V8 Extra Cordless Vacuum | Red | Refurbished","90","/merchant/ebay/",""
"ebay-item-277667740756","https://dealdesk.fyi/deals/ebay-item-277667740756/","Dyson PH02 Pure Humidify + Cool Cryptomic™ | Gunmetal/Bronze | Refurbished deal: $359.99, 60% off | DealDesk","Dyson PH02 Pure Humidify + Cool Cryptomic™ | Gunmetal/Bronze | Refurbished deal","Dyson PH02 Pure Humidify + Cool Cryptomic™ | Gunmetal/Bronze | Refurbished price | Dyson PH02 Pure Humidify + Cool Cryptomic™ | Gunmetal/Bronze | Refurbished discount | eBay Dyson PH02 Pure Humidify + Cool Cryptomic™ | Gunmetal/Bronze | Refurbished","90","/merchant/ebay/",""
"ebay-item-277946898910","https://dealdesk.fyi/deals/ebay-item-277946898910/","V11 Outsize Cordless Vacuum Cleaner | Red | Refurbished deal: $339.99, 60% off | DealDesk","V11 Outsize Cordless Vacuum Cleaner | Red | Refurbished deal","V11 Outsize Cordless Vacuum Cleaner | Red | Refurbished price | V11 Outsize Cordless Vacuum Cleaner | Red | Refurbished discount | eBay V11 Outsize Cordless Vacuum Cleaner | Red | Refurbished","90","/merchant/ebay/",""
"ebay-item-277861113726","https://dealdesk.fyi/deals/ebay-item-277861113726/","SV16 V11 Outsize Cordless Vacuum Cleaner | Nickel | Refurbished deal: $339.99, 60% off | DealDesk","SV16 V11 Outsize Cordless Vacuum Cleaner | Nickel | Refurbished deal","SV16 V11 Outsize Cordless Vacuum Cleaner | Nickel | Refurbished price | SV16 V11 Outsize Cordless Vacuum Cleaner | Nickel | Refurbished discount | eBay SV16 V11 Outsize Cordless Vacuum Cleaner | Nickel | Refurbished","90","/merchant/ebay/",""
"ebay-item-384518689755","https://dealdesk.fyi/deals/ebay-item-384518689755/","eufy Add-on Camera 4K Outdoor Solar Panel Security Camera for eufyCam 3 |Refurb deal: $89.99, 59% off | DealDesk","eufy Add-on Camera 4K Outdoor Solar Panel Security Camera for eufyCam 3 |Refurb deal","eufy Add-on Camera 4K Outdoor Solar Panel Security Camera for eufyCam 3 |Refurb price | eufy Add-on Camera 4K Outdoor Solar Panel Security Camera for eufyCam 3 |Refurb discount | eBay eufy Add-on Camera 4K Outdoor Solar Panel Security Camera for eufyCam 3 |Refurb","90","/merchant/ebay/",""
"ebay-item-284362942742","https://dealdesk.fyi/deals/ebay-item-284362942742/","WX739L.9 Worx 20V MAKERX Rotary Tool Kit - Battery / Hub Not included CR deal: $34.99, 59% off | DealDesk","WX739L.9 Worx 20V MAKERX Rotary Tool Kit - Battery / Hub Not included CR deal","WX739L.9 Worx 20V MAKERX Rotary Tool Kit - Battery / Hub Not included CR price | WX739L.9 Worx 20V MAKERX Rotary Tool Kit - Battery / Hub Not included CR discount | eBay WX739L.9 Worx 20V MAKERX Rotary Tool Kit - Battery / Hub Not included CR","90","/merchant/ebay/",""
"ebay-item-335796235049","https://dealdesk.fyi/deals/ebay-item-335796235049/","Makita XDT18SY1B-R 18V LXT Cordless Impact Driver Certified Refurbished deal: $122.49, 59% off | DealDesk","Makita XDT18SY1B-R 18V LXT Cordless Impact Driver Certified Refurbished deal","Makita XDT18SY1B-R 18V LXT Cordless Impact Driver Certified Refurbished price | Makita XDT18SY1B-R 18V LXT Cordless Impact Driver Certified Refurbished discount | eBay Makita XDT18SY1B-R 18V LXT Cordless Impact Driver Certified Refurbished","90","/merchant/ebay/",""
"ebay-item-266458531325","https://dealdesk.fyi/deals/ebay-item-266458531325/","Acer Veriton Z6- 23.8in AIO Intel i5 2.7GHz 16GB 512GB SSD Refurbished deal: $497.54, 59% off | DealDesk","Acer Veriton Z6- 23.8in AIO Intel i5 2.7GHz 16GB 512GB SSD Refurbished deal","Acer Veriton Z6- 23.8in AIO Intel i5 2.7GHz 16GB 512GB SSD Refurbished price | Acer Veriton Z6- 23.8in AIO Intel i5 2.7GHz 16GB 512GB SSD Refurbished discount | eBay Acer Veriton Z6- 23.8in AIO Intel i5 2.7GHz 16GB 512GB SSD Refurbished","90","/merchant/ebay/",""
"ebay-item-376851029790","https://dealdesk.fyi/deals/ebay-item-376851029790/","2022 Apple M2 MacBook Air 13.6"" 8GB/256GB SSD - (Space Gray) A2681 w/Warranty deal: $501.02, 58% off | DealDesk","2022 Apple M2 MacBook Air 13.6"" 8GB/256GB SSD - (Space Gray) A2681 w/Warranty deal","2022 Apple M2 MacBook Air 13.6"" 8GB/256GB SSD - (Space Gray) A2681 w/Warranty price | 2022 Apple M2 MacBook Air 13.6"" 8GB/256GB SSD - (Space Gray) A2681 w/Warranty discount | eBay 2022 Apple M2 MacBook Air 13.6"" 8GB/256GB SSD - (Space Gray) A2681 w/Warranty","90","/merchant/ebay/",""
"ebay-item-335301703353","https://dealdesk.fyi/deals/ebay-item-335301703353/","Yugioh Legacy of Destruction Booster Box 1st Edition Factory Sealed deal: $44.99, 58% off | DealDesk","Yugioh Legacy of Destruction Booster Box 1st Edition Factory Sealed deal","Yugioh Legacy of Destruction Booster Box 1st Edition Factory Sealed price | Yugioh Legacy of Destruction Booster Box 1st Edition Factory Sealed discount | eBay Yugioh Legacy of Destruction Booster Box 1st Edition Factory Sealed","84","/merchant/ebay/",""
"ebay-item-266604903773","https://dealdesk.fyi/deals/ebay-item-266604903773/","Acer CXI5-C432 Chromebox Intel Celeron 7305 1.10GHz 4GB RAM 32GB FLASH ChromeOS deal: $158.18, 58% off | DealDesk","Acer CXI5-C432 Chromebox Intel Celeron 7305 1.10GHz 4GB RAM 32GB FLASH ChromeOS deal","Acer CXI5-C432 Chromebox Intel Celeron 7305 1.10GHz 4GB RAM 32GB FLASH ChromeOS price | Acer CXI5-C432 Chromebox Intel Celeron 7305 1.10GHz 4GB RAM 32GB FLASH ChromeOS discount | eBay Acer CXI5-C432 Chromebox Intel Celeron 7305 1.10GHz 4GB RAM 32GB FLASH ChromeOS","90","/merchant/ebay/",""
"ebay-item-276514629703","https://dealdesk.fyi/deals/ebay-item-276514629703/","Acer B247YU 23.8in Widescreen Monitor WQHD 2560X1440 75Hz Refurbished deal: $125.54, 58% off | DealDesk","Acer B247YU 23.8in Widescreen Monitor WQHD 2560X1440 75Hz Refurbished deal","Acer B247YU 23.8in Widescreen Monitor WQHD 2560X1440 75Hz Refurbished price | Acer B247YU 23.8in Widescreen Monitor WQHD 2560X1440 75Hz Refurbished discount | eBay Acer B247YU 23.8in Widescreen Monitor WQHD 2560X1440 75Hz Refurbished","90","/merchant/ebay/",""
"ebay-item-384390669561","https://dealdesk.fyi/deals/ebay-item-384390669561/","eufy eufyCam 3 Wireless 4K Solar Powered Security Camera System 5-Cam Kit|Refurb deal: $369.99, 57% off | DealDesk","eufy eufyCam 3 Wireless 4K Solar Powered Security Camera System 5-Cam Kit|Refurb deal","eufy eufyCam 3 Wireless 4K Solar Powered Security Camera System 5-Cam Kit|Refurb price | eufy eufyCam 3 Wireless 4K Solar Powered Security Camera System 5-Cam Kit|Refurb discount | eBay eufy eufyCam 3 Wireless 4K Solar Powered Security Camera System 5-Cam Kit|Refurb","90","/merchant/ebay/",""
"ebay-item-235198697187","https://dealdesk.fyi/deals/ebay-item-235198697187/","Samsung 2.0Ch Soundbar with Built-in Woofer - Black HW-C400 deal: $59.77, 57% off | DealDesk","Samsung 2.0Ch Soundbar with Built-in Woofer - Black HW-C400 deal","Samsung 2.0Ch Soundbar with Built-in Woofer - Black HW-C400 price | Samsung 2.0Ch Soundbar with Built-in Woofer - Black HW-C400 discount | eBay Samsung 2.0Ch Soundbar with Built-in Woofer - Black HW-C400","90","/merchant/ebay/",""
"ebay-item-196128289576","https://dealdesk.fyi/deals/ebay-item-196128289576/","Gran Turismo 7 - PlayStation 5 deal: $29.99, 57% off | DealDesk","Gran Turismo 7 - PlayStation 5 deal","Gran Turismo 7 - PlayStation 5 price | Gran Turismo 7 - PlayStation 5 discount | eBay Gran Turismo 7 - PlayStation 5","81","/merchant/ebay/",""
"ebay-item-256754180033-557307741953","https://dealdesk.fyi/deals/ebay-item-256754180033-557307741953/","Samsung Galaxy S24 Ultra 512GB S928U Unlocked - Excellent deal: $615.99, 57% off | DealDesk","Samsung Galaxy S24 Ultra 512GB S928U Unlocked - Excellent deal","Samsung Galaxy S24 Ultra 512GB S928U Unlocked - Excellent price | Samsung Galaxy S24 Ultra 512GB S928U Unlocked - Excellent discount | eBay Samsung Galaxy S24 Ultra 512GB S928U Unlocked - Excellent","100","/merchant/ebay/","/compare/samsung-galaxy-s24-ultra/"
"ebay-item-297168062035-594772545001","https://dealdesk.fyi/deals/ebay-item-297168062035-594772545001/","Samsung Galaxy S24 Ultra 256GB Unlocked ATT T-Mobile Verizon Very Good Condition deal: $552.69, 57% off | DealDesk","Samsung Galaxy S24 Ultra 256GB Unlocked ATT T-Mobile Verizon Very Good Condition deal","Samsung Galaxy S24 Ultra 256GB Unlocked ATT T-Mobile Verizon Very Good Condition price | Samsung Galaxy S24 Ultra 256GB Unlocked ATT T-Mobile Verizon Very Good Condition discount | eBay Samsung Galaxy S24 Ultra 256GB Unlocked ATT T-Mobile Verizon Very Good Condition","100","/merchant/ebay/","/compare/samsung-galaxy-s24-ultra/"
"ebay-item-355095070816-624350343870","https://dealdesk.fyi/deals/ebay-item-355095070816-624350343870/","Apple iPhone 14 128GB Network Unlocked Very Good Condition deal: $298.01, 57% off | DealDesk","Apple iPhone 14 128GB Network Unlocked Very Good Condition deal","Apple iPhone 14 128GB Network Unlocked Very Good Condition price | Apple iPhone 14 128GB Network Unlocked Very Good Condition discount | eBay Apple iPhone 14 128GB Network Unlocked Very Good Condition","100","/merchant/ebay/","/compare/apple-iphone-14/"
"ebay-item-277471921016","https://dealdesk.fyi/deals/ebay-item-277471921016/","Dyson V8 Origin Extra Cordless Vacuum | Blue | Refurbished deal: $179.99, 57% off | DealDesk","Dyson V8 Origin Extra Cordless Vacuum | Blue | Refurbished deal","Dyson V8 Origin Extra Cordless Vacuum | Blue | Refurbished price | Dyson V8 Origin Extra Cordless Vacuum | Blue | Refurbished discount | eBay Dyson V8 Origin Extra Cordless Vacuum | Blue | Refurbished","100","/merchant/ebay/","/compare/dyson-v8/"
"ebay-item-277472732832","https://dealdesk.fyi/deals/ebay-item-277472732832/","Dyson V8 Origin Cordless Vacuum | Red | Refurbished deal: $179.99, 57% off | DealDesk","Dyson V8 Origin Cordless Vacuum | Red | Refurbished deal","Dyson V8 Origin Cordless Vacuum | Red | Refurbished price | Dyson V8 Origin Cordless Vacuum | Red | Refurbished discount | eBay Dyson V8 Origin Cordless Vacuum | Red | Refurbished","100","/merchant/ebay/","/compare/dyson-v8/"
"ebay-item-256339859745","https://dealdesk.fyi/deals/ebay-item-256339859745/","Acer V6820i Projector UHD DLP 3840x2160 2400 lumens 10,000:1 Contrast Ratio deal: $644.99, 57% off | DealDesk","Acer V6820i Projector UHD DLP 3840x2160 2400 lumens 10,000:1 Contrast Ratio deal","Acer V6820i Projector UHD DLP 3840x2160 2400 lumens 10,000:1 Contrast Ratio price | Acer V6820i Projector UHD DLP 3840x2160 2400 lumens 10,000:1 Contrast Ratio discount | eBay Acer V6820i Projector UHD DLP 3840x2160 2400 lumens 10,000:1 Contrast Ratio","90","/merchant/ebay/",""
"ebay-item-266621700855","https://dealdesk.fyi/deals/ebay-item-266621700855/","Acer Vero - 21.5"" Monitor FullHD 1920x1080 100Hz 4ms 250Nit HDMI VGA DisplayPort deal: $55.79, 57% off | DealDesk","Acer Vero - 21.5"" Monitor FullHD 1920x1080 100Hz 4ms 250Nit HDMI VGA DisplayPort deal","Acer Vero - 21.5"" Monitor FullHD 1920x1080 100Hz 4ms 250Nit HDMI VGA DisplayPort price | Acer Vero - 21.5"" Monitor FullHD 1920x1080 100Hz 4ms 250Nit HDMI VGA DisplayPort discount | eBay Acer Vero - 21.5"" Monitor FullHD 1920x1080 100Hz 4ms 250Nit HDMI VGA DisplayPort","90","/merchant/ebay/",""
"ebay-item-393536764736","https://dealdesk.fyi/deals/ebay-item-393536764736/","WX993L Worx 20V (3) PC MAKERX Kit: Rotary Tool, Wood/Metal Crafter, Air Brush-CR deal: $119.99, 56% off | DealDesk","WX993L Worx 20V (3) PC MAKERX Kit: Rotary Tool, Wood/Metal Crafter, Air Brush-CR deal","WX993L Worx 20V (3) PC MAKERX Kit: Rotary Tool, Wood/Metal Crafter, Air Brush-CR price | WX993L Worx 20V (3) PC MAKERX Kit: Rotary Tool, Wood/Metal Crafter, Air Brush-CR discount | eBay WX993L Worx 20V (3) PC MAKERX Kit: Rotary Tool, Wood/Metal Crafter, Air Brush-CR","90","/merchant/ebay/",""
"ebay-item-336203615385","https://dealdesk.fyi/deals/ebay-item-336203615385/","Makita XNB01Z-R 18V LXT 18-Ga 2"" Brad Nailer (Tool Only) Certified Refurbished deal: $174.99, 56% off | DealDesk","Makita XNB01Z-R 18V LXT 18-Ga 2"" Brad Nailer (Tool Only) Certified Refurbished deal","Makita XNB01Z-R 18V LXT 18-Ga 2"" Brad Nailer (Tool Only) Certified Refurbished price | Makita XNB01Z-R 18V LXT 18-Ga 2"" Brad Nailer (Tool Only) Certified Refurbished discount | eBay Makita XNB01Z-R 18V LXT 18-Ga 2"" Brad Nailer (Tool Only) Certified Refurbished","90","/merchant/ebay/",""
"ebay-item-276495504432-2560620323790","https://dealdesk.fyi/deals/ebay-item-276495504432-2560620323790/","Dyson Supersonic Hair Dryer | Certified Refurbished | Latest Generation deal: $229.99, 56% off | DealDesk","Dyson Supersonic Hair Dryer | Certified Refurbished | Latest Generation deal","Dyson Supersonic Hair Dryer | Certified Refurbished | Latest Generation price | Dyson Supersonic Hair Dryer | Certified Refurbished | Latest Generation discount | eBay Dyson Supersonic Hair Dryer | Certified Refurbished | Latest Generation","90","/merchant/ebay/",""
"ebay-item-277111167470-2560381572404","https://dealdesk.fyi/deals/ebay-item-277111167470-2560381572404/","Dyson AM09 Hot + Cool Heater & Fan | Refurbished deal: $199.99, 56% off | DealDesk","Dyson AM09 Hot + Cool Heater & Fan | Refurbished deal","Dyson AM09 Hot + Cool Heater & Fan | Refurbished price | Dyson AM09 Hot + Cool Heater & Fan | Refurbished discount | eBay Dyson AM09 Hot + Cool Heater & Fan | Refurbished","90","/merchant/ebay/",""
"ebay-item-277497811444","https://dealdesk.fyi/deals/ebay-item-277497811444/","Dyson Pure Humidify+Cool™ Purifying Humidifying Fan PH3A | White/Nickel | deal: $349.99, 56% off | DealDesk","Dyson Pure Humidify+Cool™ Purifying Humidifying Fan PH3A | White/Nickel | deal","Dyson Pure Humidify+Cool™ Purifying Humidifying Fan PH3A | White/Nickel | price | Dyson Pure Humidify+Cool™ Purifying Humidifying Fan PH3A | White/Nickel | discount | eBay Dyson Pure Humidify+Cool™ Purifying Humidifying Fan PH3A | White/Nickel |","90","/merchant/ebay/",""
"ebay-item-276151052609","https://dealdesk.fyi/deals/ebay-item-276151052609/","Acer Nitro VG1 27"" WQHD IPS Gaming Monitor 180Hz 2560x1440 Refurbished deal: $121.82, 56% off | DealDesk","Acer Nitro VG1 27"" WQHD IPS Gaming Monitor 180Hz 2560x1440 Refurbished deal","Acer Nitro VG1 27"" WQHD IPS Gaming Monitor 180Hz 2560x1440 Refurbished price | Acer Nitro VG1 27"" WQHD IPS Gaming Monitor 180Hz 2560x1440 Refurbished discount | eBay Acer Nitro VG1 27"" WQHD IPS Gaming Monitor 180Hz 2560x1440 Refurbished","90","/merchant/ebay/",""
"ebay-item-178273184669","https://dealdesk.fyi/deals/ebay-item-178273184669/","Step2 My First Advent Calendar - 26pc deal: $31.44, 55% off | DealDesk","Step2 My First Advent Calendar - 26pc deal","Step2 My First Advent Calendar - 26pc price | Step2 My First Advent Calendar - 26pc discount | eBay Step2 My First Advent Calendar - 26pc","90","/merchant/ebay/",""
"ebay-item-275343494303","https://dealdesk.fyi/deals/ebay-item-275343494303/","Acer USB 3.0 Dock II - U301 Docking Station HDMI RJ-45 Headphone deal: $58.58, 55% off | DealDesk","Acer USB 3.0 Dock II - U301 Docking Station HDMI RJ-45 Headphone deal","Acer USB 3.0 Dock II - U301 Docking Station HDMI RJ-45 Headphone price | Acer USB 3.0 Dock II - U301 Docking Station HDMI RJ-45 Headphone discount | eBay Acer USB 3.0 Dock II - U301 Docking Station HDMI RJ-45 Headphone","90","/merchant/ebay/",""
"ebay-item-275525522173","https://dealdesk.fyi/deals/ebay-item-275525522173/","Acer B248Y 23.8"" Full HD 1920x1080 IPS 75Hz LED Monitor HDMI Refurbished deal: $112.15, 55% off | DealDesk","Acer B248Y 23.8"" Full HD 1920x1080 IPS 75Hz LED Monitor HDMI Refurbished deal","Acer B248Y 23.8"" Full HD 1920x1080 IPS 75Hz LED Monitor HDMI Refurbished price | Acer B248Y 23.8"" Full HD 1920x1080 IPS 75Hz LED Monitor HDMI Refurbished discount | eBay Acer B248Y 23.8"" Full HD 1920x1080 IPS 75Hz LED Monitor HDMI Refurbished","90","/merchant/ebay/",""
"ebay-item-388958080504","https://dealdesk.fyi/deals/ebay-item-388958080504/","eufy Security Baby Monitor E21 with 4K UHD Camera, 5'' 720p Display 8X Zoom 24/7 deal: $119.99, 54% off | DealDesk","eufy Security Baby Monitor E21 with 4K UHD Camera, 5'' 720p Display 8X Zoom 24/7 deal","eufy Security Baby Monitor E21 with 4K UHD Camera, 5'' 720p Display 8X Zoom 24/7 price | eufy Security Baby Monitor E21 with 4K UHD Camera, 5'' 720p Display 8X Zoom 24/7 discount | eBay eufy Security Baby Monitor E21 with 4K UHD Camera, 5'' 720p Display 8X Zoom 24/7","90","/merchant/ebay/",""
"ebay-item-365343072531","https://dealdesk.fyi/deals/ebay-item-365343072531/","VIZIO 2.0 Soundbar w/ Dolby Atmos & DTS:X., HDMI eARC - SV200M-0808 deal: $59.99, 54% off | DealDesk","VIZIO 2.0 Soundbar w/ Dolby Atmos & DTS:X., HDMI eARC - SV200M-0808 deal","VIZIO 2.0 Soundbar w/ Dolby Atmos & DTS:X., HDMI eARC - SV200M-0808 price | VIZIO 2.0 Soundbar w/ Dolby Atmos & DTS:X., HDMI eARC - SV200M-0808 discount | eBay VIZIO 2.0 Soundbar w/ Dolby Atmos & DTS:X., HDMI eARC - SV200M-0808","90","/merchant/ebay/",""
"ebay-item-188502373936","https://dealdesk.fyi/deals/ebay-item-188502373936/","Huffy 6V Vespa 801 Ride-On Scooter - White deal: $41.64, 54% off | DealDesk","Huffy 6V Vespa 801 Ride-On Scooter - White deal","Huffy 6V Vespa 801 Ride-On Scooter - White price | Huffy 6V Vespa 801 Ride-On Scooter - White discount | eBay Huffy 6V Vespa 801 Ride-On Scooter - White","90","/merchant/ebay/",""
"ebay-item-395766041202","https://dealdesk.fyi/deals/ebay-item-395766041202/","Makita XRJ01Z-R 18V LXT Compact Recipro Saw (Tool Only) Certified Refurbished deal: $81.33, 54% off | DealDesk","Makita XRJ01Z-R 18V LXT Compact Recipro Saw (Tool Only) Certified Refurbished deal","Makita XRJ01Z-R 18V LXT Compact Recipro Saw (Tool Only) Certified Refurbished price | Makita XRJ01Z-R 18V LXT Compact Recipro Saw (Tool Only) Certified Refurbished discount | eBay Makita XRJ01Z-R 18V LXT Compact Recipro Saw (Tool Only) Certified Refurbished","90","/merchant/ebay/",""
"ebay-item-287149416808","https://dealdesk.fyi/deals/ebay-item-287149416808/","Makita HR2811F-R 1-1/8"" Corded SDS-Plus Rotary Hammer Certified Refurbished deal: $189.99, 54% off | DealDesk","Makita HR2811F-R 1-1/8"" Corded SDS-Plus Rotary Hammer Certified Refurbished deal","Makita HR2811F-R 1-1/8"" Corded SDS-Plus Rotary Hammer Certified Refurbished price | Makita HR2811F-R 1-1/8"" Corded SDS-Plus Rotary Hammer Certified Refurbished discount | eBay Makita HR2811F-R 1-1/8"" Corded SDS-Plus Rotary Hammer Certified Refurbished","90","/merchant/ebay/",""
"ebay-item-277755845699","https://dealdesk.fyi/deals/ebay-item-277755845699/","Dyson Pure Hot+Cool™ Purifying Heating Fan HP04 | Nickel/Silver | Refurbished deal: $299.99, 54% off | DealDesk","Dyson Pure Hot+Cool™ Purifying Heating Fan HP04 | Nickel/Silver | Refurbished deal","Dyson Pure Hot+Cool™ Purifying Heating Fan HP04 | Nickel/Silver | Refurbished price | Dyson Pure Hot+Cool™ Purifying Heating Fan HP04 | Nickel/Silver | Refurbished discount | eBay Dyson Pure Hot+Cool™ Purifying Heating Fan HP04 | Nickel/Silver | Refurbished","90","/merchant/ebay/",""
"ebay-item-277970132863","https://dealdesk.fyi/deals/ebay-item-277970132863/","Dyson V11 Complete Cordless Vacuum Cleaner | Iron | Refurbished deal: $319.99, 54% off | DealDesk","Dyson V11 Complete Cordless Vacuum Cleaner | Iron | Refurbished deal","Dyson V11 Complete Cordless Vacuum Cleaner | Iron | Refurbished price | Dyson V11 Complete Cordless Vacuum Cleaner | Iron | Refurbished discount | eBay Dyson V11 Complete Cordless Vacuum Cleaner | Iron | Refurbished","100","/merchant/ebay/","/compare/dyson-v11/"
"ebay-item-277900722042","https://dealdesk.fyi/deals/ebay-item-277900722042/","Dyson HP04 Pure Hot + Cool Purifier | Nickel | Refurbished deal: $299.99, 54% off | DealDesk","Dyson HP04 Pure Hot + Cool Purifier | Nickel | Refurbished deal","Dyson HP04 Pure Hot + Cool Purifier | Nickel | Refurbished price | Dyson HP04 Pure Hot + Cool Purifier | Nickel | Refurbished discount | eBay Dyson HP04 Pure Hot + Cool Purifier | Nickel | Refurbished","90","/merchant/ebay/",""
"ebay-item-278117089574","https://dealdesk.fyi/deals/ebay-item-278117089574/","SV28 V11 Complete Cordless Vacuum Cleaner | Blue | Refurbished deal: $319.99, 54% off | DealDesk","SV28 V11 Complete Cordless Vacuum Cleaner | Blue | Refurbished deal","SV28 V11 Complete Cordless Vacuum Cleaner | Blue | Refurbished price | SV28 V11 Complete Cordless Vacuum Cleaner | Blue | Refurbished discount | eBay SV28 V11 Complete Cordless Vacuum Cleaner | Blue | Refurbished","90","/merchant/ebay/",""
"ebay-item-257285303938-557956552112","https://dealdesk.fyi/deals/ebay-item-257285303938-557956552112/","Apple iPhone 15 128GB Unlocked - Good deal: $371.99, 53% off | DealDesk","Apple iPhone 15 128GB Unlocked - Good deal","Apple iPhone 15 128GB Unlocked - Good price | Apple iPhone 15 128GB Unlocked - Good discount | eBay Apple iPhone 15 128GB Unlocked - Good","100","/merchant/ebay/","/compare/apple-iphone-15/"
"ebay-item-284516783882","https://dealdesk.fyi/deals/ebay-item-284516783882/","WX746L.9 WORX 20V MAKERX Hot Glue Gun - Tool Only - CR deal: $27.99, 53% off | DealDesk","WX746L.9 WORX 20V MAKERX Hot Glue Gun - Tool Only - CR deal","WX746L.9 WORX 20V MAKERX Hot Glue Gun - Tool Only - CR price | WX746L.9 WORX 20V MAKERX Hot Glue Gun - Tool Only - CR discount | eBay WX746L.9 WORX 20V MAKERX Hot Glue Gun - Tool Only - CR","90","/merchant/ebay/",""
"ebay-item-277719757635","https://dealdesk.fyi/deals/ebay-item-277719757635/","Dyson Outsize Plus Extra Cordless Vacuum Cleaner | Nickel | Refurbished deal: $279.99, 53% off | DealDesk","Dyson Outsize Plus Extra Cordless Vacuum Cleaner | Nickel | Refurbished deal","Dyson Outsize Plus Extra Cordless Vacuum Cleaner | Nickel | Refurbished price | Dyson Outsize Plus Extra Cordless Vacuum Cleaner | Nickel | Refurbished discount | eBay Dyson Outsize Plus Extra Cordless Vacuum Cleaner | Nickel | Refurbished","90","/merchant/ebay/",""
"ebay-item-276983924700","https://dealdesk.fyi/deals/ebay-item-276983924700/","Dyson SV29 Outsize Extra Cordless Vacuum Cleaner | Nickel/Iron | Refurbished deal: $279.99, 53% off | DealDesk","Dyson SV29 Outsize Extra Cordless Vacuum Cleaner | Nickel/Iron | Refurbished deal","Dyson SV29 Outsize Extra Cordless Vacuum Cleaner | Nickel/Iron | Refurbished price | Dyson SV29 Outsize Extra Cordless Vacuum Cleaner | Nickel/Iron | Refurbished discount | eBay Dyson SV29 Outsize Extra Cordless Vacuum Cleaner | Nickel/Iron | Refurbished","90","/merchant/ebay/",""
"ebay-item-278178850793","https://dealdesk.fyi/deals/ebay-item-278178850793/","Dyson V9 Submarine Extra Cordless Wet and Dry Vacuum | Nickel | Refurbished deal: $279.99, 53% off | DealDesk","Dyson V9 Submarine Extra Cordless Wet and Dry Vacuum | Nickel | Refurbished deal","Dyson V9 Submarine Extra Cordless Wet and Dry Vacuum | Nickel | Refurbished price | Dyson V9 Submarine Extra Cordless Wet and Dry Vacuum | Nickel | Refurbished discount | eBay Dyson V9 Submarine Extra Cordless Wet and Dry Vacuum | Nickel | Refurbished","100","/merchant/ebay/","/compare/dyson-v9/"
"ebay-item-276635206123","https://dealdesk.fyi/deals/ebay-item-276635206123/","SV29 Outsize Cordless Vacuum Cleaner | Nickel/Red | Refurbished deal: $279.99, 53% off | DealDesk","SV29 Outsize Cordless Vacuum Cleaner | Nickel/Red | Refurbished deal","SV29 Outsize Cordless Vacuum Cleaner | Nickel/Red | Refurbished price | SV29 Outsize Cordless Vacuum Cleaner | Nickel/Red | Refurbished discount | eBay SV29 Outsize Cordless Vacuum Cleaner | Nickel/Red | Refurbished","90","/merchant/ebay/",""
"ebay-item-267054074922","https://dealdesk.fyi/deals/ebay-item-267054074922/","Acer Spin 714 14"" Touch Core Ultra 5 115U 1st Gen 8GB 256GB AI PC Refurbished deal: $332.93, 52% off | DealDesk","Acer Spin 714 14"" Touch Core Ultra 5 115U 1st Gen 8GB 256GB AI PC Refurbished deal","Acer Spin 714 14"" Touch Core Ultra 5 115U 1st Gen 8GB 256GB AI PC Refurbished price | Acer Spin 714 14"" Touch Core Ultra 5 115U 1st Gen 8GB 256GB AI PC Refurbished discount | eBay Acer Spin 714 14"" Touch Core Ultra 5 115U 1st Gen 8GB 256GB AI PC Refurbished","90","/merchant/ebay/",""
"ebay-item-277769465576","https://dealdesk.fyi/deals/ebay-item-277769465576/","SV28 V11 Extra Cordless Vacuum Cleaner | Iron | Refurbished deal: $319.99, 52% off | DealDesk","SV28 V11 Extra Cordless Vacuum Cleaner | Iron | Refurbished deal","SV28 V11 Extra Cordless Vacuum Cleaner | Iron | Refurbished price | SV28 V11 Extra Cordless Vacuum Cleaner | Iron | Refurbished discount | eBay SV28 V11 Extra Cordless Vacuum Cleaner | Iron | Refurbished","90","/merchant/ebay/",""
"ebay-item-256491677037","https://dealdesk.fyi/deals/ebay-item-256491677037/","Acer M501 - Dock Station 3.1 USB Type-C 4096x2160 Resolution HDMI DisplayPort deal: $115.31, 52% off | DealDesk","Acer M501 - Dock Station 3.1 USB Type-C 4096x2160 Resolution HDMI DisplayPort deal","Acer M501 - Dock Station 3.1 USB Type-C 4096x2160 Resolution HDMI DisplayPort price | Acer M501 - Dock Station 3.1 USB Type-C 4096x2160 Resolution HDMI DisplayPort discount | eBay Acer M501 - Dock Station 3.1 USB Type-C 4096x2160 Resolution HDMI DisplayPort","90","/merchant/ebay/",""
"ebay-item-384770863938","https://dealdesk.fyi/deals/ebay-item-384770863938/","Eufy SoloCam E30 2K Security Camera Wireless Solar Cam 360° Pan AI Tracking deal: $73.99, 51% off | DealDesk","Eufy SoloCam E30 2K Security Camera Wireless Solar Cam 360° Pan AI Tracking deal","Eufy SoloCam E30 2K Security Camera Wireless Solar Cam 360° Pan AI Tracking price | Eufy SoloCam E30 2K Security Camera Wireless Solar Cam 360° Pan AI Tracking discount | eBay Eufy SoloCam E30 2K Security Camera Wireless Solar Cam 360° Pan AI Tracking","90","/merchant/ebay/",""
"ebay-item-386708452678","https://dealdesk.fyi/deals/ebay-item-386708452678/","eufy eufyCam S3 Pro 4K Solar Wireless Security Camera Kit MaxColor Night Vision deal: $269.99, 51% off | DealDesk","eufy eufyCam S3 Pro 4K Solar Wireless Security Camera Kit MaxColor Night Vision deal","eufy eufyCam S3 Pro 4K Solar Wireless Security Camera Kit MaxColor Night Vision price | eufy eufyCam S3 Pro 4K Solar Wireless Security Camera Kit MaxColor Night Vision discount | eBay eufy eufyCam S3 Pro 4K Solar Wireless Security Camera Kit MaxColor Night Vision","90","/merchant/ebay/",""
"ebay-item-385592719097","https://dealdesk.fyi/deals/ebay-item-385592719097/","eufy SoloCam C210 Wireless Security Camera 2K Smart Al Outdoor Cam Night Vision deal: $65.99, 51% off | DealDesk","eufy SoloCam C210 Wireless Security Camera 2K Smart Al Outdoor Cam Night Vision deal","eufy SoloCam C210 Wireless Security Camera 2K Smart Al Outdoor Cam Night Vision price | eufy SoloCam C210 Wireless Security Camera 2K Smart Al Outdoor Cam Night Vision discount | eBay eufy SoloCam C210 Wireless Security Camera 2K Smart Al Outdoor Cam Night Vision","90","/merchant/ebay/",""
"ebay-item-156924341287","https://dealdesk.fyi/deals/ebay-item-156924341287/","JBL Bar 2.1 Deep Bass MK2 Soundbar with 6.5"" Wireless Subwoofer deal: $187.00, 51% off | DealDesk","JBL Bar 2.1 Deep Bass MK2 Soundbar with 6.5"" Wireless Subwoofer deal","JBL Bar 2.1 Deep Bass MK2 Soundbar with 6.5"" Wireless Subwoofer price | JBL Bar 2.1 Deep Bass MK2 Soundbar with 6.5"" Wireless Subwoofer discount | eBay JBL Bar 2.1 Deep Bass MK2 Soundbar with 6.5"" Wireless Subwoofer","90","/merchant/ebay/",""
"ebay-item-276582090868","https://dealdesk.fyi/deals/ebay-item-276582090868/","Dyson V15 Detect Total Clean Extra | Yellow/Nickel | Refurbished deal: $369.99, 51% off | DealDesk","Dyson V15 Detect Total Clean Extra | Yellow/Nickel | Refurbished deal","Dyson V15 Detect Total Clean Extra | Yellow/Nickel | Refurbished price | Dyson V15 Detect Total Clean Extra | Yellow/Nickel | Refurbished discount | eBay Dyson V15 Detect Total Clean Extra | Yellow/Nickel | Refurbished","90","/merchant/ebay/",""
"ebay-item-278127792245-2560900301377","https://dealdesk.fyi/deals/ebay-item-278127792245-2560900301377/","Dyson HD07 Supersonic Origin - Refurbished deal: $209.99, 51% off | DealDesk","Dyson HD07 Supersonic Origin - Refurbished deal","Dyson HD07 Supersonic Origin - Refurbished price | Dyson HD07 Supersonic Origin - Refurbished discount | eBay Dyson HD07 Supersonic Origin - Refurbished","90","/merchant/ebay/",""
"ebay-item-256271376655","https://dealdesk.fyi/deals/ebay-item-256271376655/","Acer Vero V7 - 22"" Monitor FullHD 1920x1080 100Hz 4ms 250Nit HDMI VGA DP deal: $55.79, 51% off | DealDesk","Acer Vero V7 - 22"" Monitor FullHD 1920x1080 100Hz 4ms 250Nit HDMI VGA DP deal","Acer Vero V7 - 22"" Monitor FullHD 1920x1080 100Hz 4ms 250Nit HDMI VGA DP price | Acer Vero V7 - 22"" Monitor FullHD 1920x1080 100Hz 4ms 250Nit HDMI VGA DP discount | eBay Acer Vero V7 - 22"" Monitor FullHD 1920x1080 100Hz 4ms 250Nit HDMI VGA DP","90","/merchant/ebay/",""
"ebay-item-256362994569","https://dealdesk.fyi/deals/ebay-item-256362994569/","Acer Chromebook 314 14"" Intel Celeron N4500 4GB 128GB SSD Refurbished deal: $172.04, 51% off | DealDesk","Acer Chromebook 314 14"" Intel Celeron N4500 4GB 128GB SSD Refurbished deal","Acer Chromebook 314 14"" Intel Celeron N4500 4GB 128GB SSD Refurbished price | Acer Chromebook 314 14"" Intel Celeron N4500 4GB 128GB SSD Refurbished discount | eBay Acer Chromebook 314 14"" Intel Celeron N4500 4GB 128GB SSD Refurbished","90","/merchant/ebay/",""
"ebay-item-266771349460","https://dealdesk.fyi/deals/ebay-item-266771349460/","Acer 314 - 14"" Chromebook Intel Celeron N100 8GB RAM 64GB SSD Chrome OS deal: $260.39, 51% off | DealDesk","Acer 314 - 14"" Chromebook Intel Celeron N100 8GB RAM 64GB SSD Chrome OS deal","Acer 314 - 14"" Chromebook Intel Celeron N100 8GB RAM 64GB SSD Chrome OS price | Acer 314 - 14"" Chromebook Intel Celeron N100 8GB RAM 64GB SSD Chrome OS discount | eBay Acer 314 - 14"" Chromebook Intel Celeron N100 8GB RAM 64GB SSD Chrome OS","90","/merchant/ebay/",""
"ebay-item-388953401115","https://dealdesk.fyi/deals/ebay-item-388953401115/","eufy Security SoloCam E30, 4-Cam Kit Solar Security Cameras Wireless Outdoor360° deal: $275.49, 50% off | DealDesk","eufy Security SoloCam E30, 4-Cam Kit Solar Security Cameras Wireless Outdoor360° deal","eufy Security SoloCam E30, 4-Cam Kit Solar Security Cameras Wireless Outdoor360° price | eufy Security SoloCam E30, 4-Cam Kit Solar Security Cameras Wireless Outdoor360° discount | eBay eufy Security SoloCam E30, 4-Cam Kit Solar Security Cameras Wireless Outdoor360°","90","/merchant/ebay/",""
"ebay-item-389790265792","https://dealdesk.fyi/deals/ebay-item-389790265792/","eufy SoloCam E42 4K HD Security Camera Wireless Outdoor Solar Powered AI Motion deal: $99.99, 50% off | DealDesk","eufy SoloCam E42 4K HD Security Camera Wireless Outdoor Solar Powered AI Motion deal","eufy SoloCam E42 4K HD Security Camera Wireless Outdoor Solar Powered AI Motion price | eufy SoloCam E42 4K HD Security Camera Wireless Outdoor Solar Powered AI Motion discount | eBay eufy SoloCam E42 4K HD Security Camera Wireless Outdoor Solar Powered AI Motion","90","/merchant/ebay/",""
"ebay-item-326849541803","https://dealdesk.fyi/deals/ebay-item-326849541803/","DJI Mini 3 Fly More Combo with RC Remote 4K HDR Portable Drone deal: $649.00, 50% off | DealDesk","DJI Mini 3 Fly More Combo with RC Remote 4K HDR Portable Drone deal","DJI Mini 3 Fly More Combo with RC Remote 4K HDR Portable Drone price | DJI Mini 3 Fly More Combo with RC Remote 4K HDR Portable Drone discount | eBay DJI Mini 3 Fly More Combo with RC Remote 4K HDR Portable Drone","84","/merchant/ebay/",""
"ebay-item-296629850970","https://dealdesk.fyi/deals/ebay-item-296629850970/","Movmax Blade Arm with N2 Arm Technology Universal Locking Screw deal: $99.00, 50% off | DealDesk","Movmax Blade Arm with N2 Arm Technology Universal Locking Screw deal","Movmax Blade Arm with N2 Arm Technology Universal Locking Screw price | Movmax Blade Arm with N2 Arm Technology Universal Locking Screw discount | eBay Movmax Blade Arm with N2 Arm Technology Universal Locking Screw","84","/merchant/ebay/",""
"ebay-item-287070431973","https://dealdesk.fyi/deals/ebay-item-287070431973/","Lenovo IdeaPad 5i 16"" Touch Ultra 7 255U 32GB 1TB SSD W11H 2in1 deal: $649.99, 50% off | DealDesk","Lenovo IdeaPad 5i 16"" Touch Ultra 7 255U 32GB 1TB SSD W11H 2in1 deal","Lenovo IdeaPad 5i 16"" Touch Ultra 7 255U 32GB 1TB SSD W11H 2in1 price | Lenovo IdeaPad 5i 16"" Touch Ultra 7 255U 32GB 1TB SSD W11H 2in1 discount | eBay Lenovo IdeaPad 5i 16"" Touch Ultra 7 255U 32GB 1TB SSD W11H 2in1","90","/merchant/ebay/",""
"ebay-item-284273213577","https://dealdesk.fyi/deals/ebay-item-284273213577/","Worx 20V (2) PC MAKERX Combo: Rotary Tool + Wood/Metal Crafter (WX988L)-CR deal: $109.99, 50% off | DealDesk","Worx 20V (2) PC MAKERX Combo: Rotary Tool + Wood/Metal Crafter (WX988L)-CR deal","Worx 20V (2) PC MAKERX Combo: Rotary Tool + Wood/Metal Crafter (WX988L)-CR price | Worx 20V (2) PC MAKERX Combo: Rotary Tool + Wood/Metal Crafter (WX988L)-CR discount | eBay Worx 20V (2) PC MAKERX Combo: Rotary Tool + Wood/Metal Crafter (WX988L)-CR","90","/merchant/ebay/",""
"ebay-item-188456816822","https://dealdesk.fyi/deals/ebay-item-188456816822/","Yoto Player (3rd Generation) Audio Player deal: $52.99, 50% off | DealDesk","Yoto Player (3rd Generation) Audio Player deal","Yoto Player (3rd Generation) Audio Player price | Yoto Player (3rd Generation) Audio Player discount | eBay Yoto Player (3rd Generation) Audio Player","84","/merchant/ebay/",""
"ebay-item-396763872685","https://dealdesk.fyi/deals/ebay-item-396763872685/","Makita GRU01M1-R 40V max XGT 15"" Cordless String Trimmer Certified Refurbished deal: $259.00, 50% off | DealDesk","Makita GRU01M1-R 40V max XGT 15"" Cordless String Trimmer Certified Refurbished deal","Makita GRU01M1-R 40V max XGT 15"" Cordless String Trimmer Certified Refurbished price | Makita GRU01M1-R 40V max XGT 15"" Cordless String Trimmer Certified Refurbished discount | eBay Makita GRU01M1-R 40V max XGT 15"" Cordless String Trimmer Certified Refurbished","90","/merchant/ebay/",""
"ebay-item-277151918843-2560860839003","https://dealdesk.fyi/deals/ebay-item-277151918843-2560860839003/","Dyson HS06 Airstrait | Certified Refurbished deal: $249.99, 50% off | DealDesk","Dyson HS06 Airstrait | Certified Refurbished deal","Dyson HS06 Airstrait | Certified Refurbished price | Dyson HS06 Airstrait | Certified Refurbished discount | eBay Dyson HS06 Airstrait | Certified Refurbished","90","/merchant/ebay/",""
"ebay-item-278178839791","https://dealdesk.fyi/deals/ebay-item-278178839791/","Dyson Digital Slim cordless vacuum | Iron/Nickel | Refurbished deal: $249.99, 50% off | DealDesk","Dyson Digital Slim cordless vacuum | Iron/Nickel | Refurbished deal","Dyson Digital Slim cordless vacuum | Iron/Nickel | Refurbished price | Dyson Digital Slim cordless vacuum | Iron/Nickel | Refurbished discount | eBay Dyson Digital Slim cordless vacuum | Iron/Nickel | Refurbished","90","/merchant/ebay/",""
"ebay-item-278178839832","https://dealdesk.fyi/deals/ebay-item-278178839832/","Dyson V9 Motorbar™ Vacuum | Dark Nickel/Gloss Nickel | Refurbished deal: $299.99, 50% off | DealDesk","Dyson V9 Motorbar™ Vacuum | Dark Nickel/Gloss Nickel | Refurbished deal","Dyson V9 Motorbar™ Vacuum | Dark Nickel/Gloss Nickel | Refurbished price | Dyson V9 Motorbar™ Vacuum | Dark Nickel/Gloss Nickel | Refurbished discount | eBay Dyson V9 Motorbar™ Vacuum | Dark Nickel/Gloss Nickel | Refurbished","100","/merchant/ebay/","/compare/dyson-v9/"
"ebay-item-385436454840","https://dealdesk.fyi/deals/ebay-item-385436454840/","eufy E220 Indoor Security Camera 3MP Wi-Fi Baby Pet Monitor Night Vision|Refurb deal: $27.99, 49% off | DealDesk","eufy E220 Indoor Security Camera 3MP Wi-Fi Baby Pet Monitor Night Vision|Refurb deal","eufy E220 Indoor Security Camera 3MP Wi-Fi Baby Pet Monitor Night Vision|Refurb price | eufy E220 Indoor Security Camera 3MP Wi-Fi Baby Pet Monitor Night Vision|Refurb discount | eBay eufy E220 Indoor Security Camera 3MP Wi-Fi Baby Pet Monitor Night Vision|Refurb","86","/merchant/ebay/",""
"ebay-item-404749988409","https://dealdesk.fyi/deals/ebay-item-404749988409/","Samsung Galaxy A54 5G SM-A546U 128GB Black GSM UNLOCKED - Very Good deal: $152.00, 49% off | DealDesk","Samsung Galaxy A54 5G SM-A546U 128GB Black GSM UNLOCKED - Very Good deal","Samsung Galaxy A54 5G SM-A546U 128GB Black GSM UNLOCKED - Very Good price | Samsung Galaxy A54 5G SM-A546U 128GB Black GSM UNLOCKED - Very Good discount | eBay Samsung Galaxy A54 5G SM-A546U 128GB Black GSM UNLOCKED - Very Good","86","/merchant/ebay/",""
"ebay-item-394901859676","https://dealdesk.fyi/deals/ebay-item-394901859676/","Makita XAG25Z-R 18V LXT 4.5""/ 5"" Angle Grinder (Tool Only) Certified Refurbished deal: $107.18, 49% off | DealDesk","Makita XAG25Z-R 18V LXT 4.5""/ 5"" Angle Grinder (Tool Only) Certified Refurbished deal","Makita XAG25Z-R 18V LXT 4.5""/ 5"" Angle Grinder (Tool Only) Certified Refurbished price | Makita XAG25Z-R 18V LXT 4.5""/ 5"" Angle Grinder (Tool Only) Certified Refurbished discount | eBay Makita XAG25Z-R 18V LXT 4.5""/ 5"" Angle Grinder (Tool Only) Certified Refurbished","86","/merchant/ebay/",""
"ebay-item-277787969099","https://dealdesk.fyi/deals/ebay-item-277787969099/","Dyson Supersonic™ (3 attachments) | Prussian Blue/Rich Copper | Refurbished deal: $219.99, 49% off | DealDesk","Dyson Supersonic™ (3 attachments) | Prussian Blue/Rich Copper | Refurbished deal","Dyson Supersonic™ (3 attachments) | Prussian Blue/Rich Copper | Refurbished price | Dyson Supersonic™ (3 attachments) | Prussian Blue/Rich Copper | Refurbished discount | eBay Dyson Supersonic™ (3 attachments) | Prussian Blue/Rich Copper | Refurbished","86","/merchant/ebay/",""
"ebay-item-278212001041-2560930276349","https://dealdesk.fyi/deals/ebay-item-278212001041-2560930276349/","Dyson Supersonic Nural™ Origin hair dryer | Refurbished deal: $229.99, 49% off | DealDesk","Dyson Supersonic Nural™ Origin hair dryer | Refurbished deal","Dyson Supersonic Nural™ Origin hair dryer | Refurbished price | Dyson Supersonic Nural™ Origin hair dryer | Refurbished discount | eBay Dyson Supersonic Nural™ Origin hair dryer | Refurbished","86","/merchant/ebay/",""
"ebay-item-276449430468","https://dealdesk.fyi/deals/ebay-item-276449430468/","Acer TravelMate P4-14in Laptop Intel i5 2.4GHz 16GB 512GB Refurbished deal: $507.77, 49% off | DealDesk","Acer TravelMate P4-14in Laptop Intel i5 2.4GHz 16GB 512GB Refurbished deal","Acer TravelMate P4-14in Laptop Intel i5 2.4GHz 16GB 512GB Refurbished price | Acer TravelMate P4-14in Laptop Intel i5 2.4GHz 16GB 512GB Refurbished discount | eBay Acer TravelMate P4-14in Laptop Intel i5 2.4GHz 16GB 512GB Refurbished","86","/merchant/ebay/",""
"ebay-item-257300993690-557974988537","https://dealdesk.fyi/deals/ebay-item-257300993690-557974988537/","Apple iPhone 15 128GB Unlocked - Excellent deal: $407.99, 49% off | DealDesk","Apple iPhone 15 128GB Unlocked - Excellent deal","Apple iPhone 15 128GB Unlocked - Excellent price | Apple iPhone 15 128GB Unlocked - Excellent discount | eBay Apple iPhone 15 128GB Unlocked - Excellent","96","/merchant/ebay/","/compare/apple-iphone-15/"
"ebay-item-168200194616","https://dealdesk.fyi/deals/ebay-item-168200194616/","JBL Bar 700 5.1-channel Soundbar with Detachable Surround Speakers deal: $472.00, 48% off | DealDesk","JBL Bar 700 5.1-channel Soundbar with Detachable Surround Speakers deal","JBL Bar 700 5.1-channel Soundbar with Detachable Surround Speakers price | JBL Bar 700 5.1-channel Soundbar with Detachable Surround Speakers discount | eBay JBL Bar 700 5.1-channel Soundbar with Detachable Surround Speakers","86","/merchant/ebay/",""
"ebay-item-135803949840","https://dealdesk.fyi/deals/ebay-item-135803949840/","VIZIO SV210X-0805B-RB 2.1 Soundbar,Dolby Atmos,DTS:X,Black-Certified Refurbished deal: $93.99, 48% off | DealDesk","VIZIO SV210X-0805B-RB 2.1 Soundbar,Dolby Atmos,DTS:X,Black-Certified Refurbished deal","VIZIO SV210X-0805B-RB 2.1 Soundbar,Dolby Atmos,DTS:X,Black-Certified Refurbished price | VIZIO SV210X-0805B-RB 2.1 Soundbar,Dolby Atmos,DTS:X,Black-Certified Refurbished discount | eBay VIZIO SV210X-0805B-RB 2.1 Soundbar,Dolby Atmos,DTS:X,Black-Certified Refurbished","86","/merchant/ebay/",""
"ebay-item-318212347963","https://dealdesk.fyi/deals/ebay-item-318212347963/","DJI DJI Mini 4K Camera Drone Combo (62-min) With Case and Extra Battery - Open B deal: $365.00, 48% off | DealDesk","DJI DJI Mini 4K Camera Drone Combo (62-min) With Case and Extra Battery - Open B deal","DJI DJI Mini 4K Camera Drone Combo (62-min) With Case and Extra Battery - Open B price | DJI DJI Mini 4K Camera Drone Combo (62-min) With Case and Extra Battery - Open B discount | eBay DJI DJI Mini 4K Camera Drone Combo (62-min) With Case and Extra Battery - Open B","86","/merchant/ebay/",""
"ebay-item-257189836660-557828252096","https://dealdesk.fyi/deals/ebay-item-257189836660-557828252096/","Samsung Galaxy S25 Ultra 512GB S938U Unlocked - Excellent deal: $734.99, 48% off | DealDesk","Samsung Galaxy S25 Ultra 512GB S938U Unlocked - Excellent deal","Samsung Galaxy S25 Ultra 512GB S938U Unlocked - Excellent price | Samsung Galaxy S25 Ultra 512GB S938U Unlocked - Excellent discount | eBay Samsung Galaxy S25 Ultra 512GB S938U Unlocked - Excellent","96","/merchant/ebay/","/compare/samsung-galaxy-s25-ultra/"
"ebay-item-356227859677-625224267957","https://dealdesk.fyi/deals/ebay-item-356227859677-625224267957/","Apple iPhone 15 Pro Max A2849 256GB Unlocked Very Good deal: $671.51, 48% off | DealDesk","Apple iPhone 15 Pro Max A2849 256GB Unlocked Very Good deal","Apple iPhone 15 Pro Max A2849 256GB Unlocked Very Good price | Apple iPhone 15 Pro Max A2849 256GB Unlocked Very Good discount | eBay Apple iPhone 15 Pro Max A2849 256GB Unlocked Very Good","86","/merchant/ebay/",""
"ebay-item-206374582875","https://dealdesk.fyi/deals/ebay-item-206374582875/","Disney and Pixar Toy Story 5 Ultimate Action Buzz Lightyear Figure with deal: $44.99, 48% off | DealDesk","Disney and Pixar Toy Story 5 Ultimate Action Buzz Lightyear Figure with deal","Disney and Pixar Toy Story 5 Ultimate Action Buzz Lightyear Figure with price | Disney and Pixar Toy Story 5 Ultimate Action Buzz Lightyear Figure with discount | eBay Disney and Pixar Toy Story 5 Ultimate Action Buzz Lightyear Figure with","80","/merchant/ebay/",""
"ebay-item-277755845714","https://dealdesk.fyi/deals/ebay-item-277755845714/","Dyson Purifier Cool Gen1 TP10 purifying fan | White/Silver | Refurbished deal: $249.99, 48% off | DealDesk","Dyson Purifier Cool Gen1 TP10 purifying fan | White/Silver | Refurbished deal","Dyson Purifier Cool Gen1 TP10 purifying fan | White/Silver | Refurbished price | Dyson Purifier Cool Gen1 TP10 purifying fan | White/Silver | Refurbished discount | eBay Dyson Purifier Cool Gen1 TP10 purifying fan | White/Silver | Refurbished","86","/merchant/ebay/",""
"ebay-item-277944344269","https://dealdesk.fyi/deals/ebay-item-277944344269/","Dyson Gen5outsize Cordless Vacuum | Nickel/Blue | Refurbished deal: $599.99, 48% off | DealDesk","Dyson Gen5outsize Cordless Vacuum | Nickel/Blue | Refurbished deal","Dyson Gen5outsize Cordless Vacuum | Nickel/Blue | Refurbished price | Dyson Gen5outsize Cordless Vacuum | Nickel/Blue | Refurbished discount | eBay Dyson Gen5outsize Cordless Vacuum | Nickel/Blue | Refurbished","86","/merchant/ebay/",""
"ebay-item-277498218241","https://dealdesk.fyi/deals/ebay-item-277498218241/","Dyson TP10 Purifier Cool | White/White | Refurbished deal: $249.99, 48% off | DealDesk","Dyson TP10 Purifier Cool | White/White | Refurbished deal","Dyson TP10 Purifier Cool | White/White | Refurbished price | Dyson TP10 Purifier Cool | White/White | Refurbished discount | eBay Dyson TP10 Purifier Cool | White/White | Refurbished","86","/merchant/ebay/",""
"ebay-item-389725523578","https://dealdesk.fyi/deals/ebay-item-389725523578/","eufy PoE NVR Security System S4 Max 8CH 16MP Triple Lens Camera 360°PTZ |Refurb deal: $799.99, 47% off | DealDesk","eufy PoE NVR Security System S4 Max 8CH 16MP Triple Lens Camera 360°PTZ |Refurb deal","eufy PoE NVR Security System S4 Max 8CH 16MP Triple Lens Camera 360°PTZ |Refurb price | eufy PoE NVR Security System S4 Max 8CH 16MP Triple Lens Camera 360°PTZ |Refurb discount | eBay eufy PoE NVR Security System S4 Max 8CH 16MP Triple Lens Camera 360°PTZ |Refurb","86","/merchant/ebay/",""
"ebay-item-257190056679-557828543167","https://dealdesk.fyi/deals/ebay-item-257190056679-557828543167/","Samsung Galaxy S25 Ultra 256GB S938U Unlocked - Excellent deal: $682.99, 47% off | DealDesk","Samsung Galaxy S25 Ultra 256GB S938U Unlocked - Excellent deal","Samsung Galaxy S25 Ultra 256GB S938U Unlocked - Excellent price | Samsung Galaxy S25 Ultra 256GB S938U Unlocked - Excellent discount | eBay Samsung Galaxy S25 Ultra 256GB S938U Unlocked - Excellent","96","/merchant/ebay/","/compare/samsung-galaxy-s25-ultra/"
"ebay-item-393698600825","https://dealdesk.fyi/deals/ebay-item-393698600825/","Worx 20V MAKERX ZipSnip Mini Rotary Cutter-Tool Only (WX745L.9)-CR deal: $31.99, 47% off | DealDesk","Worx 20V MAKERX ZipSnip Mini Rotary Cutter-Tool Only (WX745L.9)-CR deal","Worx 20V MAKERX ZipSnip Mini Rotary Cutter-Tool Only (WX745L.9)-CR price | Worx 20V MAKERX ZipSnip Mini Rotary Cutter-Tool Only (WX745L.9)-CR discount | eBay Worx 20V MAKERX ZipSnip Mini Rotary Cutter-Tool Only (WX745L.9)-CR","86","/merchant/ebay/",""
"ebay-item-116396531355","https://dealdesk.fyi/deals/ebay-item-116396531355/","Melissa & Doug 9286 Wooden Scoop & Serve Ice Cream Counter deal: $25.00, 47% off | DealDesk","Melissa & Doug 9286 Wooden Scoop & Serve Ice Cream Counter deal","Melissa & Doug 9286 Wooden Scoop & Serve Ice Cream Counter price | Melissa & Doug 9286 Wooden Scoop & Serve Ice Cream Counter discount | eBay Melissa & Doug 9286 Wooden Scoop & Serve Ice Cream Counter","80","/merchant/ebay/",""
"ebay-item-178213248322","https://dealdesk.fyi/deals/ebay-item-178213248322/","Jurassic World Chaos Theory: Darius & Baryonyx & Monolophosaurus Action deal: $19.99, 47% off | DealDesk","Jurassic World Chaos Theory: Darius & Baryonyx & Monolophosaurus Action deal","Jurassic World Chaos Theory: Darius & Baryonyx & Monolophosaurus Action price | Jurassic World Chaos Theory: Darius & Baryonyx & Monolophosaurus Action discount | eBay Jurassic World Chaos Theory: Darius & Baryonyx & Monolophosaurus Action","80","/merchant/ebay/",""
"ebay-item-395798896344","https://dealdesk.fyi/deals/ebay-item-395798896344/","Makita AF505N-R 18 Gauge 2 in. Brad Nailer Kit Certified Refurbished deal: $62.99, 47% off | DealDesk","Makita AF505N-R 18 Gauge 2 in. Brad Nailer Kit Certified Refurbished deal","Makita AF505N-R 18 Gauge 2 in. Brad Nailer Kit Certified Refurbished price | Makita AF505N-R 18 Gauge 2 in. Brad Nailer Kit Certified Refurbished discount | eBay Makita AF505N-R 18 Gauge 2 in. Brad Nailer Kit Certified Refurbished","86","/merchant/ebay/",""
"ebay-item-278210914436-2560930014349","https://dealdesk.fyi/deals/ebay-item-278210914436-2560930014349/","Dyson Purifier Hot+Cool™ Gen1 HP10 | Refurbished deal: $279.99, 47% off | DealDesk","Dyson Purifier Hot+Cool™ Gen1 HP10 | Refurbished deal","Dyson Purifier Hot+Cool™ Gen1 HP10 | Refurbished price | Dyson Purifier Hot+Cool™ Gen1 HP10 | Refurbished discount | eBay Dyson Purifier Hot+Cool™ Gen1 HP10 | Refurbished","86","/merchant/ebay/",""
"ebay-item-277755845674","https://dealdesk.fyi/deals/ebay-item-277755845674/","Dyson V11 Plus Extra | Purple | Refurbished deal: $319.99, 47% off | DealDesk","Dyson V11 Plus Extra | Purple | Refurbished deal","Dyson V11 Plus Extra | Purple | Refurbished price | Dyson V11 Plus Extra | Purple | Refurbished discount | eBay Dyson V11 Plus Extra | Purple | Refurbished","96","/merchant/ebay/","/compare/dyson-v11/"
"ebay-item-277791608774","https://dealdesk.fyi/deals/ebay-item-277791608774/","Dyson V11 Extra Cordless Vacuum Cleaner | Blue | Refurbished deal: $319.99, 47% off | DealDesk","Dyson V11 Extra Cordless Vacuum Cleaner | Blue | Refurbished deal","Dyson V11 Extra Cordless Vacuum Cleaner | Blue | Refurbished price | Dyson V11 Extra Cordless Vacuum Cleaner | Blue | Refurbished discount | eBay Dyson V11 Extra Cordless Vacuum Cleaner | Blue | Refurbished","96","/merchant/ebay/","/compare/dyson-v11/"
"ebay-item-386822462877","https://dealdesk.fyi/deals/ebay-item-386822462877/","eufy 2K Security Indoor Camera Wi-Fi Webcam Motion Tracking 2-Way Audio |Refurb deal: $51.99, 46% off | DealDesk","eufy 2K Security Indoor Camera Wi-Fi Webcam Motion Tracking 2-Way Audio |Refurb deal","eufy 2K Security Indoor Camera Wi-Fi Webcam Motion Tracking 2-Way Audio |Refurb price | eufy 2K Security Indoor Camera Wi-Fi Webcam Motion Tracking 2-Way Audio |Refurb discount | eBay eufy 2K Security Indoor Camera Wi-Fi Webcam Motion Tracking 2-Way Audio |Refurb","86","/merchant/ebay/",""
"ebay-item-326830219683","https://dealdesk.fyi/deals/ebay-item-326830219683/","DJI Mini 5 Pro Drone Fly More Combo Plus (DJI RC 2 Controller) deal: $1,159.00, 46% off | DealDesk","DJI Mini 5 Pro Drone Fly More Combo Plus (DJI RC 2 Controller) deal","DJI Mini 5 Pro Drone Fly More Combo Plus (DJI RC 2 Controller) price | DJI Mini 5 Pro Drone Fly More Combo Plus (DJI RC 2 Controller) discount | eBay DJI Mini 5 Pro Drone Fly More Combo Plus (DJI RC 2 Controller)","80","/merchant/ebay/",""
"ebay-item-335970908676","https://dealdesk.fyi/deals/ebay-item-335970908676/","Makita GBU01M1-R 40V max XGT Brushless Cordless Blower Certified Refurbished deal: $249.00, 46% off | DealDesk","Makita GBU01M1-R 40V max XGT Brushless Cordless Blower Certified Refurbished deal","Makita GBU01M1-R 40V max XGT Brushless Cordless Blower Certified Refurbished price | Makita GBU01M1-R 40V max XGT Brushless Cordless Blower Certified Refurbished discount | eBay Makita GBU01M1-R 40V max XGT Brushless Cordless Blower Certified Refurbished","86","/merchant/ebay/",""
"ebay-item-389788351477","https://dealdesk.fyi/deals/ebay-item-389788351477/","eufy PoE Bullet-PTZ Cam S4 NVR Wired Add On Cam NVR 4K UHD Triple|Refurb deal: $179.99, 45% off | DealDesk","eufy PoE Bullet-PTZ Cam S4 NVR Wired Add On Cam NVR 4K UHD Triple|Refurb deal","eufy PoE Bullet-PTZ Cam S4 NVR Wired Add On Cam NVR 4K UHD Triple|Refurb price | eufy PoE Bullet-PTZ Cam S4 NVR Wired Add On Cam NVR 4K UHD Triple|Refurb discount | eBay eufy PoE Bullet-PTZ Cam S4 NVR Wired Add On Cam NVR 4K UHD Triple|Refurb","86","/merchant/ebay/",""
"ebay-item-167475116955","https://dealdesk.fyi/deals/ebay-item-167475116955/","JBL BAR 1300XMK2 11.1.4 Channel 1570W Dolby Atmos Soundbar System deal: $938.00, 45% off | DealDesk","JBL BAR 1300XMK2 11.1.4 Channel 1570W Dolby Atmos Soundbar System deal","JBL BAR 1300XMK2 11.1.4 Channel 1570W Dolby Atmos Soundbar System price | JBL BAR 1300XMK2 11.1.4 Channel 1570W Dolby Atmos Soundbar System discount | eBay JBL BAR 1300XMK2 11.1.4 Channel 1570W Dolby Atmos Soundbar System","86","/merchant/ebay/",""
"ebay-item-167342627158","https://dealdesk.fyi/deals/ebay-item-167342627158/","Klipsch Reference Premiere RP-500M II Bookshelf Speakers – Ebony – Pair deal: $301.00, 45% off | DealDesk","Klipsch Reference Premiere RP-500M II Bookshelf Speakers – Ebony – Pair deal","Klipsch Reference Premiere RP-500M II Bookshelf Speakers – Ebony – Pair price | Klipsch Reference Premiere RP-500M II Bookshelf Speakers – Ebony – Pair discount | eBay Klipsch Reference Premiere RP-500M II Bookshelf Speakers – Ebony – Pair","86","/merchant/ebay/",""
"ebay-item-166708867898-466352533485","https://dealdesk.fyi/deals/ebay-item-166708867898-466352533485/","Bose QuietComfort Ultra Noise Cancelling Headphones, Certified Refurbished deal: $249.00, 45% off | DealDesk","Bose QuietComfort Ultra Noise Cancelling Headphones, Certified Refurbished deal","Bose QuietComfort Ultra Noise Cancelling Headphones, Certified Refurbished price | Bose QuietComfort Ultra Noise Cancelling Headphones, Certified Refurbished discount | eBay Bose QuietComfort Ultra Noise Cancelling Headphones, Certified Refurbished","86","/merchant/ebay/",""
"ebay-item-166819315978-467896873173","https://dealdesk.fyi/deals/ebay-item-166819315978-467896873173/","Bose QuietComfort Noise Cancelling Headphones, Certified Refurbished deal: $199.00, 45% off | DealDesk","Bose QuietComfort Noise Cancelling Headphones, Certified Refurbished deal","Bose QuietComfort Noise Cancelling Headphones, Certified Refurbished price | Bose QuietComfort Noise Cancelling Headphones, Certified Refurbished discount | eBay Bose QuietComfort Noise Cancelling Headphones, Certified Refurbished","86","/merchant/ebay/",""
"ebay-item-318656240492","https://dealdesk.fyi/deals/ebay-item-318656240492/","DJI Mini 3 Photography Drone and DJI RC Remote Controller with Screen Bundle deal: $498.00, 45% off | DealDesk","DJI Mini 3 Photography Drone and DJI RC Remote Controller with Screen Bundle deal","DJI Mini 3 Photography Drone and DJI RC Remote Controller with Screen Bundle price | DJI Mini 3 Photography Drone and DJI RC Remote Controller with Screen Bundle discount | eBay DJI Mini 3 Photography Drone and DJI RC Remote Controller with Screen Bundle","80","/merchant/ebay/",""
"ebay-item-306949458765","https://dealdesk.fyi/deals/ebay-item-306949458765/","Lenovo ThinkPad X1 Carbon Gen 10 14 WUXGA TOUCH i7-1270P 16GB 512GB WIN 11 PRO deal: $549.99, 45% off | DealDesk","Lenovo ThinkPad X1 Carbon Gen 10 14 WUXGA TOUCH i7-1270P 16GB 512GB WIN 11 PRO deal","Lenovo ThinkPad X1 Carbon Gen 10 14 WUXGA TOUCH i7-1270P 16GB 512GB WIN 11 PRO price | Lenovo ThinkPad X1 Carbon Gen 10 14 WUXGA TOUCH i7-1270P 16GB 512GB WIN 11 PRO discount | eBay Lenovo ThinkPad X1 Carbon Gen 10 14 WUXGA TOUCH i7-1270P 16GB 512GB WIN 11 PRO","96","/merchant/ebay/","/compare/lenovo-thinkpad-carbon-gen/"
"ebay-item-286108904231","https://dealdesk.fyi/deals/ebay-item-286108904231/","Makita WT02Z-R 12V max CXT 3/8"" Impact Wrench (Tool Only) Certified Refurbished deal: $64.99, 45% off | DealDesk","Makita WT02Z-R 12V max CXT 3/8"" Impact Wrench (Tool Only) Certified Refurbished deal","Makita WT02Z-R 12V max CXT 3/8"" Impact Wrench (Tool Only) Certified Refurbished price | Makita WT02Z-R 12V max CXT 3/8"" Impact Wrench (Tool Only) Certified Refurbished discount | eBay Makita WT02Z-R 12V max CXT 3/8"" Impact Wrench (Tool Only) Certified Refurbished","86","/merchant/ebay/",""
"ebay-item-336443747423","https://dealdesk.fyi/deals/ebay-item-336443747423/","Makita XSF03Z-R 18V LXT Drywall Screwdriver (Tool Only) Certified Refurbished deal: $105.83, 45% off | DealDesk","Makita XSF03Z-R 18V LXT Drywall Screwdriver (Tool Only) Certified Refurbished deal","Makita XSF03Z-R 18V LXT Drywall Screwdriver (Tool Only) Certified Refurbished price | Makita XSF03Z-R 18V LXT Drywall Screwdriver (Tool Only) Certified Refurbished discount | eBay Makita XSF03Z-R 18V LXT Drywall Screwdriver (Tool Only) Certified Refurbished","86","/merchant/ebay/",""
"ebay-item-277742528926","https://dealdesk.fyi/deals/ebay-item-277742528926/","Dyson TP07 Purifier Cool™ Connected Fan | Black | Refurbished deal: $359.99, 45% off | DealDesk","Dyson TP07 Purifier Cool™ Connected Fan | Black | Refurbished deal","Dyson TP07 Purifier Cool™ Connected Fan | Black | Refurbished price | Dyson TP07 Purifier Cool™ Connected Fan | Black | Refurbished discount | eBay Dyson TP07 Purifier Cool™ Connected Fan | Black | Refurbished","86","/merchant/ebay/",""
"ebay-item-384231038071","https://dealdesk.fyi/deals/ebay-item-384231038071/","Soundcore Boom 2 Plus Outdoor Speaker BassUp 2.0 USB-C Power Bank 140W|Refurbish deal: $139.99, 44% off | DealDesk","Soundcore Boom 2 Plus Outdoor Speaker BassUp 2.0 USB-C Power Bank 140W|Refurbish deal","Soundcore Boom 2 Plus Outdoor Speaker BassUp 2.0 USB-C Power Bank 140W|Refurbish price | Soundcore Boom 2 Plus Outdoor Speaker BassUp 2.0 USB-C Power Bank 140W|Refurbish discount | eBay Soundcore Boom 2 Plus Outdoor Speaker BassUp 2.0 USB-C Power Bank 140W|Refurbish","83","/merchant/ebay/",""
"ebay-item-317850461363","https://dealdesk.fyi/deals/ebay-item-317850461363/","SONY HTA9000 BRAVIA Theater Bar 9 Soundbar for TV Home Theater with Dolby Atmos deal: $839.99, 44% off | DealDesk","SONY HTA9000 BRAVIA Theater Bar 9 Soundbar for TV Home Theater with Dolby Atmos deal","SONY HTA9000 BRAVIA Theater Bar 9 Soundbar for TV Home Theater with Dolby Atmos price | SONY HTA9000 BRAVIA Theater Bar 9 Soundbar for TV Home Theater with Dolby Atmos discount | eBay SONY HTA9000 BRAVIA Theater Bar 9 Soundbar for TV Home Theater with Dolby Atmos","86","/merchant/ebay/",""
"ebay-item-266233217647","https://dealdesk.fyi/deals/ebay-item-266233217647/","DJI Osmo Mobile SE Smartphone Gimbal Stabilizer Android & IOS for Vlog deal: $55.00, 44% off | DealDesk","DJI Osmo Mobile SE Smartphone Gimbal Stabilizer Android & IOS for Vlog deal","DJI Osmo Mobile SE Smartphone Gimbal Stabilizer Android & IOS for Vlog price | DJI Osmo Mobile SE Smartphone Gimbal Stabilizer Android & IOS for Vlog discount | eBay DJI Osmo Mobile SE Smartphone Gimbal Stabilizer Android & IOS for Vlog","80","/merchant/ebay/",""
"ebay-item-278003083150","https://dealdesk.fyi/deals/ebay-item-278003083150/","Lenovo ThinkPad X1 Yoga Gen 6 14.0"" FHD IPS Touch i7-1185g7 32GB RAM 512GB LTE deal: $499.99, 44% off | DealDesk","Lenovo ThinkPad X1 Yoga Gen 6 14.0"" FHD IPS Touch i7-1185g7 32GB RAM 512GB LTE deal","Lenovo ThinkPad X1 Yoga Gen 6 14.0"" FHD IPS Touch i7-1185g7 32GB RAM 512GB LTE price | Lenovo ThinkPad X1 Yoga Gen 6 14.0"" FHD IPS Touch i7-1185g7 32GB RAM 512GB LTE discount | eBay Lenovo ThinkPad X1 Yoga Gen 6 14.0"" FHD IPS Touch i7-1185g7 32GB RAM 512GB LTE","86","/merchant/ebay/",""
"ebay-item-366373129756","https://dealdesk.fyi/deals/ebay-item-366373129756/","HP EliteBook 13.3"" 16GB 512GB, Silver deal: $225.00, 44% off | DealDesk","HP EliteBook 13.3"" 16GB 512GB, Silver deal","HP EliteBook 13.3"" 16GB 512GB, Silver price | HP EliteBook 13.3"" 16GB 512GB, Silver discount | eBay HP EliteBook 13.3"" 16GB 512GB, Silver","86","/merchant/ebay/",""
"ebay-item-335970908668","https://dealdesk.fyi/deals/ebay-item-335970908668/","Makita GHU02Z-R 40V max XGT 24"" Cordless Hedge Trimmer Certified Refurbished deal: $195.93, 44% off | DealDesk","Makita GHU02Z-R 40V max XGT 24"" Cordless Hedge Trimmer Certified Refurbished deal","Makita GHU02Z-R 40V max XGT 24"" Cordless Hedge Trimmer Certified Refurbished price | Makita GHU02Z-R 40V max XGT 24"" Cordless Hedge Trimmer Certified Refurbished discount | eBay Makita GHU02Z-R 40V max XGT 24"" Cordless Hedge Trimmer Certified Refurbished","86","/merchant/ebay/",""
"ebay-item-277300375424-2560761892152","https://dealdesk.fyi/deals/ebay-item-277300375424-2560761892152/","Dyson Supersonic Nural™ hair dryer | Refurbished deal: $249.99, 44% off | DealDesk","Dyson Supersonic Nural™ hair dryer | Refurbished deal","Dyson Supersonic Nural™ hair dryer | Refurbished price | Dyson Supersonic Nural™ hair dryer | Refurbished discount | eBay Dyson Supersonic Nural™ hair dryer | Refurbished","86","/merchant/ebay/",""
"ebay-item-388388731418","https://dealdesk.fyi/deals/ebay-item-388388731418/","eufy Indoor Cam E30 4K UHD Security Camera Color Night Vision Pet/Baby Monitor deal: $39.99, 43% off | DealDesk","eufy Indoor Cam E30 4K UHD Security Camera Color Night Vision Pet/Baby Monitor deal","eufy Indoor Cam E30 4K UHD Security Camera Color Night Vision Pet/Baby Monitor price | eufy Indoor Cam E30 4K UHD Security Camera Color Night Vision Pet/Baby Monitor discount | eBay eufy Indoor Cam E30 4K UHD Security Camera Color Night Vision Pet/Baby Monitor","86","/merchant/ebay/",""
"ebay-item-389788488243","https://dealdesk.fyi/deals/ebay-item-389788488243/","eufy eufyCam C35 4-Cam Security Camera Wireless Indoor/Outdoor Night Vision IP67 deal: $129.99, 43% off | DealDesk","eufy eufyCam C35 4-Cam Security Camera Wireless Indoor/Outdoor Night Vision IP67 deal","eufy eufyCam C35 4-Cam Security Camera Wireless Indoor/Outdoor Night Vision IP67 price | eufy eufyCam C35 4-Cam Security Camera Wireless Indoor/Outdoor Night Vision IP67 discount | eBay eufy eufyCam C35 4-Cam Security Camera Wireless Indoor/Outdoor Night Vision IP67","86","/merchant/ebay/",""
"ebay-item-800048221204","https://dealdesk.fyi/deals/ebay-item-800048221204/","eufy Indoor Cam E30 4K UHD Security Camera Color Night Vision Pet/Baby Monitor deal: $39.99, 43% off | DealDesk","eufy Indoor Cam E30 4K UHD Security Camera Color Night Vision Pet/Baby Monitor deal","eufy Indoor Cam E30 4K UHD Security Camera Color Night Vision Pet/Baby Monitor price | eufy Indoor Cam E30 4K UHD Security Camera Color Night Vision Pet/Baby Monitor discount | eBay eufy Indoor Cam E30 4K UHD Security Camera Color Night Vision Pet/Baby Monitor","86","/merchant/ebay/",""
"ebay-item-256195038210","https://dealdesk.fyi/deals/ebay-item-256195038210/","Acer Aspire 3 15.6"" Laptop AMD Ryzen3 7320U 2.4GHz 8GB RAM 128GB SSD Refurbished deal: $189.71, 43% off | DealDesk","Acer Aspire 3 15.6"" Laptop AMD Ryzen3 7320U 2.4GHz 8GB RAM 128GB SSD Refurbished deal","Acer Aspire 3 15.6"" Laptop AMD Ryzen3 7320U 2.4GHz 8GB RAM 128GB SSD Refurbished price | Acer Aspire 3 15.6"" Laptop AMD Ryzen3 7320U 2.4GHz 8GB RAM 128GB SSD Refurbished discount | eBay Acer Aspire 3 15.6"" Laptop AMD Ryzen3 7320U 2.4GHz 8GB RAM 128GB SSD Refurbished","83","/merchant/ebay/",""
"ebay-item-257335215032-558011763289","https://dealdesk.fyi/deals/ebay-item-257335215032-558011763289/","Samsung Galaxy S25+ 256GB S936U Unlocked - Excellent deal: $568.99, 43% off | DealDesk","Samsung Galaxy S25+ 256GB S936U Unlocked - Excellent deal","Samsung Galaxy S25+ 256GB S936U Unlocked - Excellent price | Samsung Galaxy S25+ 256GB S936U Unlocked - Excellent discount | eBay Samsung Galaxy S25+ 256GB S936U Unlocked - Excellent","96","/merchant/ebay/","/compare/samsung-galaxy-s25/"
"ebay-item-326259018940","https://dealdesk.fyi/deals/ebay-item-326259018940/","Yugioh Legendary DRAGON Decks Box Set Brand New Factory Sealed! deal: $39.99, 43% off | DealDesk","Yugioh Legendary DRAGON Decks Box Set Brand New Factory Sealed! deal","Yugioh Legendary DRAGON Decks Box Set Brand New Factory Sealed! price | Yugioh Legendary DRAGON Decks Box Set Brand New Factory Sealed! discount | eBay Yugioh Legendary DRAGON Decks Box Set Brand New Factory Sealed!","86","/merchant/ebay/",""
"ebay-item-178277661492","https://dealdesk.fyi/deals/ebay-item-178277661492/","The Simpsons Moe Prank Phone deal: $16.99, 43% off | DealDesk","The Simpsons Moe Prank Phone deal","The Simpsons Moe Prank Phone price | The Simpsons Moe Prank Phone discount | eBay The Simpsons Moe Prank Phone","80","/merchant/ebay/",""
"ebay-item-286800004418","https://dealdesk.fyi/deals/ebay-item-286800004418/","Makita TM3010CX1-R 120V 3 Amp Oscillating Multi-Tool Kit Certified Refurbished deal: $119.00, 43% off | DealDesk","Makita TM3010CX1-R 120V 3 Amp Oscillating Multi-Tool Kit Certified Refurbished deal","Makita TM3010CX1-R 120V 3 Amp Oscillating Multi-Tool Kit Certified Refurbished price | Makita TM3010CX1-R 120V 3 Amp Oscillating Multi-Tool Kit Certified Refurbished discount | eBay Makita TM3010CX1-R 120V 3 Amp Oscillating Multi-Tool Kit Certified Refurbished","86","/merchant/ebay/",""
"ebay-item-266844623100","https://dealdesk.fyi/deals/ebay-item-266844623100/","Acer Predator XB3 28"" Gaming Monitor 144Hz 3840x2160 1ms Refurbished deal: $284.57, 43% off | DealDesk","Acer Predator XB3 28"" Gaming Monitor 144Hz 3840x2160 1ms Refurbished deal","Acer Predator XB3 28"" Gaming Monitor 144Hz 3840x2160 1ms Refurbished price | Acer Predator XB3 28"" Gaming Monitor 144Hz 3840x2160 1ms Refurbished discount | eBay Acer Predator XB3 28"" Gaming Monitor 144Hz 3840x2160 1ms Refurbished","86","/merchant/ebay/",""
"ebay-item-167864860947","https://dealdesk.fyi/deals/ebay-item-167864860947/","JBL Bar 1000MK2 480W 7.1.4-Channel Dolby Atmos Soundbar System deal: $706.00, 41% off | DealDesk","JBL Bar 1000MK2 480W 7.1.4-Channel Dolby Atmos Soundbar System deal","JBL Bar 1000MK2 480W 7.1.4-Channel Dolby Atmos Soundbar System price | JBL Bar 1000MK2 480W 7.1.4-Channel Dolby Atmos Soundbar System discount | eBay JBL Bar 1000MK2 480W 7.1.4-Channel Dolby Atmos Soundbar System","86","/merchant/ebay/",""
"ebay-item-406939794615","https://dealdesk.fyi/deals/ebay-item-406939794615/","Super Impulse World's Smallest Radio Flyer Tricycle [SIU5007] deal: $4.69, 41% off | DealDesk","Super Impulse World's Smallest Radio Flyer Tricycle [SIU5007] deal","Super Impulse World's Smallest Radio Flyer Tricycle [SIU5007] price | Super Impulse World's Smallest Radio Flyer Tricycle [SIU5007] discount | eBay Super Impulse World's Smallest Radio Flyer Tricycle [SIU5007]","77","/merchant/ebay/",""
"ebay-item-395688155559","https://dealdesk.fyi/deals/ebay-item-395688155559/","Makita XBU03SM1-R 18V LXT Cordless Blower Kit (4 Ah) Certified Refurbished deal: $159.99, 41% off | DealDesk","Makita XBU03SM1-R 18V LXT Cordless Blower Kit (4 Ah) Certified Refurbished deal","Makita XBU03SM1-R 18V LXT Cordless Blower Kit (4 Ah) Certified Refurbished price | Makita XBU03SM1-R 18V LXT Cordless Blower Kit (4 Ah) Certified Refurbished discount | eBay Makita XBU03SM1-R 18V LXT Cordless Blower Kit (4 Ah) Certified Refurbished","86","/merchant/ebay/",""
"ebay-item-385565756245","https://dealdesk.fyi/deals/ebay-item-385565756245/","eufy Security S380 HomeBase Local Expandable Storage up to 16TB | Refurbished deal: $119.99, 40% off | DealDesk","eufy Security S380 HomeBase Local Expandable Storage up to 16TB | Refurbished deal","eufy Security S380 HomeBase Local Expandable Storage up to 16TB | Refurbished price | eufy Security S380 HomeBase Local Expandable Storage up to 16TB | Refurbished discount | eBay eufy Security S380 HomeBase Local Expandable Storage up to 16TB | Refurbished","86","/merchant/ebay/",""
"ebay-item-800182236766","https://dealdesk.fyi/deals/ebay-item-800182236766/","Reolink TrackMix LTE+Solar Panel 4K 4G Battery Security Camera Dual Lens Camera deal: $191.99, 40% off | DealDesk","Reolink TrackMix LTE+Solar Panel 4K 4G Battery Security Camera Dual Lens Camera deal","Reolink TrackMix LTE+Solar Panel 4K 4G Battery Security Camera Dual Lens Camera price | Reolink TrackMix LTE+Solar Panel 4K 4G Battery Security Camera Dual Lens Camera discount | eBay Reolink TrackMix LTE+Solar Panel 4K 4G Battery Security Camera Dual Lens Camera","86","/merchant/ebay/",""
"ebay-item-800182414000","https://dealdesk.fyi/deals/ebay-item-800182414000/","Reolink Go PT Ultra 4K 4G LTE PT Outdoor Battery Powered Camera with Solar Panel deal: $125.99, 40% off | DealDesk","Reolink Go PT Ultra 4K 4G LTE PT Outdoor Battery Powered Camera with Solar Panel deal","Reolink Go PT Ultra 4K 4G LTE PT Outdoor Battery Powered Camera with Solar Panel price | Reolink Go PT Ultra 4K 4G LTE PT Outdoor Battery Powered Camera with Solar Panel discount | eBay Reolink Go PT Ultra 4K 4G LTE PT Outdoor Battery Powered Camera with Solar Panel","86","/merchant/ebay/",""
"ebay-item-204100636572","https://dealdesk.fyi/deals/ebay-item-204100636572/","Nikon FTZ II Mount Adapter – Adapt F-Mount Lenses to Z Series – BRAND NEW deal: $209.00, 40% off | DealDesk","Nikon FTZ II Mount Adapter – Adapt F-Mount Lenses to Z Series – BRAND NEW deal","Nikon FTZ II Mount Adapter – Adapt F-Mount Lenses to Z Series – BRAND NEW price | Nikon FTZ II Mount Adapter – Adapt F-Mount Lenses to Z Series – BRAND NEW discount | eBay Nikon FTZ II Mount Adapter – Adapt F-Mount Lenses to Z Series – BRAND NEW","86","/merchant/ebay/",""
"ebay-item-204977434465","https://dealdesk.fyi/deals/ebay-item-204977434465/","Nikon FTZ II Mount Adapter - F-Mount to Z-Mount - Model 4264 - OPEN BOX deal: $209.00, 40% off | DealDesk","Nikon FTZ II Mount Adapter - F-Mount to Z-Mount - Model 4264 - OPEN BOX deal","Nikon FTZ II Mount Adapter - F-Mount to Z-Mount - Model 4264 - OPEN BOX price | Nikon FTZ II Mount Adapter - F-Mount to Z-Mount - Model 4264 - OPEN BOX discount | eBay Nikon FTZ II Mount Adapter - F-Mount to Z-Mount - Model 4264 - OPEN BOX","86","/merchant/ebay/",""
"ebay-item-304925526063","https://dealdesk.fyi/deals/ebay-item-304925526063/","Dell Vostro 13 5301 13.3"" FHD i7-1165G7 8GB 1TB PCIe SSD MX350 Webcam FPR W10Pro deal: $399.00, 40% off | DealDesk","Dell Vostro 13 5301 13.3"" FHD i7-1165G7 8GB 1TB PCIe SSD MX350 Webcam FPR W10Pro deal","Dell Vostro 13 5301 13.3"" FHD i7-1165G7 8GB 1TB PCIe SSD MX350 Webcam FPR W10Pro price | Dell Vostro 13 5301 13.3"" FHD i7-1165G7 8GB 1TB PCIe SSD MX350 Webcam FPR W10Pro discount | eBay Dell Vostro 13 5301 13.3"" FHD i7-1165G7 8GB 1TB PCIe SSD MX350 Webcam FPR W10Pro","83","/merchant/ebay/",""
"ebay-item-117276570983","https://dealdesk.fyi/deals/ebay-item-117276570983/","Lenovo ThinkBook G7 16"" WUXGA Ryzen 5 7535HS 16GB 512GB SSD Cam FPReader W11Pro deal: $689.00, 40% off | DealDesk","Lenovo ThinkBook G7 16"" WUXGA Ryzen 5 7535HS 16GB 512GB SSD Cam FPReader W11Pro deal","Lenovo ThinkBook G7 16"" WUXGA Ryzen 5 7535HS 16GB 512GB SSD Cam FPReader W11Pro price | Lenovo ThinkBook G7 16"" WUXGA Ryzen 5 7535HS 16GB 512GB SSD Cam FPReader W11Pro discount | eBay Lenovo ThinkBook G7 16"" WUXGA Ryzen 5 7535HS 16GB 512GB SSD Cam FPReader W11Pro","86","/merchant/ebay/",""
"ebay-item-306690790137","https://dealdesk.fyi/deals/ebay-item-306690790137/","HP Elite Dragonfly Chromebook 13.5"" QHD Touch I7-1265U 32GB 512GB WIFI CHROME deal: $359.99, 40% off | DealDesk","HP Elite Dragonfly Chromebook 13.5"" QHD Touch I7-1265U 32GB 512GB WIFI CHROME deal","HP Elite Dragonfly Chromebook 13.5"" QHD Touch I7-1265U 32GB 512GB WIFI CHROME price | HP Elite Dragonfly Chromebook 13.5"" QHD Touch I7-1265U 32GB 512GB WIFI CHROME discount | eBay HP Elite Dragonfly Chromebook 13.5"" QHD Touch I7-1265U 32GB 512GB WIFI CHROME","86","/merchant/ebay/",""
"ebay-item-336119368054","https://dealdesk.fyi/deals/ebay-item-336119368054/","Makita JR3051T-R 115V 12 Amp Reciprocating Saw Certified Refurbished deal: $94.99, 40% off | DealDesk","Makita JR3051T-R 115V 12 Amp Reciprocating Saw Certified Refurbished deal","Makita JR3051T-R 115V 12 Amp Reciprocating Saw Certified Refurbished price | Makita JR3051T-R 115V 12 Amp Reciprocating Saw Certified Refurbished discount | eBay Makita JR3051T-R 115V 12 Amp Reciprocating Saw Certified Refurbished","86","/merchant/ebay/",""
"ebay-item-267096494337","https://dealdesk.fyi/deals/ebay-item-267096494337/","Lenovo ThinkPad X1 Yoga Touch Laptop 14"" FHD i7 16GB RAM 512GB SSD Win 11 Pro deal: $486.87, 39% off | DealDesk","Lenovo ThinkPad X1 Yoga Touch Laptop 14"" FHD i7 16GB RAM 512GB SSD Win 11 Pro deal","Lenovo ThinkPad X1 Yoga Touch Laptop 14"" FHD i7 16GB RAM 512GB SSD Win 11 Pro price | Lenovo ThinkPad X1 Yoga Touch Laptop 14"" FHD i7 16GB RAM 512GB SSD Win 11 Pro discount | eBay Lenovo ThinkPad X1 Yoga Touch Laptop 14"" FHD i7 16GB RAM 512GB SSD Win 11 Pro","86","/merchant/ebay/",""
"ebay-item-257544527183","https://dealdesk.fyi/deals/ebay-item-257544527183/","WX030L WORX 20V Power Share Cordless Cube Vac Compact Vacuum-CR deal: $94.99, 39% off | DealDesk","WX030L WORX 20V Power Share Cordless Cube Vac Compact Vacuum-CR deal","WX030L WORX 20V Power Share Cordless Cube Vac Compact Vacuum-CR price | WX030L WORX 20V Power Share Cordless Cube Vac Compact Vacuum-CR discount | eBay WX030L WORX 20V Power Share Cordless Cube Vac Compact Vacuum-CR","86","/merchant/ebay/",""
"ebay-item-127875327929","https://dealdesk.fyi/deals/ebay-item-127875327929/","Melissa & Doug Jet Pilot Interactive Dashboard Play Set [LCI32300] deal: $66.99, 39% off | DealDesk","Melissa & Doug Jet Pilot Interactive Dashboard Play Set [LCI32300] deal","Melissa & Doug Jet Pilot Interactive Dashboard Play Set [LCI32300] price | Melissa & Doug Jet Pilot Interactive Dashboard Play Set [LCI32300] discount | eBay Melissa & Doug Jet Pilot Interactive Dashboard Play Set [LCI32300]","80","/merchant/ebay/",""
"ebay-item-266384828094","https://dealdesk.fyi/deals/ebay-item-266384828094/","Acer Chromebook Spin 514- 14in AMD 5625C 8GB RAM 128GB SSD Refurbished deal: $427.79, 39% off | DealDesk","Acer Chromebook Spin 514- 14in AMD 5625C 8GB RAM 128GB SSD Refurbished deal","Acer Chromebook Spin 514- 14in AMD 5625C 8GB RAM 128GB SSD Refurbished price | Acer Chromebook Spin 514- 14in AMD 5625C 8GB RAM 128GB SSD Refurbished discount | eBay Acer Chromebook Spin 514- 14in AMD 5625C 8GB RAM 128GB SSD Refurbished","86","/merchant/ebay/",""
"ebay-item-198488401915","https://dealdesk.fyi/deals/ebay-item-198488401915/","SanDisk Ultra PLUS 32GB SD Memory Card, SDSDUN4032GGG6IN, 120Mbps Data Transfer deal: $14.99, 38% off | DealDesk","SanDisk Ultra PLUS 32GB SD Memory Card, SDSDUN4032GGG6IN, 120Mbps Data Transfer deal","SanDisk Ultra PLUS 32GB SD Memory Card, SDSDUN4032GGG6IN, 120Mbps Data Transfer price | SanDisk Ultra PLUS 32GB SD Memory Card, SDSDUN4032GGG6IN, 120Mbps Data Transfer discount | eBay SanDisk Ultra PLUS 32GB SD Memory Card, SDSDUN4032GGG6IN, 120Mbps Data Transfer","80","/merchant/ebay/",""
"ebay-item-188415139898","https://dealdesk.fyi/deals/ebay-item-188415139898/","Yoto Pixar Audio Collection (6 Card Pack): Learning System for Grades 1-6 deal: $30.99, 38% off | DealDesk","Yoto Pixar Audio Collection (6 Card Pack): Learning System for Grades 1-6 deal","Yoto Pixar Audio Collection (6 Card Pack): Learning System for Grades 1-6 price | Yoto Pixar Audio Collection (6 Card Pack): Learning System for Grades 1-6 discount | eBay Yoto Pixar Audio Collection (6 Card Pack): Learning System for Grades 1-6","80","/merchant/ebay/",""
"ebay-item-335659445126","https://dealdesk.fyi/deals/ebay-item-335659445126/","Makita XOB01-R 18V LXT 5 in. Random Orbit Sander KT (3 Ah) Certified Refurbished deal: $186.12, 38% off | DealDesk","Makita XOB01-R 18V LXT 5 in. Random Orbit Sander KT (3 Ah) Certified Refurbished deal","Makita XOB01-R 18V LXT 5 in. Random Orbit Sander KT (3 Ah) Certified Refurbished price | Makita XOB01-R 18V LXT 5 in. Random Orbit Sander KT (3 Ah) Certified Refurbished discount | eBay Makita XOB01-R 18V LXT 5 in. Random Orbit Sander KT (3 Ah) Certified Refurbished","86","/merchant/ebay/",""
"ebay-item-276019558646","https://dealdesk.fyi/deals/ebay-item-276019558646/","Acer NMW200 Nitro Gaming Mouse III 125MHz deal: $18.59, 38% off | DealDesk","Acer NMW200 Nitro Gaming Mouse III 125MHz deal","Acer NMW200 Nitro Gaming Mouse III 125MHz price | Acer NMW200 Nitro Gaming Mouse III 125MHz discount | eBay Acer NMW200 Nitro Gaming Mouse III 125MHz","86","/merchant/ebay/",""
"ebay-item-256499109365","https://dealdesk.fyi/deals/ebay-item-256499109365/","Acer 315-15.6in Chromebook Intel N100 3.4GHz 4GB 128GB SSD Refurbished deal: $204.59, 38% off | DealDesk","Acer 315-15.6in Chromebook Intel N100 3.4GHz 4GB 128GB SSD Refurbished deal","Acer 315-15.6in Chromebook Intel N100 3.4GHz 4GB 128GB SSD Refurbished price | Acer 315-15.6in Chromebook Intel N100 3.4GHz 4GB 128GB SSD Refurbished discount | eBay Acer 315-15.6in Chromebook Intel N100 3.4GHz 4GB 128GB SSD Refurbished","86","/merchant/ebay/",""
"ebay-item-315999032882","https://dealdesk.fyi/deals/ebay-item-315999032882/","Datacolor Spyder Pro SP2024PRO Monitor Calibration Colorimeter full warranty deal: $169.00, 37% off | DealDesk","Datacolor Spyder Pro SP2024PRO Monitor Calibration Colorimeter full warranty deal","Datacolor Spyder Pro SP2024PRO Monitor Calibration Colorimeter full warranty price | Datacolor Spyder Pro SP2024PRO Monitor Calibration Colorimeter full warranty discount | eBay Datacolor Spyder Pro SP2024PRO Monitor Calibration Colorimeter full warranty","86","/merchant/ebay/",""
"ebay-item-257146795807-557791023649","https://dealdesk.fyi/deals/ebay-item-257146795807-557791023649/","Samsung Galaxy S25 256GB S931U Unlocked - Excellent deal: $539.99, 37% off | DealDesk","Samsung Galaxy S25 256GB S931U Unlocked - Excellent deal","Samsung Galaxy S25 256GB S931U Unlocked - Excellent price | Samsung Galaxy S25 256GB S931U Unlocked - Excellent discount | eBay Samsung Galaxy S25 256GB S931U Unlocked - Excellent","96","/merchant/ebay/","/compare/samsung-galaxy-s25/"
"ebay-item-177631913068","https://dealdesk.fyi/deals/ebay-item-177631913068/","Hot Wheels 50 Car Pack deal: $40.99, 37% off | DealDesk","Hot Wheels 50 Car Pack deal","Hot Wheels 50 Car Pack price | Hot Wheels 50 Car Pack discount | eBay Hot Wheels 50 Car Pack","80","/merchant/ebay/",""
"ebay-item-336121111923","https://dealdesk.fyi/deals/ebay-item-336121111923/","Makita XRW01Z-R 18V LXT 3/8"" / 1/4"" Square Drive Ratchet Certified Refurbished deal: $119.00, 37% off | DealDesk","Makita XRW01Z-R 18V LXT 3/8"" / 1/4"" Square Drive Ratchet Certified Refurbished deal","Makita XRW01Z-R 18V LXT 3/8"" / 1/4"" Square Drive Ratchet Certified Refurbished price | Makita XRW01Z-R 18V LXT 3/8"" / 1/4"" Square Drive Ratchet Certified Refurbished discount | eBay Makita XRW01Z-R 18V LXT 3/8"" / 1/4"" Square Drive Ratchet Certified Refurbished","86","/merchant/ebay/",""
"ebay-item-336038454746","https://dealdesk.fyi/deals/ebay-item-336038454746/","Makita XVJ03Z-R 18V LXT Cordless Jig Saw (Tool Only) Certified Refurbished deal: $130.13, 37% off | DealDesk","Makita XVJ03Z-R 18V LXT Cordless Jig Saw (Tool Only) Certified Refurbished deal","Makita XVJ03Z-R 18V LXT Cordless Jig Saw (Tool Only) Certified Refurbished price | Makita XVJ03Z-R 18V LXT Cordless Jig Saw (Tool Only) Certified Refurbished discount | eBay Makita XVJ03Z-R 18V LXT Cordless Jig Saw (Tool Only) Certified Refurbished","86","/merchant/ebay/",""
"ebay-item-277520789131","https://dealdesk.fyi/deals/ebay-item-277520789131/","Dyson HS05 Airwrap Styler (Long) | Nickel/Copper l Refurbished deal: $379.99, 37% off | DealDesk","Dyson HS05 Airwrap Styler (Long) | Nickel/Copper l Refurbished deal","Dyson HS05 Airwrap Styler (Long) | Nickel/Copper l Refurbished price | Dyson HS05 Airwrap Styler (Long) | Nickel/Copper l Refurbished discount | eBay Dyson HS05 Airwrap Styler (Long) | Nickel/Copper l Refurbished","86","/merchant/ebay/",""
"ebay-item-278027291246","https://dealdesk.fyi/deals/ebay-item-278027291246/","Dyson Airwrap™ Complete (Long) Diffuse | Prussian Blue/Copper | Refurbished deal: $379.99, 37% off | DealDesk","Dyson Airwrap™ Complete (Long) Diffuse | Prussian Blue/Copper | Refurbished deal","Dyson Airwrap™ Complete (Long) Diffuse | Prussian Blue/Copper | Refurbished price | Dyson Airwrap™ Complete (Long) Diffuse | Prussian Blue/Copper | Refurbished discount | eBay Dyson Airwrap™ Complete (Long) Diffuse | Prussian Blue/Copper | Refurbished","86","/merchant/ebay/",""
"ebay-item-384803790556","https://dealdesk.fyi/deals/ebay-item-384803790556/","Atlas HO Scale Code 100 36"" Super-Flex Bulk Model Train Track (10 Pieces) deal: $52.99, 36% off | DealDesk","Atlas HO Scale Code 100 36"" Super-Flex Bulk Model Train Track (10 Pieces) deal","Atlas HO Scale Code 100 36"" Super-Flex Bulk Model Train Track (10 Pieces) price | Atlas HO Scale Code 100 36"" Super-Flex Bulk Model Train Track (10 Pieces) discount | eBay Atlas HO Scale Code 100 36"" Super-Flex Bulk Model Train Track (10 Pieces)","77","/merchant/ebay/",""
"ebay-item-800260881138","https://dealdesk.fyi/deals/ebay-item-800260881138/","Reolink Duo 3 PoE 16MP Dual-Lens Security Camera 180° Panoramic Smart Detection deal: $136.49, 35% off | DealDesk","Reolink Duo 3 PoE 16MP Dual-Lens Security Camera 180° Panoramic Smart Detection deal","Reolink Duo 3 PoE 16MP Dual-Lens Security Camera 180° Panoramic Smart Detection price | Reolink Duo 3 PoE 16MP Dual-Lens Security Camera 180° Panoramic Smart Detection discount | eBay Reolink Duo 3 PoE 16MP Dual-Lens Security Camera 180° Panoramic Smart Detection","86","/merchant/ebay/",""
"ebay-item-407076789103","https://dealdesk.fyi/deals/ebay-item-407076789103/","Reolink RLN8-410 8CH NVR Security Camera Recorder CCTV Surveillance 2TB HDD deal: $227.49, 35% off | DealDesk","Reolink RLN8-410 8CH NVR Security Camera Recorder CCTV Surveillance 2TB HDD deal","Reolink RLN8-410 8CH NVR Security Camera Recorder CCTV Surveillance 2TB HDD price | Reolink RLN8-410 8CH NVR Security Camera Recorder CCTV Surveillance 2TB HDD discount | eBay Reolink RLN8-410 8CH NVR Security Camera Recorder CCTV Surveillance 2TB HDD","86","/merchant/ebay/",""
"ebay-item-407107919946","https://dealdesk.fyi/deals/ebay-item-407107919946/","Reolink RLN16-410 16CH PoE NVR 4TB HDD 16MP 24/7 Recording Remote View Recorder deal: $298.99, 35% off | DealDesk","Reolink RLN16-410 16CH PoE NVR 4TB HDD 16MP 24/7 Recording Remote View Recorder deal","Reolink RLN16-410 16CH PoE NVR 4TB HDD 16MP 24/7 Recording Remote View Recorder price | Reolink RLN16-410 16CH PoE NVR 4TB HDD 16MP 24/7 Recording Remote View Recorder discount | eBay Reolink RLN16-410 16CH PoE NVR 4TB HDD 16MP 24/7 Recording Remote View Recorder","86","/merchant/ebay/",""
"ebay-item-167031735841","https://dealdesk.fyi/deals/ebay-item-167031735841/","Bose Solo Soundbar 2 Home Theater, Certified Refurbished deal: $129.00, 35% off | DealDesk","Bose Solo Soundbar 2 Home Theater, Certified Refurbished deal","Bose Solo Soundbar 2 Home Theater, Certified Refurbished price | Bose Solo Soundbar 2 Home Theater, Certified Refurbished discount | eBay Bose Solo Soundbar 2 Home Theater, Certified Refurbished","86","/merchant/ebay/",""
"ebay-item-314609606173","https://dealdesk.fyi/deals/ebay-item-314609606173/","Warhammer AoS Orruk Warclans Mugruk Da Watcha Swampcalla Shaman Miniature deal: $12.34, 35% off | DealDesk","Warhammer AoS Orruk Warclans Mugruk Da Watcha Swampcalla Shaman Miniature deal","Warhammer AoS Orruk Warclans Mugruk Da Watcha Swampcalla Shaman Miniature price | Warhammer AoS Orruk Warclans Mugruk Da Watcha Swampcalla Shaman Miniature discount | eBay Warhammer AoS Orruk Warclans Mugruk Da Watcha Swampcalla Shaman Miniature","80","/merchant/ebay/",""
"ebay-item-157800026347","https://dealdesk.fyi/deals/ebay-item-157800026347/","Onkyo TX-RZ70 11.4 Channel THX Certified Network AV Receiver deal: $1,519.00, 34% off | DealDesk","Onkyo TX-RZ70 11.4 Channel THX Certified Network AV Receiver deal","Onkyo TX-RZ70 11.4 Channel THX Certified Network AV Receiver price | Onkyo TX-RZ70 11.4 Channel THX Certified Network AV Receiver discount | eBay Onkyo TX-RZ70 11.4 Channel THX Certified Network AV Receiver","86","/merchant/ebay/",""
"ebay-item-187216822374","https://dealdesk.fyi/deals/ebay-item-187216822374/","Kanto YU6 2-Way Powered Bookshelf Speakers with Bluetooth - Matte Black - Pair deal: $380.00, 34% off | DealDesk","Kanto YU6 2-Way Powered Bookshelf Speakers with Bluetooth - Matte Black - Pair deal","Kanto YU6 2-Way Powered Bookshelf Speakers with Bluetooth - Matte Black - Pair price | Kanto YU6 2-Way Powered Bookshelf Speakers with Bluetooth - Matte Black - Pair discount | eBay Kanto YU6 2-Way Powered Bookshelf Speakers with Bluetooth - Matte Black - Pair","86","/merchant/ebay/",""
"ebay-item-315011828014","https://dealdesk.fyi/deals/ebay-item-315011828014/","Datacolor KIT: Spyder X Pro SXP100 Monitor Display Colorimeter+Spyder USBC cable deal: $105.59, 34% off | DealDesk","Datacolor KIT: Spyder X Pro SXP100 Monitor Display Colorimeter+Spyder USBC cable deal","Datacolor KIT: Spyder X Pro SXP100 Monitor Display Colorimeter+Spyder USBC cable price | Datacolor KIT: Spyder X Pro SXP100 Monitor Display Colorimeter+Spyder USBC cable discount | eBay Datacolor KIT: Spyder X Pro SXP100 Monitor Display Colorimeter+Spyder USBC cable","86","/merchant/ebay/",""
"ebay-item-178159349301","https://dealdesk.fyi/deals/ebay-item-178159349301/","Our Generation Kinsley & Kenzi 18"" Doll & Pet Puppy Set deal: $22.99, 34% off | DealDesk","Our Generation Kinsley & Kenzi 18"" Doll & Pet Puppy Set deal","Our Generation Kinsley & Kenzi 18"" Doll & Pet Puppy Set price | Our Generation Kinsley & Kenzi 18"" Doll & Pet Puppy Set discount | eBay Our Generation Kinsley & Kenzi 18"" Doll & Pet Puppy Set","80","/merchant/ebay/",""
"ebay-item-389238481744","https://dealdesk.fyi/deals/ebay-item-389238481744/","Apple AirPods Pro 3rd Wireless Active Noise Cancelling Earbuds - White MFHP4LL/A deal: $164.99, 34% off | DealDesk","Apple AirPods Pro 3rd Wireless Active Noise Cancelling Earbuds - White MFHP4LL/A deal","Apple AirPods Pro 3rd Wireless Active Noise Cancelling Earbuds - White MFHP4LL/A price | Apple AirPods Pro 3rd Wireless Active Noise Cancelling Earbuds - White MFHP4LL/A discount | eBay Apple AirPods Pro 3rd Wireless Active Noise Cancelling Earbuds - White MFHP4LL/A","86","/merchant/ebay/",""
"ebay-item-377264826601","https://dealdesk.fyi/deals/ebay-item-377264826601/","Beyerdynamic DT990 Pro Acoustically Open Headphones 250 Ohms deal: $137.99, 34% off | DealDesk","Beyerdynamic DT990 Pro Acoustically Open Headphones 250 Ohms deal","Beyerdynamic DT990 Pro Acoustically Open Headphones 250 Ohms price | Beyerdynamic DT990 Pro Acoustically Open Headphones 250 Ohms discount | eBay Beyerdynamic DT990 Pro Acoustically Open Headphones 250 Ohms","86","/merchant/ebay/",""
"ebay-item-186465664855-694515751648","https://dealdesk.fyi/deals/ebay-item-186465664855-694515751648/","Bose QuietComfort Ultra Noise Cancelling Earbuds, Certified Refurbished deal: $199.00, 33% off | DealDesk","Bose QuietComfort Ultra Noise Cancelling Earbuds, Certified Refurbished deal","Bose QuietComfort Ultra Noise Cancelling Earbuds, Certified Refurbished price | Bose QuietComfort Ultra Noise Cancelling Earbuds, Certified Refurbished discount | eBay Bose QuietComfort Ultra Noise Cancelling Earbuds, Certified Refurbished","86","/merchant/ebay/",""
"ebay-item-314646736192","https://dealdesk.fyi/deals/ebay-item-314646736192/","Datacolor Spyder X Pro SXP100 Monitor Display Color Calibration Colorimeter deal: $99.99, 33% off | DealDesk","Datacolor Spyder X Pro SXP100 Monitor Display Color Calibration Colorimeter deal","Datacolor Spyder X Pro SXP100 Monitor Display Color Calibration Colorimeter price | Datacolor Spyder X Pro SXP100 Monitor Display Color Calibration Colorimeter discount | eBay Datacolor Spyder X Pro SXP100 Monitor Display Color Calibration Colorimeter","86","/merchant/ebay/",""
"ebay-item-398023112293","https://dealdesk.fyi/deals/ebay-item-398023112293/","WX856L Worx 20V Powershare Cordless 10"" Polisher / Buffer-CR deal: $106.99, 33% off | DealDesk","WX856L Worx 20V Powershare Cordless 10"" Polisher / Buffer-CR deal","WX856L Worx 20V Powershare Cordless 10"" Polisher / Buffer-CR price | WX856L Worx 20V Powershare Cordless 10"" Polisher / Buffer-CR discount | eBay WX856L Worx 20V Powershare Cordless 10"" Polisher / Buffer-CR","86","/merchant/ebay/",""
"ebay-item-121952240942","https://dealdesk.fyi/deals/ebay-item-121952240942/","Hobbywing LED Program Card [HWA30501003] deal: $9.99, 33% off | DealDesk","Hobbywing LED Program Card [HWA30501003] deal","Hobbywing LED Program Card [HWA30501003] price | Hobbywing LED Program Card [HWA30501003] discount | eBay Hobbywing LED Program Card [HWA30501003]","77","/merchant/ebay/",""
"ebay-item-266071055949","https://dealdesk.fyi/deals/ebay-item-266071055949/","Acer 45W Adapter with Power Cord deal: $19.99, 33% off | DealDesk","Acer 45W Adapter with Power Cord deal","Acer 45W Adapter with Power Cord price | Acer 45W Adapter with Power Cord discount | eBay Acer 45W Adapter with Power Cord","86","/merchant/ebay/",""
"ebay-item-266151308350","https://dealdesk.fyi/deals/ebay-item-266151308350/","Acer 65W Adapter with Power Cord deal: $19.99, 33% off | DealDesk","Acer 65W Adapter with Power Cord deal","Acer 65W Adapter with Power Cord price | Acer 65W Adapter with Power Cord discount | eBay Acer 65W Adapter with Power Cord","86","/merchant/ebay/",""
"ebay-item-256546223161","https://dealdesk.fyi/deals/ebay-item-256546223161/","Acer CB2 34in Widescreen Monitor UWQHD 3440x1440 75Hz IPS Refurbished deal: $269.69, 33% off | DealDesk","Acer CB2 34in Widescreen Monitor UWQHD 3440x1440 75Hz IPS Refurbished deal","Acer CB2 34in Widescreen Monitor UWQHD 3440x1440 75Hz IPS Refurbished price | Acer CB2 34in Widescreen Monitor UWQHD 3440x1440 75Hz IPS Refurbished discount | eBay Acer CB2 34in Widescreen Monitor UWQHD 3440x1440 75Hz IPS Refurbished","86","/merchant/ebay/",""
"ebay-item-135641149030","https://dealdesk.fyi/deals/ebay-item-135641149030/","Vizio SV510X-0806B-RB 5.1 Ch Dolby Atmos 33"" Soundbar - Certified Refurbished deal: $169.00, 32% off | DealDesk","Vizio SV510X-0806B-RB 5.1 Ch Dolby Atmos 33"" Soundbar - Certified Refurbished deal","Vizio SV510X-0806B-RB 5.1 Ch Dolby Atmos 33"" Soundbar - Certified Refurbished price | Vizio SV510X-0806B-RB 5.1 Ch Dolby Atmos 33"" Soundbar - Certified Refurbished discount | eBay Vizio SV510X-0806B-RB 5.1 Ch Dolby Atmos 33"" Soundbar - Certified Refurbished","86","/merchant/ebay/",""
"ebay-item-286736824423","https://dealdesk.fyi/deals/ebay-item-286736824423/","WORX WX990L 20V (2) PC MAKERX Combo: Rotary Tool, Angle Grinder + Accessories-CR deal: $143.99, 32% off | DealDesk","WORX WX990L 20V (2) PC MAKERX Combo: Rotary Tool, Angle Grinder + Accessories-CR deal","WORX WX990L 20V (2) PC MAKERX Combo: Rotary Tool, Angle Grinder + Accessories-CR price | WORX WX990L 20V (2) PC MAKERX Combo: Rotary Tool, Angle Grinder + Accessories-CR discount | eBay WORX WX990L 20V (2) PC MAKERX Combo: Rotary Tool, Angle Grinder + Accessories-CR","86","/merchant/ebay/",""
"ebay-item-198541862338","https://dealdesk.fyi/deals/ebay-item-198541862338/","Teenage Mutant Ninja Turtles x G.I. Joe - Snake Eyes x Leo Action Figure (TMNT) deal: $20.53, 32% off | DealDesk","Teenage Mutant Ninja Turtles x G.I. Joe - Snake Eyes x Leo Action Figure (TMNT) deal","Teenage Mutant Ninja Turtles x G.I. Joe - Snake Eyes x Leo Action Figure (TMNT) price | Teenage Mutant Ninja Turtles x G.I. Joe - Snake Eyes x Leo Action Figure (TMNT) discount | eBay Teenage Mutant Ninja Turtles x G.I. Joe - Snake Eyes x Leo Action Figure (TMNT)","80","/merchant/ebay/",""
"ebay-item-266855045277","https://dealdesk.fyi/deals/ebay-item-266855045277/","Acer Nitro 15.6in 4K UHD IPS Monitor 60Hz 3840x2160 320Nit Refurbished deal: $743.99, 32% off | DealDesk","Acer Nitro 15.6in 4K UHD IPS Monitor 60Hz 3840x2160 320Nit Refurbished deal","Acer Nitro 15.6in 4K UHD IPS Monitor 60Hz 3840x2160 320Nit Refurbished price | Acer Nitro 15.6in 4K UHD IPS Monitor 60Hz 3840x2160 320Nit Refurbished discount | eBay Acer Nitro 15.6in 4K UHD IPS Monitor 60Hz 3840x2160 320Nit Refurbished","86","/merchant/ebay/",""
"ebay-item-326607787034","https://dealdesk.fyi/deals/ebay-item-326607787034/","Samsung Q Series Soundbar 11.1.4 ch Subwoofer + Rear Speaker 2025 deal: $1,095.00, 31% off | DealDesk","Samsung Q Series Soundbar 11.1.4 ch Subwoofer + Rear Speaker 2025 deal","Samsung Q Series Soundbar 11.1.4 ch Subwoofer + Rear Speaker 2025 price | Samsung Q Series Soundbar 11.1.4 ch Subwoofer + Rear Speaker 2025 discount | eBay Samsung Q Series Soundbar 11.1.4 ch Subwoofer + Rear Speaker 2025","86","/merchant/ebay/",""
"ebay-item-256922967394","https://dealdesk.fyi/deals/ebay-item-256922967394/","WX027L Worx 20V MaxLithium Cordless Multi-Function LED Flashlight-CR deal: $74.99, 31% off | DealDesk","WX027L Worx 20V MaxLithium Cordless Multi-Function LED Flashlight-CR deal","WX027L Worx 20V MaxLithium Cordless Multi-Function LED Flashlight-CR price | WX027L Worx 20V MaxLithium Cordless Multi-Function LED Flashlight-CR discount | eBay WX027L Worx 20V MaxLithium Cordless Multi-Function LED Flashlight-CR","86","/merchant/ebay/",""
"ebay-item-398241371358","https://dealdesk.fyi/deals/ebay-item-398241371358/","Teenage Mutant Ninja Turtles x G.I. Joe - Stormshadow x Slash Action Figure (TMN deal: $20.70, 31% off | DealDesk","Teenage Mutant Ninja Turtles x G.I. Joe - Stormshadow x Slash Action Figure (TMN deal","Teenage Mutant Ninja Turtles x G.I. Joe - Stormshadow x Slash Action Figure (TMN price | Teenage Mutant Ninja Turtles x G.I. Joe - Stormshadow x Slash Action Figure (TMN discount | eBay Teenage Mutant Ninja Turtles x G.I. Joe - Stormshadow x Slash Action Figure (TMN","80","/merchant/ebay/",""
"ebay-item-198534323667","https://dealdesk.fyi/deals/ebay-item-198534323667/","Teenage Mutant Ninja Turtles x G.I. Joe - Destro x Krang Action Figure (TMNT) [N deal: $20.70, 31% off | DealDesk","Teenage Mutant Ninja Turtles x G.I. Joe - Destro x Krang Action Figure (TMNT) [N deal","Teenage Mutant Ninja Turtles x G.I. Joe - Destro x Krang Action Figure (TMNT) [N price | Teenage Mutant Ninja Turtles x G.I. Joe - Destro x Krang Action Figure (TMNT) [N discount | eBay Teenage Mutant Ninja Turtles x G.I. Joe - Destro x Krang Action Figure (TMNT) [N","80","/merchant/ebay/",""
"ebay-item-407101159635","https://dealdesk.fyi/deals/ebay-item-407101159635/","Reolink 5MP PoE Cam with Smart AI Detection, 100ft Night Vision, Audio, RLC-510A deal: $48.99, 30% off | DealDesk","Reolink 5MP PoE Cam with Smart AI Detection, 100ft Night Vision, Audio, RLC-510A deal","Reolink 5MP PoE Cam with Smart AI Detection, 100ft Night Vision, Audio, RLC-510A price | Reolink 5MP PoE Cam with Smart AI Detection, 100ft Night Vision, Audio, RLC-510A discount | eBay Reolink 5MP PoE Cam with Smart AI Detection, 100ft Night Vision, Audio, RLC-510A","86","/merchant/ebay/",""
"ebay-item-407069293251","https://dealdesk.fyi/deals/ebay-item-407069293251/","Reolink RLC-810A 4k Outdoor PoE Security Camera Smart Detection Night Vision deal: $69.99, 30% off | DealDesk","Reolink RLC-810A 4k Outdoor PoE Security Camera Smart Detection Night Vision deal","Reolink RLC-810A 4k Outdoor PoE Security Camera Smart Detection Night Vision price | Reolink RLC-810A 4k Outdoor PoE Security Camera Smart Detection Night Vision discount | eBay Reolink RLC-810A 4k Outdoor PoE Security Camera Smart Detection Night Vision","86","/merchant/ebay/",""
"ebay-item-397773667512","https://dealdesk.fyi/deals/ebay-item-397773667512/","onn. 100135498 5.1 Ultra-Slim Surround Soundbar Only w/ power cable deal: $41.93, 30% off | DealDesk","onn. 100135498 5.1 Ultra-Slim Surround Soundbar Only w/ power cable deal","onn. 100135498 5.1 Ultra-Slim Surround Soundbar Only w/ power cable price | onn. 100135498 5.1 Ultra-Slim Surround Soundbar Only w/ power cable discount | eBay onn. 100135498 5.1 Ultra-Slim Surround Soundbar Only w/ power cable","86","/merchant/ebay/",""
"ebay-item-285772594436","https://dealdesk.fyi/deals/ebay-item-285772594436/","Nintendo Switch OLED 64GB White Console + 🛡️ Screen Protector & SD Card Bundle deal: $279.99, 30% off | DealDesk","Nintendo Switch OLED 64GB White Console + 🛡️ Screen Protector & SD Card Bundle deal","Nintendo Switch OLED 64GB White Console + 🛡️ Screen Protector & SD Card Bundle price | Nintendo Switch OLED 64GB White Console + 🛡️ Screen Protector & SD Card Bundle discount | eBay Nintendo Switch OLED 64GB White Console + 🛡️ Screen Protector & SD Card Bundle","96","/merchant/ebay/","/compare/nintendo-switch-oled-64/"
"ebay-item-195302463857","https://dealdesk.fyi/deals/ebay-item-195302463857/","Nintendo Switch Gray Joy Cons 32GB Gaming Console + 2DAY Ship ✈️ + 1YR Warnty deal: $209.99, 30% off | DealDesk","Nintendo Switch Gray Joy Cons 32GB Gaming Console + 2DAY Ship ✈️ + 1YR Warnty deal","Nintendo Switch Gray Joy Cons 32GB Gaming Console + 2DAY Ship ✈️ + 1YR Warnty price | Nintendo Switch Gray Joy Cons 32GB Gaming Console + 2DAY Ship ✈️ + 1YR Warnty discount | eBay Nintendo Switch Gray Joy Cons 32GB Gaming Console + 2DAY Ship ✈️ + 1YR Warnty","86","/merchant/ebay/",""
"ebay-item-397200450899","https://dealdesk.fyi/deals/ebay-item-397200450899/","Makita XVJ04Z-R 18V LXT BL Cordless Jig Saw (Tool Only) Certified Refurbished deal: $139.99, 30% off | DealDesk","Makita XVJ04Z-R 18V LXT BL Cordless Jig Saw (Tool Only) Certified Refurbished deal","Makita XVJ04Z-R 18V LXT BL Cordless Jig Saw (Tool Only) Certified Refurbished price | Makita XVJ04Z-R 18V LXT BL Cordless Jig Saw (Tool Only) Certified Refurbished discount | eBay Makita XVJ04Z-R 18V LXT BL Cordless Jig Saw (Tool Only) Certified Refurbished","86","/merchant/ebay/",""
"ebay-item-396632488371","https://dealdesk.fyi/deals/ebay-item-396632488371/","Makita GCU06T1-R 40V max XGT 18"" Cordless Chain Saw Certified Refurbished deal: $386.21, 30% off | DealDesk","Makita GCU06T1-R 40V max XGT 18"" Cordless Chain Saw Certified Refurbished deal","Makita GCU06T1-R 40V max XGT 18"" Cordless Chain Saw Certified Refurbished price | Makita GCU06T1-R 40V max XGT 18"" Cordless Chain Saw Certified Refurbished discount | eBay Makita GCU06T1-R 40V max XGT 18"" Cordless Chain Saw Certified Refurbished","86","/merchant/ebay/",""
"ebay-item-266574701809","https://dealdesk.fyi/deals/ebay-item-266574701809/","Acer K202Q 19.5"" 1600x900 75Hz 200Nit 6ms VGA HDMI VESA 100x100 Refurbished deal: $55.79, 30% off | DealDesk","Acer K202Q 19.5"" 1600x900 75Hz 200Nit 6ms VGA HDMI VESA 100x100 Refurbished deal","Acer K202Q 19.5"" 1600x900 75Hz 200Nit 6ms VGA HDMI VESA 100x100 Refurbished price | Acer K202Q 19.5"" 1600x900 75Hz 200Nit 6ms VGA HDMI VESA 100x100 Refurbished discount | eBay Acer K202Q 19.5"" 1600x900 75Hz 200Nit 6ms VGA HDMI VESA 100x100 Refurbished","86","/merchant/ebay/",""
"ebay-item-266635764309","https://dealdesk.fyi/deals/ebay-item-266635764309/","Acer K2 Essential 19.5in Monitor HD+ 1600x900 75Hz 6ms 200Nit Refurbished deal: $55.79, 30% off | DealDesk","Acer K2 Essential 19.5in Monitor HD+ 1600x900 75Hz 6ms 200Nit Refurbished deal","Acer K2 Essential 19.5in Monitor HD+ 1600x900 75Hz 6ms 200Nit Refurbished price | Acer K2 Essential 19.5in Monitor HD+ 1600x900 75Hz 6ms 200Nit Refurbished discount | eBay Acer K2 Essential 19.5in Monitor HD+ 1600x900 75Hz 6ms 200Nit Refurbished","86","/merchant/ebay/",""
"ebay-item-276594764420","https://dealdesk.fyi/deals/ebay-item-276594764420/","Acer K2 Essential - 19.5"" Monitor HD+ 1600x900 75Hz TN 6ms 200Nit HDMI VGA deal: $55.79, 30% off | DealDesk","Acer K2 Essential - 19.5"" Monitor HD+ 1600x900 75Hz TN 6ms 200Nit HDMI VGA deal","Acer K2 Essential - 19.5"" Monitor HD+ 1600x900 75Hz TN 6ms 200Nit HDMI VGA price | Acer K2 Essential - 19.5"" Monitor HD+ 1600x900 75Hz TN 6ms 200Nit HDMI VGA discount | eBay Acer K2 Essential - 19.5"" Monitor HD+ 1600x900 75Hz TN 6ms 200Nit HDMI VGA","86","/merchant/ebay/",""
"ebay-item-305985346168","https://dealdesk.fyi/deals/ebay-item-305985346168/","DJI Mini SE Drone Fly More Ready To Fly Vlogger Combo - Certified Refurbished deal: $349.00, 29% off | DealDesk","DJI Mini SE Drone Fly More Ready To Fly Vlogger Combo - Certified Refurbished deal","DJI Mini SE Drone Fly More Ready To Fly Vlogger Combo - Certified Refurbished price | DJI Mini SE Drone Fly More Ready To Fly Vlogger Combo - Certified Refurbished discount | eBay DJI Mini SE Drone Fly More Ready To Fly Vlogger Combo - Certified Refurbished","86","/merchant/ebay/",""
"ebay-item-186335228371","https://dealdesk.fyi/deals/ebay-item-186335228371/","Sony Alpha a7C II 4K 33MP Full-Frame Mirrorless Camera ILCE7CM2S - Silver - NEW deal: $1,779.00, 29% off | DealDesk","Sony Alpha a7C II 4K 33MP Full-Frame Mirrorless Camera ILCE7CM2S - Silver - NEW deal","Sony Alpha a7C II 4K 33MP Full-Frame Mirrorless Camera ILCE7CM2S - Silver - NEW price | Sony Alpha a7C II 4K 33MP Full-Frame Mirrorless Camera ILCE7CM2S - Silver - NEW discount | eBay Sony Alpha a7C II 4K 33MP Full-Frame Mirrorless Camera ILCE7CM2S - Silver - NEW","86","/merchant/ebay/",""
"ebay-item-115896378894","https://dealdesk.fyi/deals/ebay-item-115896378894/","Dell Precision 15.6 Laptop: i5 Quad Core! 16GB RAM - 256GB SSD! Windows 11 Pro deal: $249.59, 29% off | DealDesk","Dell Precision 15.6 Laptop: i5 Quad Core! 16GB RAM - 256GB SSD! Windows 11 Pro deal","Dell Precision 15.6 Laptop: i5 Quad Core! 16GB RAM - 256GB SSD! Windows 11 Pro price | Dell Precision 15.6 Laptop: i5 Quad Core! 16GB RAM - 256GB SSD! Windows 11 Pro discount | eBay Dell Precision 15.6 Laptop: i5 Quad Core! 16GB RAM - 256GB SSD! Windows 11 Pro","86","/merchant/ebay/",""
"ebay-item-336561176798","https://dealdesk.fyi/deals/ebay-item-336561176798/","Yugioh Battles of Legend Glorious Gallery Booster Box 1st Edition Factory Sealed deal: $76.95, 29% off | DealDesk","Yugioh Battles of Legend Glorious Gallery Booster Box 1st Edition Factory Sealed deal","Yugioh Battles of Legend Glorious Gallery Booster Box 1st Edition Factory Sealed price | Yugioh Battles of Legend Glorious Gallery Booster Box 1st Edition Factory Sealed discount | eBay Yugioh Battles of Legend Glorious Gallery Booster Box 1st Edition Factory Sealed","80","/merchant/ebay/",""
"ebay-item-307090925574","https://dealdesk.fyi/deals/ebay-item-307090925574/","Magic Johnson - McFarlane's SportsPicks - Legends Series: NBA - Magic Johnson (L deal: $23.37, 29% off | DealDesk","Magic Johnson - McFarlane's SportsPicks - Legends Series: NBA - Magic Johnson (L deal","Magic Johnson - McFarlane's SportsPicks - Legends Series: NBA - Magic Johnson (L price | Magic Johnson - McFarlane's SportsPicks - Legends Series: NBA - Magic Johnson (L discount | eBay Magic Johnson - McFarlane's SportsPicks - Legends Series: NBA - Magic Johnson (L","80","/merchant/ebay/",""
"ebay-item-366528761244","https://dealdesk.fyi/deals/ebay-item-366528761244/","Binho Board Classic Inter Miami CF (3rd Edition) 2-Player Pinball Soccer Game deal: $106.40, 29% off | DealDesk","Binho Board Classic Inter Miami CF (3rd Edition) 2-Player Pinball Soccer Game deal","Binho Board Classic Inter Miami CF (3rd Edition) 2-Player Pinball Soccer Game price | Binho Board Classic Inter Miami CF (3rd Edition) 2-Player Pinball Soccer Game discount | eBay Binho Board Classic Inter Miami CF (3rd Edition) 2-Player Pinball Soccer Game","80","/merchant/ebay/",""
"ebay-item-137220666638","https://dealdesk.fyi/deals/ebay-item-137220666638/","Binho Board OG Board Game 2-Player Finger Flicker Soccer Pinball Board Games deal: $71.20, 29% off | DealDesk","Binho Board OG Board Game 2-Player Finger Flicker Soccer Pinball Board Games deal","Binho Board OG Board Game 2-Player Finger Flicker Soccer Pinball Board Games price | Binho Board OG Board Game 2-Player Finger Flicker Soccer Pinball Board Games discount | eBay Binho Board OG Board Game 2-Player Finger Flicker Soccer Pinball Board Games","80","/merchant/ebay/",""
"ebay-item-187429968920","https://dealdesk.fyi/deals/ebay-item-187429968920/","Yamaha R-S202 2ch. Natural Sound 200W Bluetooth Stereo Receiver deal: $159.00, 28% off | DealDesk","Yamaha R-S202 2ch. Natural Sound 200W Bluetooth Stereo Receiver deal","Yamaha R-S202 2ch. Natural Sound 200W Bluetooth Stereo Receiver price | Yamaha R-S202 2ch. Natural Sound 200W Bluetooth Stereo Receiver discount | eBay Yamaha R-S202 2ch. Natural Sound 200W Bluetooth Stereo Receiver","86","/merchant/ebay/",""
"ebay-item-204784953230","https://dealdesk.fyi/deals/ebay-item-204784953230/","Sony FE 70-200mm f/2.8 GM OSS II Lens - SEL70200GM2 - G Master - Full-Frame NEW deal: $2,259.00, 28% off | DealDesk","Sony FE 70-200mm f/2.8 GM OSS II Lens - SEL70200GM2 - G Master - Full-Frame NEW deal","Sony FE 70-200mm f/2.8 GM OSS II Lens - SEL70200GM2 - G Master - Full-Frame NEW price | Sony FE 70-200mm f/2.8 GM OSS II Lens - SEL70200GM2 - G Master - Full-Frame NEW discount | eBay Sony FE 70-200mm f/2.8 GM OSS II Lens - SEL70200GM2 - G Master - Full-Frame NEW","86","/merchant/ebay/",""
"ebay-item-336653631060","https://dealdesk.fyi/deals/ebay-item-336653631060/","Yugioh Chaos Origins Booster Box 1st Edition Factory Sealed deal: $77.99, 28% off | DealDesk","Yugioh Chaos Origins Booster Box 1st Edition Factory Sealed deal","Yugioh Chaos Origins Booster Box 1st Edition Factory Sealed price | Yugioh Chaos Origins Booster Box 1st Edition Factory Sealed discount | eBay Yugioh Chaos Origins Booster Box 1st Edition Factory Sealed","80","/merchant/ebay/",""
"ebay-item-198531939650","https://dealdesk.fyi/deals/ebay-item-198531939650/","McFarlane SportsPicks - NFL - Josh Allen (Buffalo Bills) 6"" Action Figure [New T deal: $24.31, 28% off | DealDesk","McFarlane SportsPicks - NFL - Josh Allen (Buffalo Bills) 6"" Action Figure [New T deal","McFarlane SportsPicks - NFL - Josh Allen (Buffalo Bills) 6"" Action Figure [New T price | McFarlane SportsPicks - NFL - Josh Allen (Buffalo Bills) 6"" Action Figure [New T discount | eBay McFarlane SportsPicks - NFL - Josh Allen (Buffalo Bills) 6"" Action Figure [New T","86","/merchant/ebay/",""
"ebay-item-307092920615","https://dealdesk.fyi/deals/ebay-item-307092920615/","McFarlane SportsPicks - NFL - Jordan Love (Green Bay Packers) 6"" Action Figure [ deal: $23.87, 28% off | DealDesk","McFarlane SportsPicks - NFL - Jordan Love (Green Bay Packers) 6"" Action Figure [ deal","McFarlane SportsPicks - NFL - Jordan Love (Green Bay Packers) 6"" Action Figure [ price | McFarlane SportsPicks - NFL - Jordan Love (Green Bay Packers) 6"" Action Figure [ discount | eBay McFarlane SportsPicks - NFL - Jordan Love (Green Bay Packers) 6"" Action Figure [","80","/merchant/ebay/",""
"ebay-item-307092920632","https://dealdesk.fyi/deals/ebay-item-307092920632/","McFarlane SportsPicks - NFL - Saquon Barkley (Philadelphia Eagles) 6"" Action Fig deal: $23.87, 28% off | DealDesk","McFarlane SportsPicks - NFL - Saquon Barkley (Philadelphia Eagles) 6"" Action Fig deal","McFarlane SportsPicks - NFL - Saquon Barkley (Philadelphia Eagles) 6"" Action Fig price | McFarlane SportsPicks - NFL - Saquon Barkley (Philadelphia Eagles) 6"" Action Fig discount | eBay McFarlane SportsPicks - NFL - Saquon Barkley (Philadelphia Eagles) 6"" Action Fig","80","/merchant/ebay/",""
"ebay-item-398240539747","https://dealdesk.fyi/deals/ebay-item-398240539747/","Larry Bird - McFarlane's SportsPicks - Legends Series: NBA - Larry Bird (Boston deal: $23.86, 28% off | DealDesk","Larry Bird - McFarlane's SportsPicks - Legends Series: NBA - Larry Bird (Boston deal","Larry Bird - McFarlane's SportsPicks - Legends Series: NBA - Larry Bird (Boston price | Larry Bird - McFarlane's SportsPicks - Legends Series: NBA - Larry Bird (Boston discount | eBay Larry Bird - McFarlane's SportsPicks - Legends Series: NBA - Larry Bird (Boston","80","/merchant/ebay/",""
"ebay-item-198531939652","https://dealdesk.fyi/deals/ebay-item-198531939652/","McFarlane SportsPicks - NFL - Patrick Mahomes (Kansas City Chiefs) 6"" Action Fig deal: $23.87, 28% off | DealDesk","McFarlane SportsPicks - NFL - Patrick Mahomes (Kansas City Chiefs) 6"" Action Fig deal","McFarlane SportsPicks - NFL - Patrick Mahomes (Kansas City Chiefs) 6"" Action Fig price | McFarlane SportsPicks - NFL - Patrick Mahomes (Kansas City Chiefs) 6"" Action Fig discount | eBay McFarlane SportsPicks - NFL - Patrick Mahomes (Kansas City Chiefs) 6"" Action Fig","80","/merchant/ebay/",""
"ebay-item-178236976424","https://dealdesk.fyi/deals/ebay-item-178236976424/","FAO Schwarz Bluey Toy Vending Machine Throwback Play Market Stand - 13pk deal: $28.99, 28% off | DealDesk","FAO Schwarz Bluey Toy Vending Machine Throwback Play Market Stand - 13pk deal","FAO Schwarz Bluey Toy Vending Machine Throwback Play Market Stand - 13pk price | FAO Schwarz Bluey Toy Vending Machine Throwback Play Market Stand - 13pk discount | eBay FAO Schwarz Bluey Toy Vending Machine Throwback Play Market Stand - 13pk","80","/merchant/ebay/",""
"ebay-item-398226146692","https://dealdesk.fyi/deals/ebay-item-398226146692/","McFarlane SportsPicks - NFL - Amon-Ra St. Brown (Detroit Lions) 6"" Action Figure deal: $23.87, 28% off | DealDesk","McFarlane SportsPicks - NFL - Amon-Ra St. Brown (Detroit Lions) 6"" Action Figure deal","McFarlane SportsPicks - NFL - Amon-Ra St. Brown (Detroit Lions) 6"" Action Figure price | McFarlane SportsPicks - NFL - Amon-Ra St. Brown (Detroit Lions) 6"" Action Figure discount | eBay McFarlane SportsPicks - NFL - Amon-Ra St. Brown (Detroit Lions) 6"" Action Figure","80","/merchant/ebay/",""
"ebay-item-266409524211","https://dealdesk.fyi/deals/ebay-item-266409524211/","Acer AOPEN 22CV1Q 21.5"" Monitor 1920x1080 100Hz 1ms 250Nit Refurbished deal: $57.65, 28% off | DealDesk","Acer AOPEN 22CV1Q 21.5"" Monitor 1920x1080 100Hz 1ms 250Nit Refurbished deal","Acer AOPEN 22CV1Q 21.5"" Monitor 1920x1080 100Hz 1ms 250Nit Refurbished price | Acer AOPEN 22CV1Q 21.5"" Monitor 1920x1080 100Hz 1ms 250Nit Refurbished discount | eBay Acer AOPEN 22CV1Q 21.5"" Monitor 1920x1080 100Hz 1ms 250Nit Refurbished","86","/merchant/ebay/",""
"ebay-item-187656775430","https://dealdesk.fyi/deals/ebay-item-187656775430/","JBL Bar 500MK2 750W Peak 5.1-Ch Dolby Atmos Soundbar w/ Wireless Subwoofer deal: $367.00, 27% off | DealDesk","JBL Bar 500MK2 750W Peak 5.1-Ch Dolby Atmos Soundbar w/ Wireless Subwoofer deal","JBL Bar 500MK2 750W Peak 5.1-Ch Dolby Atmos Soundbar w/ Wireless Subwoofer price | JBL Bar 500MK2 750W Peak 5.1-Ch Dolby Atmos Soundbar w/ Wireless Subwoofer discount | eBay JBL Bar 500MK2 750W Peak 5.1-Ch Dolby Atmos Soundbar w/ Wireless Subwoofer","86","/merchant/ebay/",""
"ebay-item-304925251592","https://dealdesk.fyi/deals/ebay-item-304925251592/","DJI Intelligent Battery for Mavic Air 2 / Air 2S DJI Certified Refurbished deal: $65.00, 27% off | DealDesk","DJI Intelligent Battery for Mavic Air 2 / Air 2S DJI Certified Refurbished deal","DJI Intelligent Battery for Mavic Air 2 / Air 2S DJI Certified Refurbished price | DJI Intelligent Battery for Mavic Air 2 / Air 2S DJI Certified Refurbished discount | eBay DJI Intelligent Battery for Mavic Air 2 / Air 2S DJI Certified Refurbished","86","/merchant/ebay/",""
"ebay-item-135288810913","https://dealdesk.fyi/deals/ebay-item-135288810913/","GoPro HERO 13 Black 5.3K HDR 27MP Camera 2 Battery Bundle CHDCB-131-RT 2024 deal: $319.99, 27% off | DealDesk","GoPro HERO 13 Black 5.3K HDR 27MP Camera 2 Battery Bundle CHDCB-131-RT 2024 deal","GoPro HERO 13 Black 5.3K HDR 27MP Camera 2 Battery Bundle CHDCB-131-RT 2024 price | GoPro HERO 13 Black 5.3K HDR 27MP Camera 2 Battery Bundle CHDCB-131-RT 2024 discount | eBay GoPro HERO 13 Black 5.3K HDR 27MP Camera 2 Battery Bundle CHDCB-131-RT 2024","86","/merchant/ebay/",""
"ebay-item-196360826199","https://dealdesk.fyi/deals/ebay-item-196360826199/","Nintendo Switch Console Neon Blue + Red Joy-Cons 32GB 2Day Ship ✈️ + 1 Yr War deal: $218.88, 27% off | DealDesk","Nintendo Switch Console Neon Blue + Red Joy-Cons 32GB 2Day Ship ✈️ + 1 Yr War deal","Nintendo Switch Console Neon Blue + Red Joy-Cons 32GB 2Day Ship ✈️ + 1 Yr War price | Nintendo Switch Console Neon Blue + Red Joy-Cons 32GB 2Day Ship ✈️ + 1 Yr War discount | eBay Nintendo Switch Console Neon Blue + Red Joy-Cons 32GB 2Day Ship ✈️ + 1 Yr War","86","/merchant/ebay/",""
"ebay-item-355382709281-624561865532","https://dealdesk.fyi/deals/ebay-item-355382709281-624561865532/","NEW Nintendo Switch Lite 32GB + Screen Protector + ✈️ FREE 2-DAY Shipping deal: $219.99, 27% off | DealDesk","NEW Nintendo Switch Lite 32GB + Screen Protector + ✈️ FREE 2-DAY Shipping deal","NEW Nintendo Switch Lite 32GB + Screen Protector + ✈️ FREE 2-DAY Shipping price | NEW Nintendo Switch Lite 32GB + Screen Protector + ✈️ FREE 2-DAY Shipping discount | eBay NEW Nintendo Switch Lite 32GB + Screen Protector + ✈️ FREE 2-DAY Shipping","83","/merchant/ebay/",""
"ebay-item-196060253300","https://dealdesk.fyi/deals/ebay-item-196060253300/","Nintendo OLED Switch Console Legend of ZELDA Tears of the Kingdom Limtd Edition! deal: $329.99, 27% off | DealDesk","Nintendo OLED Switch Console Legend of ZELDA Tears of the Kingdom Limtd Edition! deal","Nintendo OLED Switch Console Legend of ZELDA Tears of the Kingdom Limtd Edition! price | Nintendo OLED Switch Console Legend of ZELDA Tears of the Kingdom Limtd Edition! discount | eBay Nintendo OLED Switch Console Legend of ZELDA Tears of the Kingdom Limtd Edition!","86","/merchant/ebay/",""
"ebay-item-357295226907-626001430427","https://dealdesk.fyi/deals/ebay-item-357295226907-626001430427/","Samsung Galaxy S24 Ultra SM-S928U 512GB Unlocked Very Good Condition deal: $592.63, 27% off | DealDesk","Samsung Galaxy S24 Ultra SM-S928U 512GB Unlocked Very Good Condition deal","Samsung Galaxy S24 Ultra SM-S928U 512GB Unlocked Very Good Condition price | Samsung Galaxy S24 Ultra SM-S928U 512GB Unlocked Very Good Condition discount | eBay Samsung Galaxy S24 Ultra SM-S928U 512GB Unlocked Very Good Condition","96","/merchant/ebay/","/compare/samsung-galaxy-s24-ultra/"
"ebay-item-307094917271","https://dealdesk.fyi/deals/ebay-item-307094917271/","McFarlane SportsPicks - NBA - Victor Wembanyama (San Antionio Spurs) 6"" Action F deal: $25.37, 27% off | DealDesk","McFarlane SportsPicks - NBA - Victor Wembanyama (San Antionio Spurs) 6"" Action F deal","McFarlane SportsPicks - NBA - Victor Wembanyama (San Antionio Spurs) 6"" Action F price | McFarlane SportsPicks - NBA - Victor Wembanyama (San Antionio Spurs) 6"" Action F discount | eBay McFarlane SportsPicks - NBA - Victor Wembanyama (San Antionio Spurs) 6"" Action F","80","/merchant/ebay/",""
"ebay-item-387496207780","https://dealdesk.fyi/deals/ebay-item-387496207780/","eufy 2K Smart Security Camera Indoor Cam C220 AI Motion Track NightVision|Refurb deal: $25.99, 26% off | DealDesk","eufy 2K Smart Security Camera Indoor Cam C220 AI Motion Track NightVision|Refurb deal","eufy 2K Smart Security Camera Indoor Cam C220 AI Motion Track NightVision|Refurb price | eufy 2K Smart Security Camera Indoor Cam C220 AI Motion Track NightVision|Refurb discount | eBay eufy 2K Smart Security Camera Indoor Cam C220 AI Motion Track NightVision|Refurb","86","/merchant/ebay/",""
"ebay-item-194991515485","https://dealdesk.fyi/deals/ebay-item-194991515485/","🔥 Nintendo Switch OLED 64GB WHITE Joy Cons Newest Game Console + 2 Day SHIP! 🔥 deal: $274.99, 26% off | DealDesk","🔥 Nintendo Switch OLED 64GB WHITE Joy Cons Newest Game Console + 2 Day SHIP! 🔥 deal","🔥 Nintendo Switch OLED 64GB WHITE Joy Cons Newest Game Console + 2 Day SHIP! 🔥 price | 🔥 Nintendo Switch OLED 64GB WHITE Joy Cons Newest Game Console + 2 Day SHIP! 🔥 discount | eBay 🔥 Nintendo Switch OLED 64GB WHITE Joy Cons Newest Game Console + 2 Day SHIP! 🔥","96","/merchant/ebay/","/compare/nintendo-switch-oled-64/"
"ebay-item-198486460438","https://dealdesk.fyi/deals/ebay-item-198486460438/","G.I. Joe - ReAction+ Wv9 - Zartan (Comic) [New Toy] Action Figure, Collectible deal: $25.00, 26% off | DealDesk","G.I. Joe - ReAction+ Wv9 - Zartan (Comic) [New Toy] Action Figure, Collectible deal","G.I. Joe - ReAction+ Wv9 - Zartan (Comic) [New Toy] Action Figure, Collectible price | G.I. Joe - ReAction+ Wv9 - Zartan (Comic) [New Toy] Action Figure, Collectible discount | eBay G.I. Joe - ReAction+ Wv9 - Zartan (Comic) [New Toy] Action Figure, Collectible","86","/merchant/ebay/",""
"ebay-item-198525139926","https://dealdesk.fyi/deals/ebay-item-198525139926/","Banpresto - My Hero Academia - Glitter & Glamours - Ochaco Uraraka Statue (MHA) deal: $25.73, 26% off | DealDesk","Banpresto - My Hero Academia - Glitter & Glamours - Ochaco Uraraka Statue (MHA) deal","Banpresto - My Hero Academia - Glitter & Glamours - Ochaco Uraraka Statue (MHA) price | Banpresto - My Hero Academia - Glitter & Glamours - Ochaco Uraraka Statue (MHA) discount | eBay Banpresto - My Hero Academia - Glitter & Glamours - Ochaco Uraraka Statue (MHA)","80","/merchant/ebay/",""
"ebay-item-335930880919","https://dealdesk.fyi/deals/ebay-item-335930880919/","Makita HR4002-R 1-9/16"" Corded SDS-Max Rotary Hammer Certified Refurbished deal: $259.99, 26% off | DealDesk","Makita HR4002-R 1-9/16"" Corded SDS-Max Rotary Hammer Certified Refurbished deal","Makita HR4002-R 1-9/16"" Corded SDS-Max Rotary Hammer Certified Refurbished price | Makita HR4002-R 1-9/16"" Corded SDS-Max Rotary Hammer Certified Refurbished discount | eBay Makita HR4002-R 1-9/16"" Corded SDS-Max Rotary Hammer Certified Refurbished","86","/merchant/ebay/",""
"ebay-item-195687374485","https://dealdesk.fyi/deals/ebay-item-195687374485/","Nintendo Switch OLED 64GB Pokemon Scarlet & Violet ✨ Limited Edition ✨ Console deal: $338.88, 25% off | DealDesk","Nintendo Switch OLED 64GB Pokemon Scarlet & Violet ✨ Limited Edition ✨ Console deal","Nintendo Switch OLED 64GB Pokemon Scarlet & Violet ✨ Limited Edition ✨ Console price | Nintendo Switch OLED 64GB Pokemon Scarlet & Violet ✨ Limited Edition ✨ Console discount | eBay Nintendo Switch OLED 64GB Pokemon Scarlet & Violet ✨ Limited Edition ✨ Console","96","/merchant/ebay/","/compare/nintendo-switch-oled-64/"
"ebay-item-174369526148","https://dealdesk.fyi/deals/ebay-item-174369526148/","Sony FE 200-600mm G OSS Lens - SEL200600G - Super Telephoto Zoom - BRAND NEW deal: $1,709.00, 24% off | DealDesk","Sony FE 200-600mm G OSS Lens - SEL200600G - Super Telephoto Zoom - BRAND NEW deal","Sony FE 200-600mm G OSS Lens - SEL200600G - Super Telephoto Zoom - BRAND NEW price | Sony FE 200-600mm G OSS Lens - SEL200600G - Super Telephoto Zoom - BRAND NEW discount | eBay Sony FE 200-600mm G OSS Lens - SEL200600G - Super Telephoto Zoom - BRAND NEW","82","/merchant/ebay/",""
"ebay-item-307088674365","https://dealdesk.fyi/deals/ebay-item-307088674365/","Avengers - Marvel Legends - Ghost Rider (Robbie Reyes) Action Figure & Box BAF P deal: $27.99, 24% off | DealDesk","Avengers - Marvel Legends - Ghost Rider (Robbie Reyes) Action Figure & Box BAF P deal","Avengers - Marvel Legends - Ghost Rider (Robbie Reyes) Action Figure & Box BAF P price | Avengers - Marvel Legends - Ghost Rider (Robbie Reyes) Action Figure & Box BAF P discount | eBay Avengers - Marvel Legends - Ghost Rider (Robbie Reyes) Action Figure & Box BAF P","76","/merchant/ebay/",""
"ebay-item-126617721818","https://dealdesk.fyi/deals/ebay-item-126617721818/","LEGO 76925 Speed Champions Aston Martin Safety Car & AMR23 Racing Car Toy, 2 deal: $19.00, 24% off | DealDesk","LEGO 76925 Speed Champions Aston Martin Safety Car & AMR23 Racing Car Toy, 2 deal","LEGO 76925 Speed Champions Aston Martin Safety Car & AMR23 Racing Car Toy, 2 price | LEGO 76925 Speed Champions Aston Martin Safety Car & AMR23 Racing Car Toy, 2 discount | eBay LEGO 76925 Speed Champions Aston Martin Safety Car & AMR23 Racing Car Toy, 2","76","/merchant/ebay/",""
"ebay-item-398170861510","https://dealdesk.fyi/deals/ebay-item-398170861510/","Dark Avengers - Marvel Legends - Hawkeye Action Figure with Build-A-Figure Piece deal: $27.99, 24% off | DealDesk","Dark Avengers - Marvel Legends - Hawkeye Action Figure with Build-A-Figure Piece deal","Dark Avengers - Marvel Legends - Hawkeye Action Figure with Build-A-Figure Piece price | Dark Avengers - Marvel Legends - Hawkeye Action Figure with Build-A-Figure Piece discount | eBay Dark Avengers - Marvel Legends - Hawkeye Action Figure with Build-A-Figure Piece","76","/merchant/ebay/",""
"ebay-item-307061813498","https://dealdesk.fyi/deals/ebay-item-307061813498/","X-Men - Marvel Legends - Psylocke Action Figure with Box BAF Part [New Toy] Ac deal: $27.99, 24% off | DealDesk","X-Men - Marvel Legends - Psylocke Action Figure with Box BAF Part [New Toy] Ac deal","X-Men - Marvel Legends - Psylocke Action Figure with Box BAF Part [New Toy] Ac price | X-Men - Marvel Legends - Psylocke Action Figure with Box BAF Part [New Toy] Ac discount | eBay X-Men - Marvel Legends - Psylocke Action Figure with Box BAF Part [New Toy] Ac","82","/merchant/ebay/",""
"ebay-item-397803770079","https://dealdesk.fyi/deals/ebay-item-397803770079/","Mattel Collectible - Monster High Self-Scare Secrets Spectra Vondergeist Fashion deal: $28.96, 24% off | DealDesk","Mattel Collectible - Monster High Self-Scare Secrets Spectra Vondergeist Fashion deal","Mattel Collectible - Monster High Self-Scare Secrets Spectra Vondergeist Fashion price | Mattel Collectible - Monster High Self-Scare Secrets Spectra Vondergeist Fashion discount | eBay Mattel Collectible - Monster High Self-Scare Secrets Spectra Vondergeist Fashion","76","/merchant/ebay/",""
"ebay-item-285828211173","https://dealdesk.fyi/deals/ebay-item-285828211173/","Makita JV0600KR 120V 6.5A Top Handle Corded Jig Saw Certified Refurbished deal: $98.39, 24% off | DealDesk","Makita JV0600KR 120V 6.5A Top Handle Corded Jig Saw Certified Refurbished deal","Makita JV0600KR 120V 6.5A Top Handle Corded Jig Saw Certified Refurbished price | Makita JV0600KR 120V 6.5A Top Handle Corded Jig Saw Certified Refurbished discount | eBay Makita JV0600KR 120V 6.5A Top Handle Corded Jig Saw Certified Refurbished","82","/merchant/ebay/",""
"ebay-item-304925257317","https://dealdesk.fyi/deals/ebay-item-304925257317/","DJI FPV Combo and FPV Backpack -Certified Refurbished deal: $999.00, 23% off | DealDesk","DJI FPV Combo and FPV Backpack -Certified Refurbished deal","DJI FPV Combo and FPV Backpack -Certified Refurbished price | DJI FPV Combo and FPV Backpack -Certified Refurbished discount | eBay DJI FPV Combo and FPV Backpack -Certified Refurbished","82","/merchant/ebay/",""
"ebay-item-304925257286","https://dealdesk.fyi/deals/ebay-item-304925257286/","DJI FPV Combo - Certified Refurbished deal: $999.00, 23% off | DealDesk","DJI FPV Combo - Certified Refurbished deal","DJI FPV Combo - Certified Refurbished price | DJI FPV Combo - Certified Refurbished discount | eBay DJI FPV Combo - Certified Refurbished","79","/merchant/ebay/",""
"ebay-item-307037692989","https://dealdesk.fyi/deals/ebay-item-307037692989/","Transformers x NFL - Buffalo Bills - Blizz-herd Helmet Action Figure [New Toy] deal: $29.99, 23% off | DealDesk","Transformers x NFL - Buffalo Bills - Blizz-herd Helmet Action Figure [New Toy] deal","Transformers x NFL - Buffalo Bills - Blizz-herd Helmet Action Figure [New Toy] price | Transformers x NFL - Buffalo Bills - Blizz-herd Helmet Action Figure [New Toy] discount | eBay Transformers x NFL - Buffalo Bills - Blizz-herd Helmet Action Figure [New Toy]","82","/merchant/ebay/",""
"ebay-item-198469271977","https://dealdesk.fyi/deals/ebay-item-198469271977/","Transformers x NFL - San Francisco 49ers - Goldrush Helmet Action Figure [New To deal: $29.99, 23% off | DealDesk","Transformers x NFL - San Francisco 49ers - Goldrush Helmet Action Figure [New To deal","Transformers x NFL - San Francisco 49ers - Goldrush Helmet Action Figure [New To price | Transformers x NFL - San Francisco 49ers - Goldrush Helmet Action Figure [New To discount | eBay Transformers x NFL - San Francisco 49ers - Goldrush Helmet Action Figure [New To","82","/merchant/ebay/",""
"ebay-item-398130809228","https://dealdesk.fyi/deals/ebay-item-398130809228/","Monster High Moonspell Magic Willow Thorne Doll [New Toy] Paper Doll, Collecti deal: $33.20, 23% off | DealDesk","Monster High Moonspell Magic Willow Thorne Doll [New Toy] Paper Doll, Collecti deal","Monster High Moonspell Magic Willow Thorne Doll [New Toy] Paper Doll, Collecti price | Monster High Moonspell Magic Willow Thorne Doll [New Toy] Paper Doll, Collecti discount | eBay Monster High Moonspell Magic Willow Thorne Doll [New Toy] Paper Doll, Collecti","82","/merchant/ebay/",""
"ebay-item-185351479948","https://dealdesk.fyi/deals/ebay-item-185351479948/","Tamron 28-75mm f/2.8 Di III VXD G2 Lens for Sony E - Full-Frame - Pro Zoom - NEW deal: $699.00, 22% off | DealDesk","Tamron 28-75mm f/2.8 Di III VXD G2 Lens for Sony E - Full-Frame - Pro Zoom - NEW deal","Tamron 28-75mm f/2.8 Di III VXD G2 Lens for Sony E - Full-Frame - Pro Zoom - NEW price | Tamron 28-75mm f/2.8 Di III VXD G2 Lens for Sony E - Full-Frame - Pro Zoom - NEW discount | eBay Tamron 28-75mm f/2.8 Di III VXD G2 Lens for Sony E - Full-Frame - Pro Zoom - NEW","82","/merchant/ebay/",""
"ebay-item-175388940954","https://dealdesk.fyi/deals/ebay-item-175388940954/","Sony FE 24-70mm f/2.8 GM II Full-Frame E-Mount Lens SEL2470GM2 - G Master - NEW deal: $1,939.00, 22% off | DealDesk","Sony FE 24-70mm f/2.8 GM II Full-Frame E-Mount Lens SEL2470GM2 - G Master - NEW deal","Sony FE 24-70mm f/2.8 GM II Full-Frame E-Mount Lens SEL2470GM2 - G Master - NEW price | Sony FE 24-70mm f/2.8 GM II Full-Frame E-Mount Lens SEL2470GM2 - G Master - NEW discount | eBay Sony FE 24-70mm f/2.8 GM II Full-Frame E-Mount Lens SEL2470GM2 - G Master - NEW","82","/merchant/ebay/",""
"ebay-item-236372324263","https://dealdesk.fyi/deals/ebay-item-236372324263/","Arcade Classics WWE Counter Series Game with 8"" Liquid Crystal Screen & 4 Games deal: $179.99, 22% off | DealDesk","Arcade Classics WWE Counter Series Game with 8"" Liquid Crystal Screen & 4 Games deal","Arcade Classics WWE Counter Series Game with 8"" Liquid Crystal Screen & 4 Games price | Arcade Classics WWE Counter Series Game with 8"" Liquid Crystal Screen & 4 Games discount | eBay Arcade Classics WWE Counter Series Game with 8"" Liquid Crystal Screen & 4 Games","76","/merchant/ebay/",""
"ebay-item-307009125890","https://dealdesk.fyi/deals/ebay-item-307009125890/","Matchbox: The Movie Desert Chase Escape 1:64 Scale Die-Cast Vehicles 4-Pack [New deal: $31.97, 22% off | DealDesk","Matchbox: The Movie Desert Chase Escape 1:64 Scale Die-Cast Vehicles 4-Pack [New deal","Matchbox: The Movie Desert Chase Escape 1:64 Scale Die-Cast Vehicles 4-Pack [New price | Matchbox: The Movie Desert Chase Escape 1:64 Scale Die-Cast Vehicles 4-Pack [New discount | eBay Matchbox: The Movie Desert Chase Escape 1:64 Scale Die-Cast Vehicles 4-Pack [New","82","/merchant/ebay/",""
"ebay-item-397125460691","https://dealdesk.fyi/deals/ebay-item-397125460691/","Makita XDT14Z-R 18V LXT Quick-Shift 3-Speed Impact Driver Certified Refurbished deal: $131.19, 22% off | DealDesk","Makita XDT14Z-R 18V LXT Quick-Shift 3-Speed Impact Driver Certified Refurbished deal","Makita XDT14Z-R 18V LXT Quick-Shift 3-Speed Impact Driver Certified Refurbished price | Makita XDT14Z-R 18V LXT Quick-Shift 3-Speed Impact Driver Certified Refurbished discount | eBay Makita XDT14Z-R 18V LXT Quick-Shift 3-Speed Impact Driver Certified Refurbished","82","/merchant/ebay/",""
"ebay-item-285772640116","https://dealdesk.fyi/deals/ebay-item-285772640116/","Nintendo Switch OLED 64GB Splatoon Ed. + 1-Year Warranty + SD & Screen Protector deal: $329.99, 21% off | DealDesk","Nintendo Switch OLED 64GB Splatoon Ed. + 1-Year Warranty + SD & Screen Protector deal","Nintendo Switch OLED 64GB Splatoon Ed. + 1-Year Warranty + SD & Screen Protector price | Nintendo Switch OLED 64GB Splatoon Ed. + 1-Year Warranty + SD & Screen Protector discount | eBay Nintendo Switch OLED 64GB Splatoon Ed. + 1-Year Warranty + SD & Screen Protector","92","/merchant/ebay/","/compare/nintendo-switch-oled-64/"
"ebay-item-256878400721","https://dealdesk.fyi/deals/ebay-item-256878400721/","WX844L Worx Powershare Nitro 20V Cordless 18-Gauge Narrow Crown Staple Gun-CR deal: $158.99, 21% off | DealDesk","WX844L Worx Powershare Nitro 20V Cordless 18-Gauge Narrow Crown Staple Gun-CR deal","WX844L Worx Powershare Nitro 20V Cordless 18-Gauge Narrow Crown Staple Gun-CR price | WX844L Worx Powershare Nitro 20V Cordless 18-Gauge Narrow Crown Staple Gun-CR discount | eBay WX844L Worx Powershare Nitro 20V Cordless 18-Gauge Narrow Crown Staple Gun-CR","82","/merchant/ebay/",""
"ebay-item-277667740460","https://dealdesk.fyi/deals/ebay-item-277667740460/","Dyson V10 Absolute Cordless Vacuum | Black | Certified Refurbished deal: $299.99, 21% off | DealDesk","Dyson V10 Absolute Cordless Vacuum | Black | Certified Refurbished deal","Dyson V10 Absolute Cordless Vacuum | Black | Certified Refurbished price | Dyson V10 Absolute Cordless Vacuum | Black | Certified Refurbished discount | eBay Dyson V10 Absolute Cordless Vacuum | Black | Certified Refurbished","82","/merchant/ebay/",""
"ebay-item-277516544978","https://dealdesk.fyi/deals/ebay-item-277516544978/","Dyson Pure Humidify+Cool™ Purifying Humidifying Fan PH01 | Black/Nickel | deal: $649.99, 21% off | DealDesk","Dyson Pure Humidify+Cool™ Purifying Humidifying Fan PH01 | Black/Nickel | deal","Dyson Pure Humidify+Cool™ Purifying Humidifying Fan PH01 | Black/Nickel | price | Dyson Pure Humidify+Cool™ Purifying Humidifying Fan PH01 | Black/Nickel | discount | eBay Dyson Pure Humidify+Cool™ Purifying Humidifying Fan PH01 | Black/Nickel |","82","/merchant/ebay/",""
"ebay-item-277507318041","https://dealdesk.fyi/deals/ebay-item-277507318041/","Dyson Pure Humidify+Cool™ Purifying Fan PH01 | White/Silver | Refurbished deal: $649.99, 21% off | DealDesk","Dyson Pure Humidify+Cool™ Purifying Fan PH01 | White/Silver | Refurbished deal","Dyson Pure Humidify+Cool™ Purifying Fan PH01 | White/Silver | Refurbished price | Dyson Pure Humidify+Cool™ Purifying Fan PH01 | White/Silver | Refurbished discount | eBay Dyson Pure Humidify+Cool™ Purifying Fan PH01 | White/Silver | Refurbished","82","/merchant/ebay/",""
"ebay-item-145975548232","https://dealdesk.fyi/deals/ebay-item-145975548232/","✅ Blink Floodlight Mount Accessory for Blink Outdoor (for 3rd Gen Camera Only) ✅ deal: $19.20, 20% off | DealDesk","✅ Blink Floodlight Mount Accessory for Blink Outdoor (for 3rd Gen Camera Only) ✅ deal","✅ Blink Floodlight Mount Accessory for Blink Outdoor (for 3rd Gen Camera Only) ✅ price | ✅ Blink Floodlight Mount Accessory for Blink Outdoor (for 3rd Gen Camera Only) ✅ discount | eBay ✅ Blink Floodlight Mount Accessory for Blink Outdoor (for 3rd Gen Camera Only) ✅","82","/merchant/ebay/",""
"ebay-item-146962651544","https://dealdesk.fyi/deals/ebay-item-146962651544/","✅ Blink Video Doorbell Smart 2nd Gen Wifi Two-way Audio Video Wired/Battery ✅ deal: $24.00, 20% off | DealDesk","✅ Blink Video Doorbell Smart 2nd Gen Wifi Two-way Audio Video Wired/Battery ✅ deal","✅ Blink Video Doorbell Smart 2nd Gen Wifi Two-way Audio Video Wired/Battery ✅ price | ✅ Blink Video Doorbell Smart 2nd Gen Wifi Two-way Audio Video Wired/Battery ✅ discount | eBay ✅ Blink Video Doorbell Smart 2nd Gen Wifi Two-way Audio Video Wired/Battery ✅","82","/merchant/ebay/",""
"ebay-item-389795391357","https://dealdesk.fyi/deals/ebay-item-389795391357/","eufy eufyCam C35 Wireless Camera Outdoor & Indoor Magnetic Color Night Vision deal: $55.99, 20% off | DealDesk","eufy eufyCam C35 Wireless Camera Outdoor & Indoor Magnetic Color Night Vision deal","eufy eufyCam C35 Wireless Camera Outdoor & Indoor Magnetic Color Night Vision price | eufy eufyCam C35 Wireless Camera Outdoor & Indoor Magnetic Color Night Vision discount | eBay eufy eufyCam C35 Wireless Camera Outdoor & Indoor Magnetic Color Night Vision","82","/merchant/ebay/",""
"ebay-item-167461369507","https://dealdesk.fyi/deals/ebay-item-167461369507/","Audio-Technica AT-LP70X Fully Automatic Belt-Drive Turntable (Black/Grey) deal: $216.00, 20% off | DealDesk","Audio-Technica AT-LP70X Fully Automatic Belt-Drive Turntable (Black/Grey) deal","Audio-Technica AT-LP70X Fully Automatic Belt-Drive Turntable (Black/Grey) price | Audio-Technica AT-LP70X Fully Automatic Belt-Drive Turntable (Black/Grey) discount | eBay Audio-Technica AT-LP70X Fully Automatic Belt-Drive Turntable (Black/Grey)","82","/merchant/ebay/",""
"ebay-item-187576160757-695417972097","https://dealdesk.fyi/deals/ebay-item-187576160757-695417972097/","Bose SoundLink Max Portable Speaker, Certified Refurbished deal: $319.00, 20% off | DealDesk","Bose SoundLink Max Portable Speaker, Certified Refurbished deal","Bose SoundLink Max Portable Speaker, Certified Refurbished price | Bose SoundLink Max Portable Speaker, Certified Refurbished discount | eBay Bose SoundLink Max Portable Speaker, Certified Refurbished","82","/merchant/ebay/",""
"ebay-item-327218800016","https://dealdesk.fyi/deals/ebay-item-327218800016/","DJI Mini 4 Pro 4K HDR Folding Drone with RC-N2 Remote Kit deal: $799.00, 20% off | DealDesk","DJI Mini 4 Pro 4K HDR Folding Drone with RC-N2 Remote Kit deal","DJI Mini 4 Pro 4K HDR Folding Drone with RC-N2 Remote Kit price | DJI Mini 4 Pro 4K HDR Folding Drone with RC-N2 Remote Kit discount | eBay DJI Mini 4 Pro 4K HDR Folding Drone with RC-N2 Remote Kit","82","/merchant/ebay/",""
"ebay-item-336517068098","https://dealdesk.fyi/deals/ebay-item-336517068098/","Dell Latitude 5520 15.6"" FHD Touchscreen i5 11th Gen Laptop | NVMe SSD | Win 11 deal: $299.99, 20% off | DealDesk","Dell Latitude 5520 15.6"" FHD Touchscreen i5 11th Gen Laptop | NVMe SSD | Win 11 deal","Dell Latitude 5520 15.6"" FHD Touchscreen i5 11th Gen Laptop | NVMe SSD | Win 11 price | Dell Latitude 5520 15.6"" FHD Touchscreen i5 11th Gen Laptop | NVMe SSD | Win 11 discount | eBay Dell Latitude 5520 15.6"" FHD Touchscreen i5 11th Gen Laptop | NVMe SSD | Win 11","82","/merchant/ebay/",""
"ebay-item-117063460661","https://dealdesk.fyi/deals/ebay-item-117063460661/","Lenovo ThinkStation P320 Tiny PC i5-7400T | 16GB | 256GB NVMe | P600 | Win 10P deal: $159.99, 20% off | DealDesk","Lenovo ThinkStation P320 Tiny PC i5-7400T | 16GB | 256GB NVMe | P600 | Win 10P deal","Lenovo ThinkStation P320 Tiny PC i5-7400T | 16GB | 256GB NVMe | P600 | Win 10P price | Lenovo ThinkStation P320 Tiny PC i5-7400T | 16GB | 256GB NVMe | P600 | Win 10P discount | eBay Lenovo ThinkStation P320 Tiny PC i5-7400T | 16GB | 256GB NVMe | P600 | Win 10P","82","/merchant/ebay/",""
"ebay-item-198403310782","https://dealdesk.fyi/deals/ebay-item-198403310782/","Transformers - Takara Tomy: Masterpiece - MPG-17 Optimus Prime Style Generation deal: $139.14, 20% off | DealDesk","Transformers - Takara Tomy: Masterpiece - MPG-17 Optimus Prime Style Generation deal","Transformers - Takara Tomy: Masterpiece - MPG-17 Optimus Prime Style Generation price | Transformers - Takara Tomy: Masterpiece - MPG-17 Optimus Prime Style Generation discount | eBay Transformers - Takara Tomy: Masterpiece - MPG-17 Optimus Prime Style Generation","76","/merchant/ebay/",""
"ebay-item-126209199569","https://dealdesk.fyi/deals/ebay-item-126209199569/","Hobbywing Quicrun 1060 1/10 Brushed ESC [HWA30120203] deal: $23.99, 20% off | DealDesk","Hobbywing Quicrun 1060 1/10 Brushed ESC [HWA30120203] deal","Hobbywing Quicrun 1060 1/10 Brushed ESC [HWA30120203] price | Hobbywing Quicrun 1060 1/10 Brushed ESC [HWA30120203] discount | eBay Hobbywing Quicrun 1060 1/10 Brushed ESC [HWA30120203]","73","/merchant/ebay/",""
"ebay-item-286100401201","https://dealdesk.fyi/deals/ebay-item-286100401201/","Makita AT1150AR 16-Ga 7/16"" Medium Air Crown Stapler Certified Refurbished deal: $166.59, 20% off | DealDesk","Makita AT1150AR 16-Ga 7/16"" Medium Air Crown Stapler Certified Refurbished deal","Makita AT1150AR 16-Ga 7/16"" Medium Air Crown Stapler Certified Refurbished price | Makita AT1150AR 16-Ga 7/16"" Medium Air Crown Stapler Certified Refurbished discount | eBay Makita AT1150AR 16-Ga 7/16"" Medium Air Crown Stapler Certified Refurbished","82","/merchant/ebay/",""
"ebay-item-266950120184","https://dealdesk.fyi/deals/ebay-item-266950120184/","Acer AOPEN E0 - 20"" Monitor FullHD 1600x900 75Hz TN 6ms GTG 250Nit HDMI VGA deal: $55.79, 20% off | DealDesk","Acer AOPEN E0 - 20"" Monitor FullHD 1600x900 75Hz TN 6ms GTG 250Nit HDMI VGA deal","Acer AOPEN E0 - 20"" Monitor FullHD 1600x900 75Hz TN 6ms GTG 250Nit HDMI VGA price | Acer AOPEN E0 - 20"" Monitor FullHD 1600x900 75Hz TN 6ms GTG 250Nit HDMI VGA discount | eBay Acer AOPEN E0 - 20"" Monitor FullHD 1600x900 75Hz TN 6ms GTG 250Nit HDMI VGA","82","/merchant/ebay/",""
"ebay-item-158069778974-459331847507","https://dealdesk.fyi/deals/ebay-item-158069778974-459331847507/","Bose SoundLink Flex Portable Speaker (2nd Gen), Certified Refurbished deal: $129.00, 19% off | DealDesk","Bose SoundLink Flex Portable Speaker (2nd Gen), Certified Refurbished deal","Bose SoundLink Flex Portable Speaker (2nd Gen), Certified Refurbished price | Bose SoundLink Flex Portable Speaker (2nd Gen), Certified Refurbished discount | eBay Bose SoundLink Flex Portable Speaker (2nd Gen), Certified Refurbished","82","/merchant/ebay/",""
"ebay-item-184706040293","https://dealdesk.fyi/deals/ebay-item-184706040293/","Bose TV Speaker Home Theater Soundbar, Certified Refurbished deal: $229.00, 18% off | DealDesk","Bose TV Speaker Home Theater Soundbar, Certified Refurbished deal","Bose TV Speaker Home Theater Soundbar, Certified Refurbished price | Bose TV Speaker Home Theater Soundbar, Certified Refurbished discount | eBay Bose TV Speaker Home Theater Soundbar, Certified Refurbished","82","/merchant/ebay/",""
"ebay-item-157308855395","https://dealdesk.fyi/deals/ebay-item-157308855395/","Bose Smart Soundbar, Certified Refurbished deal: $449.00, 18% off | DealDesk","Bose Smart Soundbar, Certified Refurbished deal","Bose Smart Soundbar, Certified Refurbished price | Bose Smart Soundbar, Certified Refurbished discount | eBay Bose Smart Soundbar, Certified Refurbished","82","/merchant/ebay/",""
"ebay-item-305805052778","https://dealdesk.fyi/deals/ebay-item-305805052778/","DJI Mini 2 SE Drone Fly More Ready To Fly Vlogger Combo - Certified Refurbished deal: $399.00, 18% off | DealDesk","DJI Mini 2 SE Drone Fly More Ready To Fly Vlogger Combo - Certified Refurbished deal","DJI Mini 2 SE Drone Fly More Ready To Fly Vlogger Combo - Certified Refurbished price | DJI Mini 2 SE Drone Fly More Ready To Fly Vlogger Combo - Certified Refurbished discount | eBay DJI Mini 2 SE Drone Fly More Ready To Fly Vlogger Combo - Certified Refurbished","82","/merchant/ebay/",""
"ebay-item-186172534821","https://dealdesk.fyi/deals/ebay-item-186172534821/","Sony a6700 Mirrorless Camera - ILCE-6700 - 26MP APS-C - 4K Video - BRAND NEW deal: $1,319.00, 18% off | DealDesk","Sony a6700 Mirrorless Camera - ILCE-6700 - 26MP APS-C - 4K Video - BRAND NEW deal","Sony a6700 Mirrorless Camera - ILCE-6700 - 26MP APS-C - 4K Video - BRAND NEW price | Sony a6700 Mirrorless Camera - ILCE-6700 - 26MP APS-C - 4K Video - BRAND NEW discount | eBay Sony a6700 Mirrorless Camera - ILCE-6700 - 26MP APS-C - 4K Video - BRAND NEW","82","/merchant/ebay/",""
"ebay-item-285587296185","https://dealdesk.fyi/deals/ebay-item-285587296185/","NEW Nintendo Switch OLED 64GB Neon Console SP Bundle + 🛫 2-Day Shipping! 🛬 deal: $329.99, 18% off | DealDesk","NEW Nintendo Switch OLED 64GB Neon Console SP Bundle + 🛫 2-Day Shipping! 🛬 deal","NEW Nintendo Switch OLED 64GB Neon Console SP Bundle + 🛫 2-Day Shipping! 🛬 price | NEW Nintendo Switch OLED 64GB Neon Console SP Bundle + 🛫 2-Day Shipping! 🛬 discount | eBay NEW Nintendo Switch OLED 64GB Neon Console SP Bundle + 🛫 2-Day Shipping! 🛬","89","/merchant/ebay/","/compare/nintendo-switch-oled-64/"
"ebay-item-256271376594","https://dealdesk.fyi/deals/ebay-item-256271376594/","AOPEN E0 20E0QBI 20"" 1600x900 75Hz Computer Monitor - Refurbished deal: $57.65, 18% off | DealDesk","AOPEN E0 20E0QBI 20"" 1600x900 75Hz Computer Monitor - Refurbished deal","AOPEN E0 20E0QBI 20"" 1600x900 75Hz Computer Monitor - Refurbished price | AOPEN E0 20E0QBI 20"" 1600x900 75Hz Computer Monitor - Refurbished discount | eBay AOPEN E0 20E0QBI 20"" 1600x900 75Hz Computer Monitor - Refurbished","82","/merchant/ebay/",""
"ebay-item-186628375702-694658499213","https://dealdesk.fyi/deals/ebay-item-186628375702-694658499213/","Bose Ultra Open Earbuds, Certified Refurbished deal: $249.00, 17% off | DealDesk","Bose Ultra Open Earbuds, Certified Refurbished deal","Bose Ultra Open Earbuds, Certified Refurbished price | Bose Ultra Open Earbuds, Certified Refurbished discount | eBay Bose Ultra Open Earbuds, Certified Refurbished","82","/merchant/ebay/",""
"ebay-item-304925257307","https://dealdesk.fyi/deals/ebay-item-304925257307/","DJI Battery for Mini 2/Mini SE/Mini 4K/Mini 2 SE-DJI Certified Refurbished deal: $49.00, 17% off | DealDesk","DJI Battery for Mini 2/Mini SE/Mini 4K/Mini 2 SE-DJI Certified Refurbished deal","DJI Battery for Mini 2/Mini SE/Mini 4K/Mini 2 SE-DJI Certified Refurbished price | DJI Battery for Mini 2/Mini SE/Mini 4K/Mini 2 SE-DJI Certified Refurbished discount | eBay DJI Battery for Mini 2/Mini SE/Mini 4K/Mini 2 SE-DJI Certified Refurbished","82","/merchant/ebay/",""
"ebay-item-177498948504","https://dealdesk.fyi/deals/ebay-item-177498948504/","Sony Alpha a6700 4K UHD 26MP w 16-50mm Lens Mirrorless Camera - Black - OPEN BOX deal: $1,419.00, 17% off | DealDesk","Sony Alpha a6700 4K UHD 26MP w 16-50mm Lens Mirrorless Camera - Black - OPEN BOX deal","Sony Alpha a6700 4K UHD 26MP w 16-50mm Lens Mirrorless Camera - Black - OPEN BOX price | Sony Alpha a6700 4K UHD 26MP w 16-50mm Lens Mirrorless Camera - Black - OPEN BOX discount | eBay Sony Alpha a6700 4K UHD 26MP w 16-50mm Lens Mirrorless Camera - Black - OPEN BOX","82","/merchant/ebay/",""
"ebay-item-206180201824","https://dealdesk.fyi/deals/ebay-item-206180201824/","Sigma 18-50mm f/2.8 DC DN Contemporary Lens for Sony E - EXCELLENT REFURBISHED deal: $549.00, 17% off | DealDesk","Sigma 18-50mm f/2.8 DC DN Contemporary Lens for Sony E - EXCELLENT REFURBISHED deal","Sigma 18-50mm f/2.8 DC DN Contemporary Lens for Sony E - EXCELLENT REFURBISHED price | Sigma 18-50mm f/2.8 DC DN Contemporary Lens for Sony E - EXCELLENT REFURBISHED discount | eBay Sigma 18-50mm f/2.8 DC DN Contemporary Lens for Sony E - EXCELLENT REFURBISHED","82","/merchant/ebay/",""
"ebay-item-325916010336","https://dealdesk.fyi/deals/ebay-item-325916010336/","Logitech - Driving Force Shifter for Xbox Series X|S, Xbox One, and PlayStati... deal: $49.99, 17% off | DealDesk","Logitech - Driving Force Shifter for Xbox Series X|S, Xbox One, and PlayStati... deal","Logitech - Driving Force Shifter for Xbox Series X|S, Xbox One, and PlayStati... price | Logitech - Driving Force Shifter for Xbox Series X|S, Xbox One, and PlayStati... discount | eBay Logitech - Driving Force Shifter for Xbox Series X|S, Xbox One, and PlayStati...","76","/merchant/ebay/",""
"ebay-item-304925264969","https://dealdesk.fyi/deals/ebay-item-304925264969/","DJI Tello Flight Battery deal: $16.80, 16% off | DealDesk","DJI Tello Flight Battery deal","DJI Tello Flight Battery price | DJI Tello Flight Battery discount | eBay DJI Tello Flight Battery","76","/merchant/ebay/",""
"ebay-item-305794984080","https://dealdesk.fyi/deals/ebay-item-305794984080/","DJI Mavic 2 Pro Drone -Fly More Combo- Certified Refurbished deal: $1,599.00, 16% off | DealDesk","DJI Mavic 2 Pro Drone -Fly More Combo- Certified Refurbished deal","DJI Mavic 2 Pro Drone -Fly More Combo- Certified Refurbished price | DJI Mavic 2 Pro Drone -Fly More Combo- Certified Refurbished discount | eBay DJI Mavic 2 Pro Drone -Fly More Combo- Certified Refurbished","82","/merchant/ebay/",""
"ebay-item-267531855325","https://dealdesk.fyi/deals/ebay-item-267531855325/","Acer Aspire Go 15 15.6"" Laptop Intel Core 3 N355 1.90 GHz 8GB RAM 128GB SSD deal: $251.40, 16% off | DealDesk","Acer Aspire Go 15 15.6"" Laptop Intel Core 3 N355 1.90 GHz 8GB RAM 128GB SSD deal","Acer Aspire Go 15 15.6"" Laptop Intel Core 3 N355 1.90 GHz 8GB RAM 128GB SSD price | Acer Aspire Go 15 15.6"" Laptop Intel Core 3 N355 1.90 GHz 8GB RAM 128GB SSD discount | eBay Acer Aspire Go 15 15.6"" Laptop Intel Core 3 N355 1.90 GHz 8GB RAM 128GB SSD","82","/merchant/ebay/",""
"ebay-item-306984439067","https://dealdesk.fyi/deals/ebay-item-306984439067/","Hisense R652 5.1 Ch Soundbar with Subwoofer & Rear Surround Speakers 440W Dolby deal: $109.99, 15% off | DealDesk","Hisense R652 5.1 Ch Soundbar with Subwoofer & Rear Surround Speakers 440W Dolby deal","Hisense R652 5.1 Ch Soundbar with Subwoofer & Rear Surround Speakers 440W Dolby price | Hisense R652 5.1 Ch Soundbar with Subwoofer & Rear Surround Speakers 440W Dolby discount | eBay Hisense R652 5.1 Ch Soundbar with Subwoofer & Rear Surround Speakers 440W Dolby","82","/merchant/ebay/",""
"ebay-item-196223759238-496071304185","https://dealdesk.fyi/deals/ebay-item-196223759238-496071304185/","Nintendo Switch Lite CHOOSE YOUR COLOR + Free 1 Year Warranty! deal: $169.99, 15% off | DealDesk","Nintendo Switch Lite CHOOSE YOUR COLOR + Free 1 Year Warranty! deal","Nintendo Switch Lite CHOOSE YOUR COLOR + Free 1 Year Warranty! price | Nintendo Switch Lite CHOOSE YOUR COLOR + Free 1 Year Warranty! discount | eBay Nintendo Switch Lite CHOOSE YOUR COLOR + Free 1 Year Warranty!","82","/merchant/ebay/",""
"ebay-item-188363052508","https://dealdesk.fyi/deals/ebay-item-188363052508/","Audio-Technica AT-LP60X Fully Automatic Belt-Drive Turntable deal: $164.00, 13% off | DealDesk","Audio-Technica AT-LP60X Fully Automatic Belt-Drive Turntable deal","Audio-Technica AT-LP60X Fully Automatic Belt-Drive Turntable price | Audio-Technica AT-LP60X Fully Automatic Belt-Drive Turntable discount | eBay Audio-Technica AT-LP60X Fully Automatic Belt-Drive Turntable","82","/merchant/ebay/",""
"ebay-item-286881045507","https://dealdesk.fyi/deals/ebay-item-286881045507/","Makita BL 7 in. Cut-Off/Angle Grinder Kit XAG12PT1-R Certified Refurbished deal: $282.35, 13% off | DealDesk","Makita BL 7 in. Cut-Off/Angle Grinder Kit XAG12PT1-R Certified Refurbished deal","Makita BL 7 in. Cut-Off/Angle Grinder Kit XAG12PT1-R Certified Refurbished price | Makita BL 7 in. Cut-Off/Angle Grinder Kit XAG12PT1-R Certified Refurbished discount | eBay Makita BL 7 in. Cut-Off/Angle Grinder Kit XAG12PT1-R Certified Refurbished","82","/merchant/ebay/",""
"ebay-item-306114948723","https://dealdesk.fyi/deals/ebay-item-306114948723/","Seagate Exos 28TB 7.2K RPM SATA 6Gb/s 512e CMR 3.5in Recertified Hard Drive ST28 deal: $622.49, 13% off | DealDesk","Seagate Exos 28TB 7.2K RPM SATA 6Gb/s 512e CMR 3.5in Recertified Hard Drive ST28 deal","Seagate Exos 28TB 7.2K RPM SATA 6Gb/s 512e CMR 3.5in Recertified Hard Drive ST28 price | Seagate Exos 28TB 7.2K RPM SATA 6Gb/s 512e CMR 3.5in Recertified Hard Drive ST28 discount | eBay Seagate Exos 28TB 7.2K RPM SATA 6Gb/s 512e CMR 3.5in Recertified Hard Drive ST28","82","/merchant/ebay/",""
"ebay-item-326805824949","https://dealdesk.fyi/deals/ebay-item-326805824949/","Lenovo Slim 7i 14"" WUXGA OLED Touch Aura Edition Ultra 7 258V 32GB RAM 1TB SSD deal: $879.00, 12% off | DealDesk","Lenovo Slim 7i 14"" WUXGA OLED Touch Aura Edition Ultra 7 258V 32GB RAM 1TB SSD deal","Lenovo Slim 7i 14"" WUXGA OLED Touch Aura Edition Ultra 7 258V 32GB RAM 1TB SSD price | Lenovo Slim 7i 14"" WUXGA OLED Touch Aura Edition Ultra 7 258V 32GB RAM 1TB SSD discount | eBay Lenovo Slim 7i 14"" WUXGA OLED Touch Aura Edition Ultra 7 258V 32GB RAM 1TB SSD","82","/merchant/ebay/",""
"ebay-item-198517733686","https://dealdesk.fyi/deals/ebay-item-198517733686/","McFarlane Elite Edition #12 - God of War - Kratos (God of War Ragnarok) 7"" Delux deal: $52.76, 12% off | DealDesk","McFarlane Elite Edition #12 - God of War - Kratos (God of War Ragnarok) 7"" Delux deal","McFarlane Elite Edition #12 - God of War - Kratos (God of War Ragnarok) 7"" Delux price | McFarlane Elite Edition #12 - God of War - Kratos (God of War Ragnarok) 7"" Delux discount | eBay McFarlane Elite Edition #12 - God of War - Kratos (God of War Ragnarok) 7"" Delux","76","/merchant/ebay/",""
"ebay-item-186477890541","https://dealdesk.fyi/deals/ebay-item-186477890541/","Sigma 24-70mm f/2.8 DG DN II Art Lens - Sony E - 57A965 - BRAND NEW deal: $1,179.00, 11% off | DealDesk","Sigma 24-70mm f/2.8 DG DN II Art Lens - Sony E - 57A965 - BRAND NEW deal","Sigma 24-70mm f/2.8 DG DN II Art Lens - Sony E - 57A965 - BRAND NEW price | Sigma 24-70mm f/2.8 DG DN II Art Lens - Sony E - 57A965 - BRAND NEW discount | eBay Sigma 24-70mm f/2.8 DG DN II Art Lens - Sony E - 57A965 - BRAND NEW","82","/merchant/ebay/",""
"ebay-item-256879670961","https://dealdesk.fyi/deals/ebay-item-256879670961/","WX959L WORX Drill/Driver-Circular Saw- Flex Light Combo Kit deal: $178.99, 11% off | DealDesk","WX959L WORX Drill/Driver-Circular Saw- Flex Light Combo Kit deal","WX959L WORX Drill/Driver-Circular Saw- Flex Light Combo Kit price | WX959L WORX Drill/Driver-Circular Saw- Flex Light Combo Kit discount | eBay WX959L WORX Drill/Driver-Circular Saw- Flex Light Combo Kit","82","/merchant/ebay/",""
"ebay-item-387119497246","https://dealdesk.fyi/deals/ebay-item-387119497246/","Sonos Ray White Certified Refurbished - Soundbar - WiFi - AirPlay2 deal: $179.00, 10% off | DealDesk","Sonos Ray White Certified Refurbished - Soundbar - WiFi - AirPlay2 deal","Sonos Ray White Certified Refurbished - Soundbar - WiFi - AirPlay2 price | Sonos Ray White Certified Refurbished - Soundbar - WiFi - AirPlay2 discount | eBay Sonos Ray White Certified Refurbished - Soundbar - WiFi - AirPlay2","82","/merchant/ebay/",""
"ebay-item-257635001496","https://dealdesk.fyi/deals/ebay-item-257635001496/","🔥【PRO SERVICED】RARE ""S"" MONSTER Pioneer SX-980 160W Receiver!~LED MOD💥GUARANTY deal: $2,399.35, 10% off | DealDesk","🔥【PRO SERVICED】RARE ""S"" MONSTER Pioneer SX-980 160W Receiver!~LED MOD💥GUARANTY deal","🔥【PRO SERVICED】RARE ""S"" MONSTER Pioneer SX-980 160W Receiver!~LED MOD💥GUARANTY price | 🔥【PRO SERVICED】RARE ""S"" MONSTER Pioneer SX-980 160W Receiver!~LED MOD💥GUARANTY discount | eBay 🔥【PRO SERVICED】RARE ""S"" MONSTER Pioneer SX-980 160W Receiver!~LED MOD💥GUARANTY","82","/merchant/ebay/",""
"ebay-item-175712145939-475095878389","https://dealdesk.fyi/deals/ebay-item-175712145939-475095878389/","NEW Wireless Guitar Controller for PS3 & PC Mac Guitar Hero Clone Hero deal: $89.10, 10% off | DealDesk","NEW Wireless Guitar Controller for PS3 & PC Mac Guitar Hero Clone Hero deal","NEW Wireless Guitar Controller for PS3 & PC Mac Guitar Hero Clone Hero price | NEW Wireless Guitar Controller for PS3 & PC Mac Guitar Hero Clone Hero discount | eBay NEW Wireless Guitar Controller for PS3 & PC Mac Guitar Hero Clone Hero","82","/merchant/ebay/",""
"ebay-item-304925264988","https://dealdesk.fyi/deals/ebay-item-304925264988/","DJI Battery - Mini 2/Mini SE/Mini 2 SE/Mini 4k- 2 PK - DJI Certified Refurbished deal: $71.20, 9% off | DealDesk","DJI Battery - Mini 2/Mini SE/Mini 2 SE/Mini 4k- 2 PK - DJI Certified Refurbished deal","DJI Battery - Mini 2/Mini SE/Mini 2 SE/Mini 4k- 2 PK - DJI Certified Refurbished price | DJI Battery - Mini 2/Mini SE/Mini 2 SE/Mini 4k- 2 PK - DJI Certified Refurbished discount | eBay DJI Battery - Mini 2/Mini SE/Mini 2 SE/Mini 4k- 2 PK - DJI Certified Refurbished","82","/merchant/ebay/",""
"ebay-item-336661220279","https://dealdesk.fyi/deals/ebay-item-336661220279/","Dell Precision 5570 Intel i7 12th Gen NVIDIA RTX A1000 32GB RAM 512GB Win11 Pro deal: $735.00, 9% off | DealDesk","Dell Precision 5570 Intel i7 12th Gen NVIDIA RTX A1000 32GB RAM 512GB Win11 Pro deal","Dell Precision 5570 Intel i7 12th Gen NVIDIA RTX A1000 32GB RAM 512GB Win11 Pro price | Dell Precision 5570 Intel i7 12th Gen NVIDIA RTX A1000 32GB RAM 512GB Win11 Pro discount | eBay Dell Precision 5570 Intel i7 12th Gen NVIDIA RTX A1000 32GB RAM 512GB Win11 Pro","82","/merchant/ebay/",""
"ebay-item-296023199645","https://dealdesk.fyi/deals/ebay-item-296023199645/","NEW Nintendo Switch OLED Splatoon 3 + Mario Rabbids ⭐ Sparks of Hope Bundle deal: $384.95, 8% off | DealDesk","NEW Nintendo Switch OLED Splatoon 3 + Mario Rabbids ⭐ Sparks of Hope Bundle deal","NEW Nintendo Switch OLED Splatoon 3 + Mario Rabbids ⭐ Sparks of Hope Bundle price | NEW Nintendo Switch OLED Splatoon 3 + Mario Rabbids ⭐ Sparks of Hope Bundle discount | eBay NEW Nintendo Switch OLED Splatoon 3 + Mario Rabbids ⭐ Sparks of Hope Bundle","82","/merchant/ebay/",""
"ebay-item-277081411244","https://dealdesk.fyi/deals/ebay-item-277081411244/","Dyson Purifier Cool™ TP7C Purifying Tower Fan | White/Silver | Refurbished deal: $459.99, 8% off | DealDesk","Dyson Purifier Cool™ TP7C Purifying Tower Fan | White/Silver | Refurbished deal","Dyson Purifier Cool™ TP7C Purifying Tower Fan | White/Silver | Refurbished price | Dyson Purifier Cool™ TP7C Purifying Tower Fan | White/Silver | Refurbished discount | eBay Dyson Purifier Cool™ TP7C Purifying Tower Fan | White/Silver | Refurbished","82","/merchant/ebay/",""
"ebay-item-407089632179","https://dealdesk.fyi/deals/ebay-item-407089632179/","Rolleiflex 3.5A TLR Camera w/75mm f3.5 Tessar #988 deal: $469.06, 6% off | DealDesk","Rolleiflex 3.5A TLR Camera w/75mm f3.5 Tessar #988 deal","Rolleiflex 3.5A TLR Camera w/75mm f3.5 Tessar #988 price | Rolleiflex 3.5A TLR Camera w/75mm f3.5 Tessar #988 discount | eBay Rolleiflex 3.5A TLR Camera w/75mm f3.5 Tessar #988","82","/merchant/ebay/",""
"ebay-item-206455747254","https://dealdesk.fyi/deals/ebay-item-206455747254/","Nikon Nikkor AI-S 105mm f2.5 Lens AIS #580 deal: $198.41, 6% off | DealDesk","Nikon Nikkor AI-S 105mm f2.5 Lens AIS #580 deal","Nikon Nikkor AI-S 105mm f2.5 Lens AIS #580 price | Nikon Nikkor AI-S 105mm f2.5 Lens AIS #580 discount | eBay Nikon Nikkor AI-S 105mm f2.5 Lens AIS #580","82","/merchant/ebay/",""
"ebay-item-407043888715","https://dealdesk.fyi/deals/ebay-item-407043888715/","Nikon Z 5 Mirrorless Digital Camera 24.3MP Z5 w/Battery & Charger #Q deal: $610.89, 6% off | DealDesk","Nikon Z 5 Mirrorless Digital Camera 24.3MP Z5 w/Battery & Charger #Q deal","Nikon Z 5 Mirrorless Digital Camera 24.3MP Z5 w/Battery & Charger #Q price | Nikon Z 5 Mirrorless Digital Camera 24.3MP Z5 w/Battery & Charger #Q discount | eBay Nikon Z 5 Mirrorless Digital Camera 24.3MP Z5 w/Battery & Charger #Q","82","/merchant/ebay/",""
"ebay-item-206453050013","https://dealdesk.fyi/deals/ebay-item-206453050013/","Sigma AF 16mm f1.4 Contemporary DC DN 017 Lens Olympus MFT Micro 4/3 #555 deal: $239.51, 6% off | DealDesk","Sigma AF 16mm f1.4 Contemporary DC DN 017 Lens Olympus MFT Micro 4/3 #555 deal","Sigma AF 16mm f1.4 Contemporary DC DN 017 Lens Olympus MFT Micro 4/3 #555 price | Sigma AF 16mm f1.4 Contemporary DC DN 017 Lens Olympus MFT Micro 4/3 #555 discount | eBay Sigma AF 16mm f1.4 Contemporary DC DN 017 Lens Olympus MFT Micro 4/3 #555","82","/merchant/ebay/",""
"ebay-item-147352089806","https://dealdesk.fyi/deals/ebay-item-147352089806/","Nikon Nikkor AF-S 17-55mm f2.8 G ED SWM DX IF Lens AFS #995 deal: $196.83, 6% off | DealDesk","Nikon Nikkor AF-S 17-55mm f2.8 G ED SWM DX IF Lens AFS #995 deal","Nikon Nikkor AF-S 17-55mm f2.8 G ED SWM DX IF Lens AFS #995 price | Nikon Nikkor AF-S 17-55mm f2.8 G ED SWM DX IF Lens AFS #995 discount | eBay Nikon Nikkor AF-S 17-55mm f2.8 G ED SWM DX IF Lens AFS #995","82","/merchant/ebay/",""
"ebay-item-206455746782","https://dealdesk.fyi/deals/ebay-item-206455746782/","Sony E 18-105mm f4 G OSS PZ Lens E-Mount SELP18105G #813 deal: $326.72, 6% off | DealDesk","Sony E 18-105mm f4 G OSS PZ Lens E-Mount SELP18105G #813 deal","Sony E 18-105mm f4 G OSS PZ Lens E-Mount SELP18105G #813 price | Sony E 18-105mm f4 G OSS PZ Lens E-Mount SELP18105G #813 discount | eBay Sony E 18-105mm f4 G OSS PZ Lens E-Mount SELP18105G #813","82","/merchant/ebay/",""
"ebay-item-206417398725","https://dealdesk.fyi/deals/ebay-item-206417398725/","Panasonic Lumix G 45-150mm f4-5.6 Mega OIS Lens MFT Micro 4/3 H-FS45150 #630 deal: $88.88, 6% off | DealDesk","Panasonic Lumix G 45-150mm f4-5.6 Mega OIS Lens MFT Micro 4/3 H-FS45150 #630 deal","Panasonic Lumix G 45-150mm f4-5.6 Mega OIS Lens MFT Micro 4/3 H-FS45150 #630 price | Panasonic Lumix G 45-150mm f4-5.6 Mega OIS Lens MFT Micro 4/3 H-FS45150 #630 discount | eBay Panasonic Lumix G 45-150mm f4-5.6 Mega OIS Lens MFT Micro 4/3 H-FS45150 #630","82","/merchant/ebay/",""
"ebay-item-147467617383","https://dealdesk.fyi/deals/ebay-item-147467617383/","Nikon D2X 12.4MP Digital SLR Camera Body #572 deal: $224.29, 6% off | DealDesk","Nikon D2X 12.4MP Digital SLR Camera Body #572 deal","Nikon D2X 12.4MP Digital SLR Camera Body #572 price | Nikon D2X 12.4MP Digital SLR Camera Body #572 discount | eBay Nikon D2X 12.4MP Digital SLR Camera Body #572","82","/merchant/ebay/",""
"ebay-item-206445469110","https://dealdesk.fyi/deals/ebay-item-206445469110/","Schneider 150mm F5.6 Xenar Copal 0 Lens #994 deal: $282.63, 6% off | DealDesk","Schneider 150mm F5.6 Xenar Copal 0 Lens #994 deal","Schneider 150mm F5.6 Xenar Copal 0 Lens #994 price | Schneider 150mm F5.6 Xenar Copal 0 Lens #994 discount | eBay Schneider 150mm F5.6 Xenar Copal 0 Lens #994","82","/merchant/ebay/",""
"ebay-item-206347138688","https://dealdesk.fyi/deals/ebay-item-206347138688/","Tamron A041 SP 15-30mm f2.8 Di VC USD G2 Lens Nikon F #655 deal: $359.67, 6% off | DealDesk","Tamron A041 SP 15-30mm f2.8 Di VC USD G2 Lens Nikon F #655 deal","Tamron A041 SP 15-30mm f2.8 Di VC USD G2 Lens Nikon F #655 price | Tamron A041 SP 15-30mm f2.8 Di VC USD G2 Lens Nikon F #655 discount | eBay Tamron A041 SP 15-30mm f2.8 Di VC USD G2 Lens Nikon F #655","82","/merchant/ebay/",""
"ebay-item-206455712267","https://dealdesk.fyi/deals/ebay-item-206455712267/","Sony Alpha A3000 20.1MP Digital Camera Body A-3000 #984 deal: $102.76, 6% off | DealDesk","Sony Alpha A3000 20.1MP Digital Camera Body A-3000 #984 deal","Sony Alpha A3000 20.1MP Digital Camera Body A-3000 #984 price | Sony Alpha A3000 20.1MP Digital Camera Body A-3000 #984 discount | eBay Sony Alpha A3000 20.1MP Digital Camera Body A-3000 #984","82","/merchant/ebay/",""
"ebay-item-206452908646","https://dealdesk.fyi/deals/ebay-item-206452908646/","Bolex H8 Reflex REX-4 8mm Movie Camera H-8 #572 deal: $256.48, 6% off | DealDesk","Bolex H8 Reflex REX-4 8mm Movie Camera H-8 #572 deal","Bolex H8 Reflex REX-4 8mm Movie Camera H-8 #572 price | Bolex H8 Reflex REX-4 8mm Movie Camera H-8 #572 discount | eBay Bolex H8 Reflex REX-4 8mm Movie Camera H-8 #572","82","/merchant/ebay/",""
"ebay-item-236811254020","https://dealdesk.fyi/deals/ebay-item-236811254020/","Lorex 4K+ 12MP IP Wired Bullet Security Camera with Smart Lighting (E910AB) deal: $80.70, 5% off | DealDesk","Lorex 4K+ 12MP IP Wired Bullet Security Camera with Smart Lighting (E910AB) deal","Lorex 4K+ 12MP IP Wired Bullet Security Camera with Smart Lighting (E910AB) price | Lorex 4K+ 12MP IP Wired Bullet Security Camera with Smart Lighting (E910AB) discount | eBay Lorex 4K+ 12MP IP Wired Bullet Security Camera with Smart Lighting (E910AB)","82","/merchant/ebay/",""
"ebay-item-335152466412","https://dealdesk.fyi/deals/ebay-item-335152466412/","Microsoft XBox 360 S Slim 250GB Black Video Game Console System 360S Bundle deal: $199.45, 5% off | DealDesk","Microsoft XBox 360 S Slim 250GB Black Video Game Console System 360S Bundle deal","Microsoft XBox 360 S Slim 250GB Black Video Game Console System 360S Bundle price | Microsoft XBox 360 S Slim 250GB Black Video Game Console System 360S Bundle discount | eBay Microsoft XBox 360 S Slim 250GB Black Video Game Console System 360S Bundle","82","/merchant/ebay/",""
"ebay-item-364602439052","https://dealdesk.fyi/deals/ebay-item-364602439052/","Microsoft XBOX 360 SLIM Black Video Game Console System Bundle Set Kit Xbox 360S deal: $180.45, 5% off | DealDesk","Microsoft XBOX 360 SLIM Black Video Game Console System Bundle Set Kit Xbox 360S deal","Microsoft XBOX 360 SLIM Black Video Game Console System Bundle Set Kit Xbox 360S price | Microsoft XBOX 360 SLIM Black Video Game Console System Bundle Set Kit Xbox 360S discount | eBay Microsoft XBOX 360 SLIM Black Video Game Console System Bundle Set Kit Xbox 360S","82","/merchant/ebay/",""
"ebay-item-334516818286","https://dealdesk.fyi/deals/ebay-item-334516818286/","ORIGINAL Nintendo Entertainment System Video Game Bundle Set Kit NES Console OG deal: $189.95, 5% off | DealDesk","ORIGINAL Nintendo Entertainment System Video Game Bundle Set Kit NES Console OG deal","ORIGINAL Nintendo Entertainment System Video Game Bundle Set Kit NES Console OG price | ORIGINAL Nintendo Entertainment System Video Game Bundle Set Kit NES Console OG discount | eBay ORIGINAL Nintendo Entertainment System Video Game Bundle Set Kit NES Console OG","82","/merchant/ebay/",""
"ebay-item-334657380166","https://dealdesk.fyi/deals/ebay-item-334657380166/","Microsoft XBox 360 E System BLACK Video Game Console 4GB Wireless Bundle 360E deal: $218.45, 5% off | DealDesk","Microsoft XBox 360 E System BLACK Video Game Console 4GB Wireless Bundle 360E deal","Microsoft XBox 360 E System BLACK Video Game Console 4GB Wireless Bundle 360E price | Microsoft XBox 360 E System BLACK Video Game Console 4GB Wireless Bundle 360E discount | eBay Microsoft XBox 360 E System BLACK Video Game Console 4GB Wireless Bundle 360E","82","/merchant/ebay/",""
"ebay-item-363963230442","https://dealdesk.fyi/deals/ebay-item-363963230442/","Microsoft Xbox 360S Black XBOX 360 SLIM Video Game Console System Bundle Set Kit deal: $170.95, 5% off | DealDesk","Microsoft Xbox 360S Black XBOX 360 SLIM Video Game Console System Bundle Set Kit deal","Microsoft Xbox 360S Black XBOX 360 SLIM Video Game Console System Bundle Set Kit price | Microsoft Xbox 360S Black XBOX 360 SLIM Video Game Console System Bundle Set Kit discount | eBay Microsoft Xbox 360S Black XBOX 360 SLIM Video Game Console System Bundle Set Kit","82","/merchant/ebay/",""
"ebay-item-402359938800","https://dealdesk.fyi/deals/ebay-item-402359938800/","Nintendo Wii Video Game System 2-REMOTE Bundle RVL-001 GameCube Console WHITE deal: $132.95, 5% off | DealDesk","Nintendo Wii Video Game System 2-REMOTE Bundle RVL-001 GameCube Console WHITE deal","Nintendo Wii Video Game System 2-REMOTE Bundle RVL-001 GameCube Console WHITE price | Nintendo Wii Video Game System 2-REMOTE Bundle RVL-001 GameCube Console WHITE discount | eBay Nintendo Wii Video Game System 2-REMOTE Bundle RVL-001 GameCube Console WHITE","82","/merchant/ebay/",""
"ebay-item-395673686612","https://dealdesk.fyi/deals/ebay-item-395673686612/","Makita VJ04Z-R 12V MAX CXT Li-Ion Cordless Jig Saw Certified Refurbished deal: $85.25, 5% off | DealDesk","Makita VJ04Z-R 12V MAX CXT Li-Ion Cordless Jig Saw Certified Refurbished deal","Makita VJ04Z-R 12V MAX CXT Li-Ion Cordless Jig Saw Certified Refurbished price | Makita VJ04Z-R 12V MAX CXT Li-Ion Cordless Jig Saw Certified Refurbished discount | eBay Makita VJ04Z-R 12V MAX CXT Li-Ion Cordless Jig Saw Certified Refurbished","82","/merchant/ebay/",""
"ebay-item-336400385965-545909684427","https://dealdesk.fyi/deals/ebay-item-336400385965-545909684427/","Genuine Dyson Supersonic Hair Dryer with 3 Styling Attachments - Colors USED deal: $142.45, 5% off | DealDesk","Genuine Dyson Supersonic Hair Dryer with 3 Styling Attachments - Colors USED deal","Genuine Dyson Supersonic Hair Dryer with 3 Styling Attachments - Colors USED price | Genuine Dyson Supersonic Hair Dryer with 3 Styling Attachments - Colors USED discount | eBay Genuine Dyson Supersonic Hair Dryer with 3 Styling Attachments - Colors USED","82","/merchant/ebay/",""
"ebay-item-355133628575","https://dealdesk.fyi/deals/ebay-item-355133628575/","NEW Nintendo Switch 32GB Neon Console + Sonic Mania 🥏Game Bundle - Ships Fast! deal: $339.99, 3% off | DealDesk","NEW Nintendo Switch 32GB Neon Console + Sonic Mania 🥏Game Bundle - Ships Fast! deal","NEW Nintendo Switch 32GB Neon Console + Sonic Mania 🥏Game Bundle - Ships Fast! price | NEW Nintendo Switch 32GB Neon Console + Sonic Mania 🥏Game Bundle - Ships Fast! discount | eBay NEW Nintendo Switch 32GB Neon Console + Sonic Mania 🥏Game Bundle - Ships Fast!","82","/merchant/ebay/",""
"ebay-item-397163335100","https://dealdesk.fyi/deals/ebay-item-397163335100/","Makita XRH05Z-R 18V X2 (36V) LXT Rotary Hammer (Tool Only) Certified Refurbished deal: $293.99, 2% off | DealDesk","Makita XRH05Z-R 18V X2 (36V) LXT Rotary Hammer (Tool Only) Certified Refurbished deal","Makita XRH05Z-R 18V X2 (36V) LXT Rotary Hammer (Tool Only) Certified Refurbished price | Makita XRH05Z-R 18V X2 (36V) LXT Rotary Hammer (Tool Only) Certified Refurbished discount | eBay Makita XRH05Z-R 18V X2 (36V) LXT Rotary Hammer (Tool Only) Certified Refurbished","82","/merchant/ebay/",""
"ebay-item-184573762735","https://dealdesk.fyi/deals/ebay-item-184573762735/","Sony PlayStation 5 DualSense Wireless Controller with Haptic Feedback – White deal: $74.00, 1% off | DealDesk","Sony PlayStation 5 DualSense Wireless Controller with Haptic Feedback – White deal","Sony PlayStation 5 DualSense Wireless Controller with Haptic Feedback – White price | Sony PlayStation 5 DualSense Wireless Controller with Haptic Feedback – White discount | eBay Sony PlayStation 5 DualSense Wireless Controller with Haptic Feedback – White","76","/merchant/ebay/",""
"ebay-item-184945149335","https://dealdesk.fyi/deals/ebay-item-184945149335/","Sony PlayStation 5 DualSense Wireless Controller w/ Haptic Feedback – Cosmic Red deal: $74.00, 1% off | DealDesk","Sony PlayStation 5 DualSense Wireless Controller w/ Haptic Feedback – Cosmic Red deal","Sony PlayStation 5 DualSense Wireless Controller w/ Haptic Feedback – Cosmic Red price | Sony PlayStation 5 DualSense Wireless Controller w/ Haptic Feedback – Cosmic Red discount | eBay Sony PlayStation 5 DualSense Wireless Controller w/ Haptic Feedback – Cosmic Red","76","/merchant/ebay/",""
"ebay-item-307051282826-606876277943","https://dealdesk.fyi/deals/ebay-item-307051282826-606876277943/","WYZE Cam Pan v3 IP65 1080P 360° Tilt/Zoom Wi-Fi Smart Security Camera Class B deal: $28.99 | DealDesk","WYZE Cam Pan v3 IP65 1080P 360° Tilt/Zoom Wi-Fi Smart Security Camera Class B deal","WYZE Cam Pan v3 IP65 1080P 360° Tilt/Zoom Wi-Fi Smart Security Camera Class B price | WYZE Cam Pan v3 IP65 1080P 360° Tilt/Zoom Wi-Fi Smart Security Camera Class B discount | eBay WYZE Cam Pan v3 IP65 1080P 360° Tilt/Zoom Wi-Fi Smart Security Camera Class B","70","/merchant/ebay/",""
"ebay-item-800426668035","https://dealdesk.fyi/deals/ebay-item-800426668035/","eufy Entry Sensor E20 Dual-Side Detection Door/window Sensor Bypass Button deal: $23.99 | DealDesk","eufy Entry Sensor E20 Dual-Side Detection Door/window Sensor Bypass Button deal","eufy Entry Sensor E20 Dual-Side Detection Door/window Sensor Bypass Button price | eufy Entry Sensor E20 Dual-Side Detection Door/window Sensor Bypass Button discount | eBay eufy Entry Sensor E20 Dual-Side Detection Door/window Sensor Bypass Button","70","/merchant/ebay/",""
"ebay-item-306544237443","https://dealdesk.fyi/deals/ebay-item-306544237443/","WYZE Outdoor Floodlight Security Camera Pro 2.5K HD 3000Lumen LED 180° Wide View deal: $79.99 | DealDesk","WYZE Outdoor Floodlight Security Camera Pro 2.5K HD 3000Lumen LED 180° Wide View deal","WYZE Outdoor Floodlight Security Camera Pro 2.5K HD 3000Lumen LED 180° Wide View price | WYZE Outdoor Floodlight Security Camera Pro 2.5K HD 3000Lumen LED 180° Wide View discount | eBay WYZE Outdoor Floodlight Security Camera Pro 2.5K HD 3000Lumen LED 180° Wide View","70","/merchant/ebay/",""
"ebay-item-388345107937-655509017542","https://dealdesk.fyi/deals/ebay-item-388345107937-655509017542/","Amazon Echo Show 8 with Alexa 1st Gen 8 inch HD Smart Display White or Black deal: $72.72 | DealDesk","Amazon Echo Show 8 with Alexa 1st Gen 8 inch HD Smart Display White or Black deal","Amazon Echo Show 8 with Alexa 1st Gen 8 inch HD Smart Display White or Black price | Amazon Echo Show 8 with Alexa 1st Gen 8 inch HD Smart Display White or Black discount | eBay Amazon Echo Show 8 with Alexa 1st Gen 8 inch HD Smart Display White or Black","70","/merchant/ebay/",""
"ebay-item-388323729612","https://dealdesk.fyi/deals/ebay-item-388323729612/","Blink Sync Module 2 For Existing Blink Security Camera System - Camera Required deal: $32.32 | DealDesk","Blink Sync Module 2 For Existing Blink Security Camera System - Camera Required deal","Blink Sync Module 2 For Existing Blink Security Camera System - Camera Required price | Blink Sync Module 2 For Existing Blink Security Camera System - Camera Required discount | eBay Blink Sync Module 2 For Existing Blink Security Camera System - Camera Required","70","/merchant/ebay/",""
"ebay-item-406562926742","https://dealdesk.fyi/deals/ebay-item-406562926742/","Apple Homepod - (2nd Generation 2023) MQJ73LL/A - Midnight - Excellent deal: $229.99 | DealDesk","Apple Homepod - (2nd Generation 2023) MQJ73LL/A - Midnight - Excellent deal","Apple Homepod - (2nd Generation 2023) MQJ73LL/A - Midnight - Excellent price | Apple Homepod - (2nd Generation 2023) MQJ73LL/A - Midnight - Excellent discount | eBay Apple Homepod - (2nd Generation 2023) MQJ73LL/A - Midnight - Excellent","70","/merchant/ebay/",""
"ebay-item-307062441502","https://dealdesk.fyi/deals/ebay-item-307062441502/","Hisense R651 5.1 Ch 510W Soundbar w/Wireless Subwoofer&2 Rear Surround Speakers deal: $99.99 | DealDesk","Hisense R651 5.1 Ch 510W Soundbar w/Wireless Subwoofer&2 Rear Surround Speakers deal","Hisense R651 5.1 Ch 510W Soundbar w/Wireless Subwoofer&2 Rear Surround Speakers price | Hisense R651 5.1 Ch 510W Soundbar w/Wireless Subwoofer&2 Rear Surround Speakers discount | eBay Hisense R651 5.1 Ch 510W Soundbar w/Wireless Subwoofer&2 Rear Surround Speakers","70","/merchant/ebay/",""
"ebay-item-306378300516","https://dealdesk.fyi/deals/ebay-item-306378300516/","Samsung Q990F 11.1.4ch Q Series Soundbar Wireless Dolby Atmos deal: $933.20 | DealDesk","Samsung Q990F 11.1.4ch Q Series Soundbar Wireless Dolby Atmos deal","Samsung Q990F 11.1.4ch Q Series Soundbar Wireless Dolby Atmos price | Samsung Q990F 11.1.4ch Q Series Soundbar Wireless Dolby Atmos discount | eBay Samsung Q990F 11.1.4ch Q Series Soundbar Wireless Dolby Atmos","70","/merchant/ebay/",""
"ebay-item-306998065777","https://dealdesk.fyi/deals/ebay-item-306998065777/","Hisense R632 3.1 Channel Bluetooth Soundbar Wireless Subwoofer Dolby Atmos 380W deal: $89.99 | DealDesk","Hisense R632 3.1 Channel Bluetooth Soundbar Wireless Subwoofer Dolby Atmos 380W deal","Hisense R632 3.1 Channel Bluetooth Soundbar Wireless Subwoofer Dolby Atmos 380W price | Hisense R632 3.1 Channel Bluetooth Soundbar Wireless Subwoofer Dolby Atmos 380W discount | eBay Hisense R632 3.1 Channel Bluetooth Soundbar Wireless Subwoofer Dolby Atmos 380W","70","/merchant/ebay/",""
"ebay-item-387118823866","https://dealdesk.fyi/deals/ebay-item-387118823866/","Sonos Era100 Black Certified Refurbished - Smart Speaker - Bluetooth - AirPlay2 deal: $179.00 | DealDesk","Sonos Era100 Black Certified Refurbished - Smart Speaker - Bluetooth - AirPlay2 deal","Sonos Era100 Black Certified Refurbished - Smart Speaker - Bluetooth - AirPlay2 price | Sonos Era100 Black Certified Refurbished - Smart Speaker - Bluetooth - AirPlay2 discount | eBay Sonos Era100 Black Certified Refurbished - Smart Speaker - Bluetooth - AirPlay2","70","/merchant/ebay/",""
"ebay-item-385697241691","https://dealdesk.fyi/deals/ebay-item-385697241691/","Sonos Beam Gen2 Black Certified Refurbished - Smart Soundbar - Dolby Atmos deal: $399.00 | DealDesk","Sonos Beam Gen2 Black Certified Refurbished - Smart Soundbar - Dolby Atmos deal","Sonos Beam Gen2 Black Certified Refurbished - Smart Soundbar - Dolby Atmos price | Sonos Beam Gen2 Black Certified Refurbished - Smart Soundbar - Dolby Atmos discount | eBay Sonos Beam Gen2 Black Certified Refurbished - Smart Soundbar - Dolby Atmos","70","/merchant/ebay/",""
"ebay-item-298359808093","https://dealdesk.fyi/deals/ebay-item-298359808093/","Hisense AX700 5.1.4 CH Dolby Atmos Soundbar Wireless Subwoofer Rear Speakers 4K deal: $200.54 | DealDesk","Hisense AX700 5.1.4 CH Dolby Atmos Soundbar Wireless Subwoofer Rear Speakers 4K deal","Hisense AX700 5.1.4 CH Dolby Atmos Soundbar Wireless Subwoofer Rear Speakers 4K price | Hisense AX700 5.1.4 CH Dolby Atmos Soundbar Wireless Subwoofer Rear Speakers 4K discount | eBay Hisense AX700 5.1.4 CH Dolby Atmos Soundbar Wireless Subwoofer Rear Speakers 4K","70","/merchant/ebay/",""
"ebay-item-389490553920","https://dealdesk.fyi/deals/ebay-item-389490553920/","Sonos - Ray All-in-One Soundbar deal: $150.00 | DealDesk","Sonos - Ray All-in-One Soundbar deal","Sonos - Ray All-in-One Soundbar price | Sonos - Ray All-in-One Soundbar discount | eBay Sonos - Ray All-in-One Soundbar","70","/merchant/ebay/",""
"ebay-item-386838198102","https://dealdesk.fyi/deals/ebay-item-386838198102/","Sonos Sub Gen3 Black Certified Refurbished - Premium Wireless Subwoofer deal: $639.00 | DealDesk","Sonos Sub Gen3 Black Certified Refurbished - Premium Wireless Subwoofer deal","Sonos Sub Gen3 Black Certified Refurbished - Premium Wireless Subwoofer price | Sonos Sub Gen3 Black Certified Refurbished - Premium Wireless Subwoofer discount | eBay Sonos Sub Gen3 Black Certified Refurbished - Premium Wireless Subwoofer","70","/merchant/ebay/",""
"ebay-item-166852818277","https://dealdesk.fyi/deals/ebay-item-166852818277/","Onkyo TX-NR6100 - 7.2 - Ch Smart 8K AV Receiver w/ Wi-Fi, BT and Atmos deal: $549.00 | DealDesk","Onkyo TX-NR6100 - 7.2 - Ch Smart 8K AV Receiver w/ Wi-Fi, BT and Atmos deal","Onkyo TX-NR6100 - 7.2 - Ch Smart 8K AV Receiver w/ Wi-Fi, BT and Atmos price | Onkyo TX-NR6100 - 7.2 - Ch Smart 8K AV Receiver w/ Wi-Fi, BT and Atmos discount | eBay Onkyo TX-NR6100 - 7.2 - Ch Smart 8K AV Receiver w/ Wi-Fi, BT and Atmos","70","/merchant/ebay/",""
"ebay-item-227447360521","https://dealdesk.fyi/deals/ebay-item-227447360521/","✅ Marantz CC4003 5-Disc CD Changer, Remote, USA Seller, Warranty, Minty deal: $550.00 | DealDesk","✅ Marantz CC4003 5-Disc CD Changer, Remote, USA Seller, Warranty, Minty deal","✅ Marantz CC4003 5-Disc CD Changer, Remote, USA Seller, Warranty, Minty price | ✅ Marantz CC4003 5-Disc CD Changer, Remote, USA Seller, Warranty, Minty discount | eBay ✅ Marantz CC4003 5-Disc CD Changer, Remote, USA Seller, Warranty, Minty","70","/merchant/ebay/",""
"ebay-item-137425746708","https://dealdesk.fyi/deals/ebay-item-137425746708/","Vizio SV210Y-0808B All-in-One SE Soundbar - Certified Refurbished deal: $74.99 | DealDesk","Vizio SV210Y-0808B All-in-One SE Soundbar - Certified Refurbished deal","Vizio SV210Y-0808B All-in-One SE Soundbar - Certified Refurbished price | Vizio SV210Y-0808B All-in-One SE Soundbar - Certified Refurbished discount | eBay Vizio SV210Y-0808B All-in-One SE Soundbar - Certified Refurbished","70","/merchant/ebay/",""
"ebay-item-365729575893","https://dealdesk.fyi/deals/ebay-item-365729575893/","Hisense 5.1 Ch 510W Soundbar with Wireless Subwoofer and 2 Rear Surround Speaker deal: $97.89 | DealDesk","Hisense 5.1 Ch 510W Soundbar with Wireless Subwoofer and 2 Rear Surround Speaker deal","Hisense 5.1 Ch 510W Soundbar with Wireless Subwoofer and 2 Rear Surround Speaker price | Hisense 5.1 Ch 510W Soundbar with Wireless Subwoofer and 2 Rear Surround Speaker discount | eBay Hisense 5.1 Ch 510W Soundbar with Wireless Subwoofer and 2 Rear Surround Speaker","70","/merchant/ebay/",""
"ebay-item-398151947944","https://dealdesk.fyi/deals/ebay-item-398151947944/","Pioneer SX-1080 Vintage Stereo Receiver-Restored–1 Year warranty deal: $3,399.00 | DealDesk","Pioneer SX-1080 Vintage Stereo Receiver-Restored–1 Year warranty deal","Pioneer SX-1080 Vintage Stereo Receiver-Restored–1 Year warranty price | Pioneer SX-1080 Vintage Stereo Receiver-Restored–1 Year warranty discount | eBay Pioneer SX-1080 Vintage Stereo Receiver-Restored–1 Year warranty","70","/merchant/ebay/",""
"ebay-item-127606304592","https://dealdesk.fyi/deals/ebay-item-127606304592/","Samsung Q-Series HW-Q60CF 3.1.2 Ch Soundbar W/ Subwoofer (2025) deal: $174.99 | DealDesk","Samsung Q-Series HW-Q60CF 3.1.2 Ch Soundbar W/ Subwoofer (2025) deal","Samsung Q-Series HW-Q60CF 3.1.2 Ch Soundbar W/ Subwoofer (2025) price | Samsung Q-Series HW-Q60CF 3.1.2 Ch Soundbar W/ Subwoofer (2025) discount | eBay Samsung Q-Series HW-Q60CF 3.1.2 Ch Soundbar W/ Subwoofer (2025)","70","/merchant/ebay/",""
"ebay-item-398155296323","https://dealdesk.fyi/deals/ebay-item-398155296323/","JBL 4412 Vintage Speakers (Pair) – Professionally Restored – 1-Year Warranty deal: $2,499.00 | DealDesk","JBL 4412 Vintage Speakers (Pair) – Professionally Restored – 1-Year Warranty deal","JBL 4412 Vintage Speakers (Pair) – Professionally Restored – 1-Year Warranty price | JBL 4412 Vintage Speakers (Pair) – Professionally Restored – 1-Year Warranty discount | eBay JBL 4412 Vintage Speakers (Pair) – Professionally Restored – 1-Year Warranty","70","/merchant/ebay/",""
"ebay-item-136992985255","https://dealdesk.fyi/deals/ebay-item-136992985255/","Hisense AX700 5.1.4 CH Dolby Atmos Soundbar w/ Wireless Subwoofer + 1yr Warranty deal: $179.99 | DealDesk","Hisense AX700 5.1.4 CH Dolby Atmos Soundbar w/ Wireless Subwoofer + 1yr Warranty deal","Hisense AX700 5.1.4 CH Dolby Atmos Soundbar w/ Wireless Subwoofer + 1yr Warranty price | Hisense AX700 5.1.4 CH Dolby Atmos Soundbar w/ Wireless Subwoofer + 1yr Warranty discount | eBay Hisense AX700 5.1.4 CH Dolby Atmos Soundbar w/ Wireless Subwoofer + 1yr Warranty","70","/merchant/ebay/",""
"ebay-item-306664316804","https://dealdesk.fyi/deals/ebay-item-306664316804/","Hisense AX3120Q 3.1.2Ch Sound Bar with Wireless Subwoofer Bluetooth for Roku TV deal: $202.00 | DealDesk","Hisense AX3120Q 3.1.2Ch Sound Bar with Wireless Subwoofer Bluetooth for Roku TV deal","Hisense AX3120Q 3.1.2Ch Sound Bar with Wireless Subwoofer Bluetooth for Roku TV price | Hisense AX3120Q 3.1.2Ch Sound Bar with Wireless Subwoofer Bluetooth for Roku TV discount | eBay Hisense AX3120Q 3.1.2Ch Sound Bar with Wireless Subwoofer Bluetooth for Roku TV","70","/merchant/ebay/",""
"ebay-item-398244551915","https://dealdesk.fyi/deals/ebay-item-398244551915/","ESS AMT 1AM Pair Of Vintage Speakers - Professionally Restored - 1-Year Warranty deal: $1,999.00 | DealDesk","ESS AMT 1AM Pair Of Vintage Speakers - Professionally Restored - 1-Year Warranty deal","ESS AMT 1AM Pair Of Vintage Speakers - Professionally Restored - 1-Year Warranty price | ESS AMT 1AM Pair Of Vintage Speakers - Professionally Restored - 1-Year Warranty discount | eBay ESS AMT 1AM Pair Of Vintage Speakers - Professionally Restored - 1-Year Warranty","70","/merchant/ebay/",""
"ebay-item-127964109890","https://dealdesk.fyi/deals/ebay-item-127964109890/","VIZIO V20x-J8 2.0 Channel Bluetooth Compact Sound Bar - Black deal: $54.99 | DealDesk","VIZIO V20x-J8 2.0 Channel Bluetooth Compact Sound Bar - Black deal","VIZIO V20x-J8 2.0 Channel Bluetooth Compact Sound Bar - Black price | VIZIO V20x-J8 2.0 Channel Bluetooth Compact Sound Bar - Black discount | eBay VIZIO V20x-J8 2.0 Channel Bluetooth Compact Sound Bar - Black","70","/merchant/ebay/",""
"ebay-item-306774566195","https://dealdesk.fyi/deals/ebay-item-306774566195/","DJI Mini 5 Pro Fly More Combo with DJI RC 2, Drone with Camera deal: $1,189.00 | DealDesk","DJI Mini 5 Pro Fly More Combo with DJI RC 2, Drone with Camera deal","DJI Mini 5 Pro Fly More Combo with DJI RC 2, Drone with Camera price | DJI Mini 5 Pro Fly More Combo with DJI RC 2, Drone with Camera discount | eBay DJI Mini 5 Pro Fly More Combo with DJI RC 2, Drone with Camera","64","/merchant/ebay/",""
"ebay-item-306791882157","https://dealdesk.fyi/deals/ebay-item-306791882157/","DJI Mic Mini (1 TX + 1 RX) (Certified Refurbished) deal: $42.00 | DealDesk","DJI Mic Mini (1 TX + 1 RX) (Certified Refurbished) deal","DJI Mic Mini (1 TX + 1 RX) (Certified Refurbished) price | DJI Mic Mini (1 TX + 1 RX) (Certified Refurbished) discount | eBay DJI Mic Mini (1 TX + 1 RX) (Certified Refurbished)","70","/merchant/ebay/",""
"ebay-item-305003427819","https://dealdesk.fyi/deals/ebay-item-305003427819/","DJI Mavic 3 Intelligent Flight Battery for Mavic 3 Drone Quadcopter (Open Box) deal: $119.20 | DealDesk","DJI Mavic 3 Intelligent Flight Battery for Mavic 3 Drone Quadcopter (Open Box) deal","DJI Mavic 3 Intelligent Flight Battery for Mavic 3 Drone Quadcopter (Open Box) price | DJI Mavic 3 Intelligent Flight Battery for Mavic 3 Drone Quadcopter (Open Box) discount | eBay DJI Mavic 3 Intelligent Flight Battery for Mavic 3 Drone Quadcopter (Open Box)","70","/merchant/ebay/",""
"ebay-item-306777957665","https://dealdesk.fyi/deals/ebay-item-306777957665/","DJI Neo 2 Fly More Combo With RC-N3 Remote Controller deal: $429.00 | DealDesk","DJI Neo 2 Fly More Combo With RC-N3 Remote Controller deal","DJI Neo 2 Fly More Combo With RC-N3 Remote Controller price | DJI Neo 2 Fly More Combo With RC-N3 Remote Controller discount | eBay DJI Neo 2 Fly More Combo With RC-N3 Remote Controller","64","/merchant/ebay/",""
"ebay-item-306779962155","https://dealdesk.fyi/deals/ebay-item-306779962155/","DJI Mini 3 (DJI RC) deal: $549.00 | DealDesk","DJI Mini 3 (DJI RC) deal","DJI Mini 3 (DJI RC) price | DJI Mini 3 (DJI RC) discount | eBay DJI Mini 3 (DJI RC)","64","/merchant/ebay/",""
"ebay-item-267659721487","https://dealdesk.fyi/deals/ebay-item-267659721487/","DJI Avata 2 Fly Smart Combo (Single Battery) deal: $619.00 | DealDesk","DJI Avata 2 Fly Smart Combo (Single Battery) deal","DJI Avata 2 Fly Smart Combo (Single Battery) price | DJI Avata 2 Fly Smart Combo (Single Battery) discount | eBay DJI Avata 2 Fly Smart Combo (Single Battery)","64","/merchant/ebay/",""
"ebay-item-306774668648","https://dealdesk.fyi/deals/ebay-item-306774668648/","DJI Mini 5 Pro Fly More Combo with DJI RC-N3, Drone with Camera deal: $959.00 | DealDesk","DJI Mini 5 Pro Fly More Combo with DJI RC-N3, Drone with Camera deal","DJI Mini 5 Pro Fly More Combo with DJI RC-N3, Drone with Camera price | DJI Mini 5 Pro Fly More Combo with DJI RC-N3, Drone with Camera discount | eBay DJI Mini 5 Pro Fly More Combo with DJI RC-N3, Drone with Camera","64","/merchant/ebay/",""
"ebay-item-306774651012","https://dealdesk.fyi/deals/ebay-item-306774651012/","DJI Mini 5 Pro Fly More Combo Plus with DJI RC 2, Drone with Camera deal: $1,189.00 | DealDesk","DJI Mini 5 Pro Fly More Combo Plus with DJI RC 2, Drone with Camera deal","DJI Mini 5 Pro Fly More Combo Plus with DJI RC 2, Drone with Camera price | DJI Mini 5 Pro Fly More Combo Plus with DJI RC 2, Drone with Camera discount | eBay DJI Mini 5 Pro Fly More Combo Plus with DJI RC 2, Drone with Camera","64","/merchant/ebay/",""
"ebay-item-306778014779","https://dealdesk.fyi/deals/ebay-item-306778014779/","DJI Avata 2 Fly More Combo (1 Battery) deal: $999.00 | DealDesk","DJI Avata 2 Fly More Combo (1 Battery) deal","DJI Avata 2 Fly More Combo (1 Battery) price | DJI Avata 2 Fly More Combo (1 Battery) discount | eBay DJI Avata 2 Fly More Combo (1 Battery)","64","/merchant/ebay/",""
"ebay-item-306777980363","https://dealdesk.fyi/deals/ebay-item-306777980363/","DJI Neo 2 Fly More Combo (Drone Only), 4K Drone With Camera deal: $349.00 | DealDesk","DJI Neo 2 Fly More Combo (Drone Only), 4K Drone With Camera deal","DJI Neo 2 Fly More Combo (Drone Only), 4K Drone With Camera price | DJI Neo 2 Fly More Combo (Drone Only), 4K Drone With Camera discount | eBay DJI Neo 2 Fly More Combo (Drone Only), 4K Drone With Camera","64","/merchant/ebay/",""
"ebay-item-305019777651","https://dealdesk.fyi/deals/ebay-item-305019777651/","DJI FPV Intelligent Flight Battery (Open Box) deal: $109.00 | DealDesk","DJI FPV Intelligent Flight Battery (Open Box) deal","DJI FPV Intelligent Flight Battery (Open Box) price | DJI FPV Intelligent Flight Battery (Open Box) discount | eBay DJI FPV Intelligent Flight Battery (Open Box)","70","/merchant/ebay/",""
"ebay-item-306777933193","https://dealdesk.fyi/deals/ebay-item-306777933193/","DJI Neo 2 (Drone Only), Lightweight & Foldable 4K Drone With Camera deal: $259.00 | DealDesk","DJI Neo 2 (Drone Only), Lightweight & Foldable 4K Drone With Camera deal","DJI Neo 2 (Drone Only), Lightweight & Foldable 4K Drone With Camera price | DJI Neo 2 (Drone Only), Lightweight & Foldable 4K Drone With Camera discount | eBay DJI Neo 2 (Drone Only), Lightweight & Foldable 4K Drone With Camera","64","/merchant/ebay/",""
"ebay-item-306799689425","https://dealdesk.fyi/deals/ebay-item-306799689425/","DJI Goggles 2 Battery deal: $39.00 | DealDesk","DJI Goggles 2 Battery deal","DJI Goggles 2 Battery price | DJI Goggles 2 Battery discount | eBay DJI Goggles 2 Battery","64","/merchant/ebay/",""
"ebay-item-305791017994","https://dealdesk.fyi/deals/ebay-item-305791017994/","DJI Mini 4K Drone Fly More Ready To Fly Vlogger Combo - Certified Refurbished deal: $599.00 | DealDesk","DJI Mini 4K Drone Fly More Ready To Fly Vlogger Combo - Certified Refurbished deal","DJI Mini 4K Drone Fly More Ready To Fly Vlogger Combo - Certified Refurbished price | DJI Mini 4K Drone Fly More Ready To Fly Vlogger Combo - Certified Refurbished discount | eBay DJI Mini 4K Drone Fly More Ready To Fly Vlogger Combo - Certified Refurbished","70","/merchant/ebay/",""
"ebay-item-304925251602","https://dealdesk.fyi/deals/ebay-item-304925251602/","DJI Mavic Mini Intelligent Flight Battery-Open Box New deal: $39.00 | DealDesk","DJI Mavic Mini Intelligent Flight Battery-Open Box New deal","DJI Mavic Mini Intelligent Flight Battery-Open Box New price | DJI Mavic Mini Intelligent Flight Battery-Open Box New discount | eBay DJI Mavic Mini Intelligent Flight Battery-Open Box New","70","/merchant/ebay/",""
"ebay-item-306779708410","https://dealdesk.fyi/deals/ebay-item-306779708410/","DJI Mini 4 Pro Fly More Combo with DJI RC 2 deal: $1,099.00 | DealDesk","DJI Mini 4 Pro Fly More Combo with DJI RC 2 deal","DJI Mini 4 Pro Fly More Combo with DJI RC 2 price | DJI Mini 4 Pro Fly More Combo with DJI RC 2 discount | eBay DJI Mini 4 Pro Fly More Combo with DJI RC 2","64","/merchant/ebay/",""
"ebay-item-306779912929","https://dealdesk.fyi/deals/ebay-item-306779912929/","DJI Mini 4K Fly More Combo deal: $449.00 | DealDesk","DJI Mini 4K Fly More Combo deal","DJI Mini 4K Fly More Combo price | DJI Mini 4K Fly More Combo discount | eBay DJI Mini 4K Fly More Combo","64","/merchant/ebay/",""
"ebay-item-306801329750","https://dealdesk.fyi/deals/ebay-item-306801329750/","DJI Avata 2 Two-Way Charging Hub deal: $59.00 | DealDesk","DJI Avata 2 Two-Way Charging Hub deal","DJI Avata 2 Two-Way Charging Hub price | DJI Avata 2 Two-Way Charging Hub discount | eBay DJI Avata 2 Two-Way Charging Hub","64","/merchant/ebay/",""
"ebay-item-306788519592","https://dealdesk.fyi/deals/ebay-item-306788519592/","DJI Goggles N3 (Refurbished) deal: $299.00 | DealDesk","DJI Goggles N3 (Refurbished) deal","DJI Goggles N3 (Refurbished) price | DJI Goggles N3 (Refurbished) discount | eBay DJI Goggles N3 (Refurbished)","70","/merchant/ebay/",""
"ebay-item-306780163521","https://dealdesk.fyi/deals/ebay-item-306780163521/","DJI Mavic 4 Pro Fly More Combo with DJI RC 2 deal: $2,899.00 | DealDesk","DJI Mavic 4 Pro Fly More Combo with DJI RC 2 deal","DJI Mavic 4 Pro Fly More Combo with DJI RC 2 price | DJI Mavic 4 Pro Fly More Combo with DJI RC 2 discount | eBay DJI Mavic 4 Pro Fly More Combo with DJI RC 2","64","/merchant/ebay/",""
"ebay-item-267659721467","https://dealdesk.fyi/deals/ebay-item-267659721467/","DJI Neo 2 Motion Fly More Combo deal: $599.00 | DealDesk","DJI Neo 2 Motion Fly More Combo deal","DJI Neo 2 Motion Fly More Combo price | DJI Neo 2 Motion Fly More Combo discount | eBay DJI Neo 2 Motion Fly More Combo","64","/merchant/ebay/",""
"ebay-item-306790438012","https://dealdesk.fyi/deals/ebay-item-306790438012/","DJI Mavic 2 Zoom (Certified Refurbished) deal: $999.00 | DealDesk","DJI Mavic 2 Zoom (Certified Refurbished) deal","DJI Mavic 2 Zoom (Certified Refurbished) price | DJI Mavic 2 Zoom (Certified Refurbished) discount | eBay DJI Mavic 2 Zoom (Certified Refurbished)","70","/merchant/ebay/",""
"ebay-item-306790517213","https://dealdesk.fyi/deals/ebay-item-306790517213/","DJI Mini 5 Pro Fly More Combo Plus with DJI RC 2 (NYC Care Plan 1 Year Included) deal: $1,309.00 | DealDesk","DJI Mini 5 Pro Fly More Combo Plus with DJI RC 2 (NYC Care Plan 1 Year Included) deal","DJI Mini 5 Pro Fly More Combo Plus with DJI RC 2 (NYC Care Plan 1 Year Included) price | DJI Mini 5 Pro Fly More Combo Plus with DJI RC 2 (NYC Care Plan 1 Year Included) discount | eBay DJI Mini 5 Pro Fly More Combo Plus with DJI RC 2 (NYC Care Plan 1 Year Included)","64","/merchant/ebay/",""
"ebay-item-306788552019","https://dealdesk.fyi/deals/ebay-item-306788552019/","DJI Air 3S (RC-N3) (Certified Refurbished) deal: $999.00 | DealDesk","DJI Air 3S (RC-N3) (Certified Refurbished) deal","DJI Air 3S (RC-N3) (Certified Refurbished) price | DJI Air 3S (RC-N3) (Certified Refurbished) discount | eBay DJI Air 3S (RC-N3) (Certified Refurbished)","70","/merchant/ebay/",""
"ebay-item-306791886107","https://dealdesk.fyi/deals/ebay-item-306791886107/","DJI Osmo Action 5 Pro Standard Combo (Certified Refurbished) deal: $289.00 | DealDesk","DJI Osmo Action 5 Pro Standard Combo (Certified Refurbished) deal","DJI Osmo Action 5 Pro Standard Combo (Certified Refurbished) price | DJI Osmo Action 5 Pro Standard Combo (Certified Refurbished) discount | eBay DJI Osmo Action 5 Pro Standard Combo (Certified Refurbished)","70","/merchant/ebay/",""
"ebay-item-306790338613","https://dealdesk.fyi/deals/ebay-item-306790338613/","DJI Mavic 2 Pro (Certified Refurbished) deal: $1,099.00 | DealDesk","DJI Mavic 2 Pro (Certified Refurbished) deal","DJI Mavic 2 Pro (Certified Refurbished) price | DJI Mavic 2 Pro (Certified Refurbished) discount | eBay DJI Mavic 2 Pro (Certified Refurbished)","70","/merchant/ebay/",""
"ebay-item-267431903629","https://dealdesk.fyi/deals/ebay-item-267431903629/","DJI Mic 3 (1 Transmitter + 1 Receiver) deal: $169.00 | DealDesk","DJI Mic 3 (1 Transmitter + 1 Receiver) deal","DJI Mic 3 (1 Transmitter + 1 Receiver) price | DJI Mic 3 (1 Transmitter + 1 Receiver) discount | eBay DJI Mic 3 (1 Transmitter + 1 Receiver)","72","/merchant/ebay/",""
"ebay-item-306788523425","https://dealdesk.fyi/deals/ebay-item-306788523425/","DJI Neo Two-Way Charging Hub (Refurbished) deal: $29.00 | DealDesk","DJI Neo Two-Way Charging Hub (Refurbished) deal","DJI Neo Two-Way Charging Hub (Refurbished) price | DJI Neo Two-Way Charging Hub (Refurbished) discount | eBay DJI Neo Two-Way Charging Hub (Refurbished)","70","/merchant/ebay/",""
"ebay-item-306779780630","https://dealdesk.fyi/deals/ebay-item-306779780630/","DJI Flip Fly More Combo With RC 2 deal: $779.00 | DealDesk","DJI Flip Fly More Combo With RC 2 deal","DJI Flip Fly More Combo With RC 2 price | DJI Flip Fly More Combo With RC 2 discount | eBay DJI Flip Fly More Combo With RC 2","64","/merchant/ebay/",""
"ebay-item-305595432446","https://dealdesk.fyi/deals/ebay-item-305595432446/","DJI Mini 3 Pro Intelligent Flight Battery-Certified Refurbished deal: $55.00 | DealDesk","DJI Mini 3 Pro Intelligent Flight Battery-Certified Refurbished deal","DJI Mini 3 Pro Intelligent Flight Battery-Certified Refurbished price | DJI Mini 3 Pro Intelligent Flight Battery-Certified Refurbished discount | eBay DJI Mini 3 Pro Intelligent Flight Battery-Certified Refurbished","70","/merchant/ebay/",""
"ebay-item-267568407218","https://dealdesk.fyi/deals/ebay-item-267568407218/","DJI RS 5 Handheld Camera Stabilizer deal: $569.00 | DealDesk","DJI RS 5 Handheld Camera Stabilizer deal","DJI RS 5 Handheld Camera Stabilizer price | DJI RS 5 Handheld Camera Stabilizer discount | eBay DJI RS 5 Handheld Camera Stabilizer","64","/merchant/ebay/",""
"ebay-item-305247420998","https://dealdesk.fyi/deals/ebay-item-305247420998/","DJI Intelligent Flight Battery for Mini 4 Pro deal: $69.00 | DealDesk","DJI Intelligent Flight Battery for Mini 4 Pro deal","DJI Intelligent Flight Battery for Mini 4 Pro price | DJI Intelligent Flight Battery for Mini 4 Pro discount | eBay DJI Intelligent Flight Battery for Mini 4 Pro","64","/merchant/ebay/",""
"ebay-item-304925264958","https://dealdesk.fyi/deals/ebay-item-304925264958/","DJI Mavic Mini Intelligent Flight Battery 3 Pack, Mini, Mini 2 and Mini SE deal: $80.00 | DealDesk","DJI Mavic Mini Intelligent Flight Battery 3 Pack, Mini, Mini 2 and Mini SE deal","DJI Mavic Mini Intelligent Flight Battery 3 Pack, Mini, Mini 2 and Mini SE price | DJI Mavic Mini Intelligent Flight Battery 3 Pack, Mini, Mini 2 and Mini SE discount | eBay DJI Mavic Mini Intelligent Flight Battery 3 Pack, Mini, Mini 2 and Mini SE","70","/merchant/ebay/",""
"ebay-item-204735080578","https://dealdesk.fyi/deals/ebay-item-204735080578/","GoPro - HERO12 Black Action Camera - Black deal: $369.99 | DealDesk","GoPro - HERO12 Black Action Camera - Black deal","GoPro - HERO12 Black Action Camera - Black price | GoPro - HERO12 Black Action Camera - Black discount | eBay GoPro - HERO12 Black Action Camera - Black","61","/merchant/ebay/",""
"ebay-item-407118530833","https://dealdesk.fyi/deals/ebay-item-407118530833/","Irix 15mm f2.4 Firefly Lens for Nikon (man.focus) #024 deal: $168.71 | DealDesk","Irix 15mm f2.4 Firefly Lens for Nikon (man.focus) #024 deal","Irix 15mm f2.4 Firefly Lens for Nikon (man.focus) #024 price | Irix 15mm f2.4 Firefly Lens for Nikon (man.focus) #024 discount | eBay Irix 15mm f2.4 Firefly Lens for Nikon (man.focus) #024","70","/merchant/ebay/",""
"ebay-item-147458460677","https://dealdesk.fyi/deals/ebay-item-147458460677/","Sony a7 V Mirrorless Camera New, Open Box USA Warranty Fast Shipping! deal: $2,599.00 | DealDesk","Sony a7 V Mirrorless Camera New, Open Box USA Warranty Fast Shipping! deal","Sony a7 V Mirrorless Camera New, Open Box USA Warranty Fast Shipping! price | Sony a7 V Mirrorless Camera New, Open Box USA Warranty Fast Shipping! discount | eBay Sony a7 V Mirrorless Camera New, Open Box USA Warranty Fast Shipping!","67","/merchant/ebay/",""
"ebay-item-206463660297","https://dealdesk.fyi/deals/ebay-item-206463660297/","Nikon Nikkor AF-S 35mm f1.8 G DX ASPH Lens AFS #289 deal: $145.33 | DealDesk","Nikon Nikkor AF-S 35mm f1.8 G DX ASPH Lens AFS #289 deal","Nikon Nikkor AF-S 35mm f1.8 G DX ASPH Lens AFS #289 price | Nikon Nikkor AF-S 35mm f1.8 G DX ASPH Lens AFS #289 discount | eBay Nikon Nikkor AF-S 35mm f1.8 G DX ASPH Lens AFS #289","70","/merchant/ebay/",""
"ebay-item-407117273818","https://dealdesk.fyi/deals/ebay-item-407117273818/","Sony FX3A Full-Frame Cinema Camera USA New Open Box Fast Shipping! deal: $3,799.00 | DealDesk","Sony FX3A Full-Frame Cinema Camera USA New Open Box Fast Shipping! deal","Sony FX3A Full-Frame Cinema Camera USA New Open Box Fast Shipping! price | Sony FX3A Full-Frame Cinema Camera USA New Open Box Fast Shipping! discount | eBay Sony FX3A Full-Frame Cinema Camera USA New Open Box Fast Shipping!","67","/merchant/ebay/",""
"ebay-item-147412305515","https://dealdesk.fyi/deals/ebay-item-147412305515/","Sony FX6 Full-Frame Cinema Video Camera Body New USA Open Box deal: $5,899.00 | DealDesk","Sony FX6 Full-Frame Cinema Video Camera Body New USA Open Box deal","Sony FX6 Full-Frame Cinema Video Camera Body New USA Open Box price | Sony FX6 Full-Frame Cinema Video Camera Body New USA Open Box discount | eBay Sony FX6 Full-Frame Cinema Video Camera Body New USA Open Box","70","/merchant/ebay/",""
"ebay-item-407117543345","https://dealdesk.fyi/deals/ebay-item-407117543345/","Pentax Q 12.4MP Mirrorless Digital Camera Kit w/ 5-15mm Zoom Lens #885 deal: $220.07 | DealDesk","Pentax Q 12.4MP Mirrorless Digital Camera Kit w/ 5-15mm Zoom Lens #885 deal","Pentax Q 12.4MP Mirrorless Digital Camera Kit w/ 5-15mm Zoom Lens #885 price | Pentax Q 12.4MP Mirrorless Digital Camera Kit w/ 5-15mm Zoom Lens #885 discount | eBay Pentax Q 12.4MP Mirrorless Digital Camera Kit w/ 5-15mm Zoom Lens #885","70","/merchant/ebay/",""
"ebay-item-306791851998","https://dealdesk.fyi/deals/ebay-item-306791851998/","DJI Mic Mini Transmitter (Infinity Black) (Certified Refurbished) deal: $30.00 | DealDesk","DJI Mic Mini Transmitter (Infinity Black) (Certified Refurbished) deal","DJI Mic Mini Transmitter (Infinity Black) (Certified Refurbished) price | DJI Mic Mini Transmitter (Infinity Black) (Certified Refurbished) discount | eBay DJI Mic Mini Transmitter (Infinity Black) (Certified Refurbished)","70","/merchant/ebay/",""
"ebay-item-206463900703","https://dealdesk.fyi/deals/ebay-item-206463900703/","Samyang 12mm f2 AF Compact Ultra-Wide Angle Lens Sony E-Mount #514 deal: $192.25 | DealDesk","Samyang 12mm f2 AF Compact Ultra-Wide Angle Lens Sony E-Mount #514 deal","Samyang 12mm f2 AF Compact Ultra-Wide Angle Lens Sony E-Mount #514 price | Samyang 12mm f2 AF Compact Ultra-Wide Angle Lens Sony E-Mount #514 discount | eBay Samyang 12mm f2 AF Compact Ultra-Wide Angle Lens Sony E-Mount #514","70","/merchant/ebay/",""
"ebay-item-206463213105","https://dealdesk.fyi/deals/ebay-item-206463213105/","Nikon F3/T HP Camera Body F3THP Champagne w/DE-4 HP Prism (Titanium) #152 deal: $448.33 | DealDesk","Nikon F3/T HP Camera Body F3THP Champagne w/DE-4 HP Prism (Titanium) #152 deal","Nikon F3/T HP Camera Body F3THP Champagne w/DE-4 HP Prism (Titanium) #152 price | Nikon F3/T HP Camera Body F3THP Champagne w/DE-4 HP Prism (Titanium) #152 discount | eBay Nikon F3/T HP Camera Body F3THP Champagne w/DE-4 HP Prism (Titanium) #152","70","/merchant/ebay/",""
"ebay-item-225285020534","https://dealdesk.fyi/deals/ebay-item-225285020534/","Dell laptop Latitude 7480 14"" i7 2.60GHz 16GB NEW 512GB SSD Win 10 Pro WIFI Cam deal: $239.99 | DealDesk","Dell laptop Latitude 7480 14"" i7 2.60GHz 16GB NEW 512GB SSD Win 10 Pro WIFI Cam deal","Dell laptop Latitude 7480 14"" i7 2.60GHz 16GB NEW 512GB SSD Win 10 Pro WIFI Cam price | Dell laptop Latitude 7480 14"" i7 2.60GHz 16GB NEW 512GB SSD Win 10 Pro WIFI Cam discount | eBay Dell laptop Latitude 7480 14"" i7 2.60GHz 16GB NEW 512GB SSD Win 10 Pro WIFI Cam","67","/merchant/ebay/",""
"ebay-item-226756847304","https://dealdesk.fyi/deals/ebay-item-226756847304/","Apple MacBook Air A2681 2022 13"" - M2 - 16GB RAM - 512GB SSD - Good Refurbished deal: $669.99 | DealDesk","Apple MacBook Air A2681 2022 13"" - M2 - 16GB RAM - 512GB SSD - Good Refurbished deal","Apple MacBook Air A2681 2022 13"" - M2 - 16GB RAM - 512GB SSD - Good Refurbished price | Apple MacBook Air A2681 2022 13"" - M2 - 16GB RAM - 512GB SSD - Good Refurbished discount | eBay Apple MacBook Air A2681 2022 13"" - M2 - 16GB RAM - 512GB SSD - Good Refurbished","70","/merchant/ebay/",""
"ebay-item-187915582686","https://dealdesk.fyi/deals/ebay-item-187915582686/","Lenovo ThinkPad T490 Intel Core i7 8565u 1.8GHz 32GB RAM 1TB SSD Win 11 Pro deal: $445.00 | DealDesk","Lenovo ThinkPad T490 Intel Core i7 8565u 1.8GHz 32GB RAM 1TB SSD Win 11 Pro deal","Lenovo ThinkPad T490 Intel Core i7 8565u 1.8GHz 32GB RAM 1TB SSD Win 11 Pro price | Lenovo ThinkPad T490 Intel Core i7 8565u 1.8GHz 32GB RAM 1TB SSD Win 11 Pro discount | eBay Lenovo ThinkPad T490 Intel Core i7 8565u 1.8GHz 32GB RAM 1TB SSD Win 11 Pro","70","/merchant/ebay/",""
"ebay-item-267477744552","https://dealdesk.fyi/deals/ebay-item-267477744552/","HP ProBook 640 G5 14” HD Laptop Core i5 8GB RAM 256GB SSD Windows 11 HDMI WiFi deal: $199.99 | DealDesk","HP ProBook 640 G5 14” HD Laptop Core i5 8GB RAM 256GB SSD Windows 11 HDMI WiFi deal","HP ProBook 640 G5 14” HD Laptop Core i5 8GB RAM 256GB SSD Windows 11 HDMI WiFi price | HP ProBook 640 G5 14” HD Laptop Core i5 8GB RAM 256GB SSD Windows 11 HDMI WiFi discount | eBay HP ProBook 640 G5 14” HD Laptop Core i5 8GB RAM 256GB SSD Windows 11 HDMI WiFi","70","/merchant/ebay/",""
"ebay-item-254075847053","https://dealdesk.fyi/deals/ebay-item-254075847053/","Lenovo Chromebook 500e Gen 3 Touchscreen Laptop 11.6"" Intel 4GB 32GB SSD Chrome deal: $69.99 | DealDesk","Lenovo Chromebook 500e Gen 3 Touchscreen Laptop 11.6"" Intel 4GB 32GB SSD Chrome deal","Lenovo Chromebook 500e Gen 3 Touchscreen Laptop 11.6"" Intel 4GB 32GB SSD Chrome price | Lenovo Chromebook 500e Gen 3 Touchscreen Laptop 11.6"" Intel 4GB 32GB SSD Chrome discount | eBay Lenovo Chromebook 500e Gen 3 Touchscreen Laptop 11.6"" Intel 4GB 32GB SSD Chrome","70","/merchant/ebay/",""
"ebay-item-147319299471","https://dealdesk.fyi/deals/ebay-item-147319299471/","Apple MacBook Pro 16"" | M3 Pro | 36GB RAM 512GB | Silver A2991 | 100% Battery VG deal: $1,482.00 | DealDesk","Apple MacBook Pro 16"" | M3 Pro | 36GB RAM 512GB | Silver A2991 | 100% Battery VG deal","Apple MacBook Pro 16"" | M3 Pro | 36GB RAM 512GB | Silver A2991 | 100% Battery VG price | Apple MacBook Pro 16"" | M3 Pro | 36GB RAM 512GB | Silver A2991 | 100% Battery VG discount | eBay Apple MacBook Pro 16"" | M3 Pro | 36GB RAM 512GB | Silver A2991 | 100% Battery VG","70","/merchant/ebay/",""
"ebay-item-167939706833","https://dealdesk.fyi/deals/ebay-item-167939706833/","2020 MacBook Pro A2338 13"" M1 8-Core CPU 3.2GHz 8-Core GPU 16GB RAM 256GB SSD deal: $449.99 | DealDesk","2020 MacBook Pro A2338 13"" M1 8-Core CPU 3.2GHz 8-Core GPU 16GB RAM 256GB SSD deal","2020 MacBook Pro A2338 13"" M1 8-Core CPU 3.2GHz 8-Core GPU 16GB RAM 256GB SSD price | 2020 MacBook Pro A2338 13"" M1 8-Core CPU 3.2GHz 8-Core GPU 16GB RAM 256GB SSD discount | eBay 2020 MacBook Pro A2338 13"" M1 8-Core CPU 3.2GHz 8-Core GPU 16GB RAM 256GB SSD","70","/merchant/ebay/",""
"ebay-item-187827718371","https://dealdesk.fyi/deals/ebay-item-187827718371/","Lenovo ThinkPad T580 15.6” Core i5 8350u 32GB RAM 1TB SSD Win 11 Pro Touchscreen deal: $475.00 | DealDesk","Lenovo ThinkPad T580 15.6” Core i5 8350u 32GB RAM 1TB SSD Win 11 Pro Touchscreen deal","Lenovo ThinkPad T580 15.6” Core i5 8350u 32GB RAM 1TB SSD Win 11 Pro Touchscreen price | Lenovo ThinkPad T580 15.6” Core i5 8350u 32GB RAM 1TB SSD Win 11 Pro Touchscreen discount | eBay Lenovo ThinkPad T580 15.6” Core i5 8350u 32GB RAM 1TB SSD Win 11 Pro Touchscreen","80","/merchant/ebay/","/compare/lenovo-thinkpad-t580/"
"ebay-item-286288847506","https://dealdesk.fyi/deals/ebay-item-286288847506/","Dell Latitude 5490 14” Business Laptop Intel Core i7 16GB RAM 256GB SSD Win 11 deal: $269.99 | DealDesk","Dell Latitude 5490 14” Business Laptop Intel Core i7 16GB RAM 256GB SSD Win 11 deal","Dell Latitude 5490 14” Business Laptop Intel Core i7 16GB RAM 256GB SSD Win 11 price | Dell Latitude 5490 14” Business Laptop Intel Core i7 16GB RAM 256GB SSD Win 11 discount | eBay Dell Latitude 5490 14” Business Laptop Intel Core i7 16GB RAM 256GB SSD Win 11","70","/merchant/ebay/",""
"ebay-item-800050001594","https://dealdesk.fyi/deals/ebay-item-800050001594/","HP Elitebook 845 G7 14"" 16GB 512GB, Natural Silver deal: $186.19 | DealDesk","HP Elitebook 845 G7 14"" 16GB 512GB, Natural Silver deal","HP Elitebook 845 G7 14"" 16GB 512GB, Natural Silver price | HP Elitebook 845 G7 14"" 16GB 512GB, Natural Silver discount | eBay HP Elitebook 845 G7 14"" 16GB 512GB, Natural Silver","70","/merchant/ebay/",""
"ebay-item-264476753478","https://dealdesk.fyi/deals/ebay-item-264476753478/","Lenovo 300w Gen 3 2-in-1 Touchscreen 11.6"" HD Laptop AMD 4GB RAM 64GB SSD Win 11 deal: $99.99 | DealDesk","Lenovo 300w Gen 3 2-in-1 Touchscreen 11.6"" HD Laptop AMD 4GB RAM 64GB SSD Win 11 deal","Lenovo 300w Gen 3 2-in-1 Touchscreen 11.6"" HD Laptop AMD 4GB RAM 64GB SSD Win 11 price | Lenovo 300w Gen 3 2-in-1 Touchscreen 11.6"" HD Laptop AMD 4GB RAM 64GB SSD Win 11 discount | eBay Lenovo 300w Gen 3 2-in-1 Touchscreen 11.6"" HD Laptop AMD 4GB RAM 64GB SSD Win 11","70","/merchant/ebay/",""
"ebay-item-277917490550","https://dealdesk.fyi/deals/ebay-item-277917490550/","HP ProBook 445 G8 14"" AMD Ryzen 5 5600U 2.3GHz 16GB RAM 512GB SSD Silver, Good deal: $249.98 | DealDesk","HP ProBook 445 G8 14"" AMD Ryzen 5 5600U 2.3GHz 16GB RAM 512GB SSD Silver, Good deal","HP ProBook 445 G8 14"" AMD Ryzen 5 5600U 2.3GHz 16GB RAM 512GB SSD Silver, Good price | HP ProBook 445 G8 14"" AMD Ryzen 5 5600U 2.3GHz 16GB RAM 512GB SSD Silver, Good discount | eBay HP ProBook 445 G8 14"" AMD Ryzen 5 5600U 2.3GHz 16GB RAM 512GB SSD Silver, Good","70","/merchant/ebay/",""
"ebay-item-188644863685","https://dealdesk.fyi/deals/ebay-item-188644863685/","Dell Latitude 5420 14"" Laptop i5-10310U 1.70GHz 16GB RAM 256GB NVMe Windows 11 deal: $179.99 | DealDesk","Dell Latitude 5420 14"" Laptop i5-10310U 1.70GHz 16GB RAM 256GB NVMe Windows 11 deal","Dell Latitude 5420 14"" Laptop i5-10310U 1.70GHz 16GB RAM 256GB NVMe Windows 11 price | Dell Latitude 5420 14"" Laptop i5-10310U 1.70GHz 16GB RAM 256GB NVMe Windows 11 discount | eBay Dell Latitude 5420 14"" Laptop i5-10310U 1.70GHz 16GB RAM 256GB NVMe Windows 11","70","/merchant/ebay/",""
"ebay-item-286955252790","https://dealdesk.fyi/deals/ebay-item-286955252790/","Lenovo ThinkPad X1 Carbon Gen 6 Laptop 14” FHD Core i7 16GB 256GB SSD Win 11 Pro deal: $352.73 | DealDesk","Lenovo ThinkPad X1 Carbon Gen 6 Laptop 14” FHD Core i7 16GB 256GB SSD Win 11 Pro deal","Lenovo ThinkPad X1 Carbon Gen 6 Laptop 14” FHD Core i7 16GB 256GB SSD Win 11 Pro price | Lenovo ThinkPad X1 Carbon Gen 6 Laptop 14” FHD Core i7 16GB 256GB SSD Win 11 Pro discount | eBay Lenovo ThinkPad X1 Carbon Gen 6 Laptop 14” FHD Core i7 16GB 256GB SSD Win 11 Pro","80","/merchant/ebay/","/compare/lenovo-thinkpad-carbon-gen/"
"ebay-item-336640881193","https://dealdesk.fyi/deals/ebay-item-336640881193/","Apple MacBook Pro 14"" M1 Pro (2021) 16GB 512GB | Refurbished - Very Good deal: $701.00 | DealDesk","Apple MacBook Pro 14"" M1 Pro (2021) 16GB 512GB | Refurbished - Very Good deal","Apple MacBook Pro 14"" M1 Pro (2021) 16GB 512GB | Refurbished - Very Good price | Apple MacBook Pro 14"" M1 Pro (2021) 16GB 512GB | Refurbished - Very Good discount | eBay Apple MacBook Pro 14"" M1 Pro (2021) 16GB 512GB | Refurbished - Very Good","70","/merchant/ebay/",""
"ebay-item-227252931632","https://dealdesk.fyi/deals/ebay-item-227252931632/","Lenovo ThinkPad T14s Gen 3 AMD Ryzen 5 Pro 6650U - 16GB 256GB - Good Refurbished deal: $375.99 | DealDesk","Lenovo ThinkPad T14s Gen 3 AMD Ryzen 5 Pro 6650U - 16GB 256GB - Good Refurbished deal","Lenovo ThinkPad T14s Gen 3 AMD Ryzen 5 Pro 6650U - 16GB 256GB - Good Refurbished price | Lenovo ThinkPad T14s Gen 3 AMD Ryzen 5 Pro 6650U - 16GB 256GB - Good Refurbished discount | eBay Lenovo ThinkPad T14s Gen 3 AMD Ryzen 5 Pro 6650U - 16GB 256GB - Good Refurbished","80","/merchant/ebay/","/compare/lenovo-thinkpad-t14s/"
"ebay-item-236929906964","https://dealdesk.fyi/deals/ebay-item-236929906964/","Lenovo ThinkPad T14s Gen 1 Laptop -Core i5 10310u 16GB 256GB-Excellent! Win 11 deal: $249.00 | DealDesk","Lenovo ThinkPad T14s Gen 1 Laptop -Core i5 10310u 16GB 256GB-Excellent! Win 11 deal","Lenovo ThinkPad T14s Gen 1 Laptop -Core i5 10310u 16GB 256GB-Excellent! Win 11 price | Lenovo ThinkPad T14s Gen 1 Laptop -Core i5 10310u 16GB 256GB-Excellent! Win 11 discount | eBay Lenovo ThinkPad T14s Gen 1 Laptop -Core i5 10310u 16GB 256GB-Excellent! Win 11","80","/merchant/ebay/","/compare/lenovo-thinkpad-t14s/"
"ebay-item-256245941032","https://dealdesk.fyi/deals/ebay-item-256245941032/","Lenovo Yoga 11e Touchscreen Laptop 11.6"" Pentium 4GB RAM 256GB SSD Win 11 HDMI deal: $99.99 | DealDesk","Lenovo Yoga 11e Touchscreen Laptop 11.6"" Pentium 4GB RAM 256GB SSD Win 11 HDMI deal","Lenovo Yoga 11e Touchscreen Laptop 11.6"" Pentium 4GB RAM 256GB SSD Win 11 HDMI price | Lenovo Yoga 11e Touchscreen Laptop 11.6"" Pentium 4GB RAM 256GB SSD Win 11 HDMI discount | eBay Lenovo Yoga 11e Touchscreen Laptop 11.6"" Pentium 4GB RAM 256GB SSD Win 11 HDMI","70","/merchant/ebay/",""
"ebay-item-226987449972","https://dealdesk.fyi/deals/ebay-item-226987449972/","Lenovo ThinkPad T14s Gen 3 AMD Ryzen 5 Pro 16GB 256GB - Very Good Refurbished deal: $405.99 | DealDesk","Lenovo ThinkPad T14s Gen 3 AMD Ryzen 5 Pro 16GB 256GB - Very Good Refurbished deal","Lenovo ThinkPad T14s Gen 3 AMD Ryzen 5 Pro 16GB 256GB - Very Good Refurbished price | Lenovo ThinkPad T14s Gen 3 AMD Ryzen 5 Pro 16GB 256GB - Very Good Refurbished discount | eBay Lenovo ThinkPad T14s Gen 3 AMD Ryzen 5 Pro 16GB 256GB - Very Good Refurbished","80","/merchant/ebay/","/compare/lenovo-thinkpad-t14s/"
"ebay-item-377042053673","https://dealdesk.fyi/deals/ebay-item-377042053673/","Lenovo ThinkPad T14 Gen 2 14"" FHD AMD Ryzen 5 5650 Pro 16GB 256GB Radeon Graphic deal: $369.00 | DealDesk","Lenovo ThinkPad T14 Gen 2 14"" FHD AMD Ryzen 5 5650 Pro 16GB 256GB Radeon Graphic deal","Lenovo ThinkPad T14 Gen 2 14"" FHD AMD Ryzen 5 5650 Pro 16GB 256GB Radeon Graphic price | Lenovo ThinkPad T14 Gen 2 14"" FHD AMD Ryzen 5 5650 Pro 16GB 256GB Radeon Graphic discount | eBay Lenovo ThinkPad T14 Gen 2 14"" FHD AMD Ryzen 5 5650 Pro 16GB 256GB Radeon Graphic","80","/merchant/ebay/","/compare/lenovo-thinkpad-t14/"
"ebay-item-306934852161","https://dealdesk.fyi/deals/ebay-item-306934852161/","Lenovo ThinkPad L14 Gen 5 14"" FHD+ RYZEN 5 PRO 7535U 256GB 16GB W11 Pro US/EN deal: $489.99 | DealDesk","Lenovo ThinkPad L14 Gen 5 14"" FHD+ RYZEN 5 PRO 7535U 256GB 16GB W11 Pro US/EN deal","Lenovo ThinkPad L14 Gen 5 14"" FHD+ RYZEN 5 PRO 7535U 256GB 16GB W11 Pro US/EN price | Lenovo ThinkPad L14 Gen 5 14"" FHD+ RYZEN 5 PRO 7535U 256GB 16GB W11 Pro US/EN discount | eBay Lenovo ThinkPad L14 Gen 5 14"" FHD+ RYZEN 5 PRO 7535U 256GB 16GB W11 Pro US/EN","80","/merchant/ebay/","/compare/lenovo-thinkpad-l14/"
"ebay-item-287487709915","https://dealdesk.fyi/deals/ebay-item-287487709915/","Lenovo ThinkPad X13 Gen 2 FHD+ i5-1135G7 2.40GHz 16GB 512GB SSD Very Good deal: $279.99 | DealDesk","Lenovo ThinkPad X13 Gen 2 FHD+ i5-1135G7 2.40GHz 16GB 512GB SSD Very Good deal","Lenovo ThinkPad X13 Gen 2 FHD+ i5-1135G7 2.40GHz 16GB 512GB SSD Very Good price | Lenovo ThinkPad X13 Gen 2 FHD+ i5-1135G7 2.40GHz 16GB 512GB SSD Very Good discount | eBay Lenovo ThinkPad X13 Gen 2 FHD+ i5-1135G7 2.40GHz 16GB 512GB SSD Very Good","70","/merchant/ebay/",""
"ebay-item-377166430788","https://dealdesk.fyi/deals/ebay-item-377166430788/","Lenovo ThinkPad T14 Gen 3 14"" WUXGA Ryzen 5 6650U Pro 16GB 256GB Radeon 660M deal: $429.00 | DealDesk","Lenovo ThinkPad T14 Gen 3 14"" WUXGA Ryzen 5 6650U Pro 16GB 256GB Radeon 660M deal","Lenovo ThinkPad T14 Gen 3 14"" WUXGA Ryzen 5 6650U Pro 16GB 256GB Radeon 660M price | Lenovo ThinkPad T14 Gen 3 14"" WUXGA Ryzen 5 6650U Pro 16GB 256GB Radeon 660M discount | eBay Lenovo ThinkPad T14 Gen 3 14"" WUXGA Ryzen 5 6650U Pro 16GB 256GB Radeon 660M","80","/merchant/ebay/","/compare/lenovo-thinkpad-t14/"
"ebay-item-227454518320","https://dealdesk.fyi/deals/ebay-item-227454518320/","Lenovo ThinkPad T14 Gen 6 14"" Intel Ultra 5 235U vPro 16GB 512GB Touch WUXGA deal: $849.99 | DealDesk","Lenovo ThinkPad T14 Gen 6 14"" Intel Ultra 5 235U vPro 16GB 512GB Touch WUXGA deal","Lenovo ThinkPad T14 Gen 6 14"" Intel Ultra 5 235U vPro 16GB 512GB Touch WUXGA price | Lenovo ThinkPad T14 Gen 6 14"" Intel Ultra 5 235U vPro 16GB 512GB Touch WUXGA discount | eBay Lenovo ThinkPad T14 Gen 6 14"" Intel Ultra 5 235U vPro 16GB 512GB Touch WUXGA","80","/merchant/ebay/","/compare/lenovo-thinkpad-t14/"
"ebay-item-257114279816","https://dealdesk.fyi/deals/ebay-item-257114279816/","Lenovo ThinkPad T590 15.6” FHD Laptop Core i7 16GB RAM 512GB SSD Windows 11 Pro deal: $397.52 | DealDesk","Lenovo ThinkPad T590 15.6” FHD Laptop Core i7 16GB RAM 512GB SSD Windows 11 Pro deal","Lenovo ThinkPad T590 15.6” FHD Laptop Core i7 16GB RAM 512GB SSD Windows 11 Pro price | Lenovo ThinkPad T590 15.6” FHD Laptop Core i7 16GB RAM 512GB SSD Windows 11 Pro discount | eBay Lenovo ThinkPad T590 15.6” FHD Laptop Core i7 16GB RAM 512GB SSD Windows 11 Pro","70","/merchant/ebay/",""
"ebay-item-227166104007","https://dealdesk.fyi/deals/ebay-item-227166104007/","Lenovo IdeaPad Slim 3x 15Q8X10 Snapdragon X 16GB 1TB 15.3"" Laptop | EXCELLENT | deal: $419.99 | DealDesk","Lenovo IdeaPad Slim 3x 15Q8X10 Snapdragon X 16GB 1TB 15.3"" Laptop | EXCELLENT | deal","Lenovo IdeaPad Slim 3x 15Q8X10 Snapdragon X 16GB 1TB 15.3"" Laptop | EXCELLENT | price | Lenovo IdeaPad Slim 3x 15Q8X10 Snapdragon X 16GB 1TB 15.3"" Laptop | EXCELLENT | discount | eBay Lenovo IdeaPad Slim 3x 15Q8X10 Snapdragon X 16GB 1TB 15.3"" Laptop | EXCELLENT |","70","/merchant/ebay/",""
"ebay-item-298557357834","https://dealdesk.fyi/deals/ebay-item-298557357834/","Lenovo ThinkPad X1 Carbon Gen 9 14"" FHD+ Touch I7-1185G7 512GB SSD 16GB W11P deal: $324.99 | DealDesk","Lenovo ThinkPad X1 Carbon Gen 9 14"" FHD+ Touch I7-1185G7 512GB SSD 16GB W11P deal","Lenovo ThinkPad X1 Carbon Gen 9 14"" FHD+ Touch I7-1185G7 512GB SSD 16GB W11P price | Lenovo ThinkPad X1 Carbon Gen 9 14"" FHD+ Touch I7-1185G7 512GB SSD 16GB W11P discount | eBay Lenovo ThinkPad X1 Carbon Gen 9 14"" FHD+ Touch I7-1185G7 512GB SSD 16GB W11P","80","/merchant/ebay/","/compare/lenovo-thinkpad-carbon-gen/"
"ebay-item-226675325907","https://dealdesk.fyi/deals/ebay-item-226675325907/","Lenovo ThinkPad laptop T490 14"" i5 8365U 16GB NEW 256gb SSD WIN 11 pro CAM WIFI deal: $249.99 | DealDesk","Lenovo ThinkPad laptop T490 14"" i5 8365U 16GB NEW 256gb SSD WIN 11 pro CAM WIFI deal","Lenovo ThinkPad laptop T490 14"" i5 8365U 16GB NEW 256gb SSD WIN 11 pro CAM WIFI price | Lenovo ThinkPad laptop T490 14"" i5 8365U 16GB NEW 256gb SSD WIN 11 pro CAM WIFI discount | eBay Lenovo ThinkPad laptop T490 14"" i5 8365U 16GB NEW 256gb SSD WIN 11 pro CAM WIFI","70","/merchant/ebay/",""
"ebay-item-306815817586","https://dealdesk.fyi/deals/ebay-item-306815817586/","Lenovo ThinkPad X1 Yoga Gen 7 14"" i7-1265u 16GB 512GB - Very Good deal: $549.99 | DealDesk","Lenovo ThinkPad X1 Yoga Gen 7 14"" i7-1265u 16GB 512GB - Very Good deal","Lenovo ThinkPad X1 Yoga Gen 7 14"" i7-1265u 16GB 512GB - Very Good price | Lenovo ThinkPad X1 Yoga Gen 7 14"" i7-1265u 16GB 512GB - Very Good discount | eBay Lenovo ThinkPad X1 Yoga Gen 7 14"" i7-1265u 16GB 512GB - Very Good","70","/merchant/ebay/",""
"ebay-item-117313896189","https://dealdesk.fyi/deals/ebay-item-117313896189/","Lenovo Thinkpad L14 G2 14"" AMD Ryzen 5 Pro 5650U 2.3Ghz 16GB RAM 256GB SSD Black deal: $289.99 | DealDesk","Lenovo Thinkpad L14 G2 14"" AMD Ryzen 5 Pro 5650U 2.3Ghz 16GB RAM 256GB SSD Black deal","Lenovo Thinkpad L14 G2 14"" AMD Ryzen 5 Pro 5650U 2.3Ghz 16GB RAM 256GB SSD Black price | Lenovo Thinkpad L14 G2 14"" AMD Ryzen 5 Pro 5650U 2.3Ghz 16GB RAM 256GB SSD Black discount | eBay Lenovo Thinkpad L14 G2 14"" AMD Ryzen 5 Pro 5650U 2.3Ghz 16GB RAM 256GB SSD Black","80","/merchant/ebay/","/compare/lenovo-thinkpad-l14/"
"ebay-item-307081945610","https://dealdesk.fyi/deals/ebay-item-307081945610/","Lenovo ThinkPad T14 Gen 7 14"" FHD+ Touch ULTRA 7 365 512GB SSD 32GB W11P Webcam deal: $1,449.99 | DealDesk","Lenovo ThinkPad T14 Gen 7 14"" FHD+ Touch ULTRA 7 365 512GB SSD 32GB W11P Webcam deal","Lenovo ThinkPad T14 Gen 7 14"" FHD+ Touch ULTRA 7 365 512GB SSD 32GB W11P Webcam price | Lenovo ThinkPad T14 Gen 7 14"" FHD+ Touch ULTRA 7 365 512GB SSD 32GB W11P Webcam discount | eBay Lenovo ThinkPad T14 Gen 7 14"" FHD+ Touch ULTRA 7 365 512GB SSD 32GB W11P Webcam","80","/merchant/ebay/","/compare/lenovo-thinkpad-t14/"
"ebay-item-286101111453","https://dealdesk.fyi/deals/ebay-item-286101111453/","Lenovo ThinkPad Yoga 11e Gen 6 Laptop 11.6” Core i5 8GB RAM 256GB SSD Win 11 Pro deal: $188.08 | DealDesk","Lenovo ThinkPad Yoga 11e Gen 6 Laptop 11.6” Core i5 8GB RAM 256GB SSD Win 11 Pro deal","Lenovo ThinkPad Yoga 11e Gen 6 Laptop 11.6” Core i5 8GB RAM 256GB SSD Win 11 Pro price | Lenovo ThinkPad Yoga 11e Gen 6 Laptop 11.6” Core i5 8GB RAM 256GB SSD Win 11 Pro discount | eBay Lenovo ThinkPad Yoga 11e Gen 6 Laptop 11.6” Core i5 8GB RAM 256GB SSD Win 11 Pro","70","/merchant/ebay/",""
"ebay-item-227325569415","https://dealdesk.fyi/deals/ebay-item-227325569415/","LENOVO ThinkPad P15s 15.6"" Laptop Core i7 32Gb Ram 512gb NVME Nvidia P520 W11Pro deal: $499.99 | DealDesk","LENOVO ThinkPad P15s 15.6"" Laptop Core i7 32Gb Ram 512gb NVME Nvidia P520 W11Pro deal","LENOVO ThinkPad P15s 15.6"" Laptop Core i7 32Gb Ram 512gb NVME Nvidia P520 W11Pro price | LENOVO ThinkPad P15s 15.6"" Laptop Core i7 32Gb Ram 512gb NVME Nvidia P520 W11Pro discount | eBay LENOVO ThinkPad P15s 15.6"" Laptop Core i7 32Gb Ram 512gb NVME Nvidia P520 W11Pro","70","/merchant/ebay/",""
"ebay-item-186699352947","https://dealdesk.fyi/deals/ebay-item-186699352947/","Lenovo ThinkPad T430 Core i5 3320M 2.60GHz 16GB RAM 512GB SSD Win 10 Pro deal: $248.00 | DealDesk","Lenovo ThinkPad T430 Core i5 3320M 2.60GHz 16GB RAM 512GB SSD Win 10 Pro deal","Lenovo ThinkPad T430 Core i5 3320M 2.60GHz 16GB RAM 512GB SSD Win 10 Pro price | Lenovo ThinkPad T430 Core i5 3320M 2.60GHz 16GB RAM 512GB SSD Win 10 Pro discount | eBay Lenovo ThinkPad T430 Core i5 3320M 2.60GHz 16GB RAM 512GB SSD Win 10 Pro","70","/merchant/ebay/",""
"ebay-item-254170214367","https://dealdesk.fyi/deals/ebay-item-254170214367/","Lenovo ThinkPad Touchscreen Laptop 11.6"" Intel Pentium 4GB RAM 256GB SSD Win 11 deal: $109.31 | DealDesk","Lenovo ThinkPad Touchscreen Laptop 11.6"" Intel Pentium 4GB RAM 256GB SSD Win 11 deal","Lenovo ThinkPad Touchscreen Laptop 11.6"" Intel Pentium 4GB RAM 256GB SSD Win 11 price | Lenovo ThinkPad Touchscreen Laptop 11.6"" Intel Pentium 4GB RAM 256GB SSD Win 11 discount | eBay Lenovo ThinkPad Touchscreen Laptop 11.6"" Intel Pentium 4GB RAM 256GB SSD Win 11","70","/merchant/ebay/",""
"ebay-item-127450619690","https://dealdesk.fyi/deals/ebay-item-127450619690/","Lenovo ThinkPad T16 Gen 1, Core i7-1270P (12-cores), 32GB DDR4, 512GB SSD, FHD+ deal: $689.00 | DealDesk","Lenovo ThinkPad T16 Gen 1, Core i7-1270P (12-cores), 32GB DDR4, 512GB SSD, FHD+ deal","Lenovo ThinkPad T16 Gen 1, Core i7-1270P (12-cores), 32GB DDR4, 512GB SSD, FHD+ price | Lenovo ThinkPad T16 Gen 1, Core i7-1270P (12-cores), 32GB DDR4, 512GB SSD, FHD+ discount | eBay Lenovo ThinkPad T16 Gen 1, Core i7-1270P (12-cores), 32GB DDR4, 512GB SSD, FHD+","70","/merchant/ebay/",""
"ebay-item-277518618289","https://dealdesk.fyi/deals/ebay-item-277518618289/","Lenovo ThinkPad L15 RYZEN 5 PRO 5650U gen 2 15.6"" 16GB 512GB Business Laptop deal: $349.00 | DealDesk","Lenovo ThinkPad L15 RYZEN 5 PRO 5650U gen 2 15.6"" 16GB 512GB Business Laptop deal","Lenovo ThinkPad L15 RYZEN 5 PRO 5650U gen 2 15.6"" 16GB 512GB Business Laptop price | Lenovo ThinkPad L15 RYZEN 5 PRO 5650U gen 2 15.6"" 16GB 512GB Business Laptop discount | eBay Lenovo ThinkPad L15 RYZEN 5 PRO 5650U gen 2 15.6"" 16GB 512GB Business Laptop","70","/merchant/ebay/",""
"ebay-item-227343086700","https://dealdesk.fyi/deals/ebay-item-227343086700/","Lenovo ThinkPad T490s 14"" Laptop i5 8th Gen 256GB NVMe 8GB RAM Win 11 Pro Cam B deal: $179.99 | DealDesk","Lenovo ThinkPad T490s 14"" Laptop i5 8th Gen 256GB NVMe 8GB RAM Win 11 Pro Cam B deal","Lenovo ThinkPad T490s 14"" Laptop i5 8th Gen 256GB NVMe 8GB RAM Win 11 Pro Cam B price | Lenovo ThinkPad T490s 14"" Laptop i5 8th Gen 256GB NVMe 8GB RAM Win 11 Pro Cam B discount | eBay Lenovo ThinkPad T490s 14"" Laptop i5 8th Gen 256GB NVMe 8GB RAM Win 11 Pro Cam B","70","/merchant/ebay/",""
"ebay-item-225773282237","https://dealdesk.fyi/deals/ebay-item-225773282237/","Lenovo ThinkPad T480 14"" FHD i5 8250u 32GB 512gb NVME WIFI CAM WIN 11 PRO laptop deal: $399.99 | DealDesk","Lenovo ThinkPad T480 14"" FHD i5 8250u 32GB 512gb NVME WIFI CAM WIN 11 PRO laptop deal","Lenovo ThinkPad T480 14"" FHD i5 8250u 32GB 512gb NVME WIFI CAM WIN 11 PRO laptop price | Lenovo ThinkPad T480 14"" FHD i5 8250u 32GB 512gb NVME WIFI CAM WIN 11 PRO laptop discount | eBay Lenovo ThinkPad T480 14"" FHD i5 8250u 32GB 512gb NVME WIFI CAM WIN 11 PRO laptop","70","/merchant/ebay/",""
"ebay-item-187827696886","https://dealdesk.fyi/deals/ebay-item-187827696886/","Lenovo ThinkPad T580 15.6” i5 8350u 16GB RAM 512GB SSD Win 11 Pro Touchscreen deal: $355.00 | DealDesk","Lenovo ThinkPad T580 15.6” i5 8350u 16GB RAM 512GB SSD Win 11 Pro Touchscreen deal","Lenovo ThinkPad T580 15.6” i5 8350u 16GB RAM 512GB SSD Win 11 Pro Touchscreen price | Lenovo ThinkPad T580 15.6” i5 8350u 16GB RAM 512GB SSD Win 11 Pro Touchscreen discount | eBay Lenovo ThinkPad T580 15.6” i5 8350u 16GB RAM 512GB SSD Win 11 Pro Touchscreen","80","/merchant/ebay/","/compare/lenovo-thinkpad-t580/"
"ebay-item-278211184906","https://dealdesk.fyi/deals/ebay-item-278211184906/","Lenovo ThinkBook 14 Gen 2 FHD TOUCH i7-1165G7 2.80GHz 16GB 512GB SSD Very Good deal: $289.99 | DealDesk","Lenovo ThinkBook 14 Gen 2 FHD TOUCH i7-1165G7 2.80GHz 16GB 512GB SSD Very Good deal","Lenovo ThinkBook 14 Gen 2 FHD TOUCH i7-1165G7 2.80GHz 16GB 512GB SSD Very Good price | Lenovo ThinkBook 14 Gen 2 FHD TOUCH i7-1165G7 2.80GHz 16GB 512GB SSD Very Good discount | eBay Lenovo ThinkBook 14 Gen 2 FHD TOUCH i7-1165G7 2.80GHz 16GB 512GB SSD Very Good","70","/merchant/ebay/",""
"ebay-item-188712947058","https://dealdesk.fyi/deals/ebay-item-188712947058/","Lenovo ThinkBook 15-IIL 15.6"" Laptop i5-1035G1 1.00GHz 8GB RAM 256GB NVMe Win11 deal: $169.99 | DealDesk","Lenovo ThinkBook 15-IIL 15.6"" Laptop i5-1035G1 1.00GHz 8GB RAM 256GB NVMe Win11 deal","Lenovo ThinkBook 15-IIL 15.6"" Laptop i5-1035G1 1.00GHz 8GB RAM 256GB NVMe Win11 price | Lenovo ThinkBook 15-IIL 15.6"" Laptop i5-1035G1 1.00GHz 8GB RAM 256GB NVMe Win11 discount | eBay Lenovo ThinkBook 15-IIL 15.6"" Laptop i5-1035G1 1.00GHz 8GB RAM 256GB NVMe Win11","70","/merchant/ebay/",""
"ebay-item-155488314814","https://dealdesk.fyi/deals/ebay-item-155488314814/","Sony PlayStation 5 DualSense Edge Wireless Controller - White deal: $199.99 | DealDesk","Sony PlayStation 5 DualSense Edge Wireless Controller - White deal","Sony PlayStation 5 DualSense Edge Wireless Controller - White price | Sony PlayStation 5 DualSense Edge Wireless Controller - White discount | eBay Sony PlayStation 5 DualSense Edge Wireless Controller - White","64","/merchant/ebay/",""
"ebay-item-175403501421","https://dealdesk.fyi/deals/ebay-item-175403501421/","TCL NXTWEAR G Smart Glasses Portable Wearable Dual HD Micro OLED Display New deal: $129.99 | DealDesk","TCL NXTWEAR G Smart Glasses Portable Wearable Dual HD Micro OLED Display New deal","TCL NXTWEAR G Smart Glasses Portable Wearable Dual HD Micro OLED Display New price | TCL NXTWEAR G Smart Glasses Portable Wearable Dual HD Micro OLED Display New discount | eBay TCL NXTWEAR G Smart Glasses Portable Wearable Dual HD Micro OLED Display New","70","/merchant/ebay/",""
"ebay-item-325431461151","https://dealdesk.fyi/deals/ebay-item-325431461151/","The Legend of Zelda: Link's Awakening - Nintendo Switch deal: $59.99 | DealDesk","The Legend of Zelda: Link's Awakening - Nintendo Switch deal","The Legend of Zelda: Link's Awakening - Nintendo Switch price | The Legend of Zelda: Link's Awakening - Nintendo Switch discount | eBay The Legend of Zelda: Link's Awakening - Nintendo Switch","64","/merchant/ebay/",""
"ebay-item-325916046599","https://dealdesk.fyi/deals/ebay-item-325916046599/","Red Dead Redemption Standard Edition - PlayStation 4 deal: $29.99 | DealDesk","Red Dead Redemption Standard Edition - PlayStation 4 deal","Red Dead Redemption Standard Edition - PlayStation 4 price | Red Dead Redemption Standard Edition - PlayStation 4 discount | eBay Red Dead Redemption Standard Edition - PlayStation 4","61","/merchant/ebay/",""
"ebay-item-285543959016","https://dealdesk.fyi/deals/ebay-item-285543959016/","Sony PlayStation 5 DualSense Wireless Controller - Cobalt Blue deal: $79.99 | DealDesk","Sony PlayStation 5 DualSense Wireless Controller - Cobalt Blue deal","Sony PlayStation 5 DualSense Wireless Controller - Cobalt Blue price | Sony PlayStation 5 DualSense Wireless Controller - Cobalt Blue discount | eBay Sony PlayStation 5 DualSense Wireless Controller - Cobalt Blue","64","/merchant/ebay/",""
"ebay-item-403804332256","https://dealdesk.fyi/deals/ebay-item-403804332256/","2-CONTROLLERS Original SEGA GENESIS Console MK-1601 Video Game System 1st Model deal: $159.95 | DealDesk","2-CONTROLLERS Original SEGA GENESIS Console MK-1601 Video Game System 1st Model deal","2-CONTROLLERS Original SEGA GENESIS Console MK-1601 Video Game System 1st Model price | 2-CONTROLLERS Original SEGA GENESIS Console MK-1601 Video Game System 1st Model discount | eBay 2-CONTROLLERS Original SEGA GENESIS Console MK-1601 Video Game System 1st Model","70","/merchant/ebay/",""
"ebay-item-193778521130","https://dealdesk.fyi/deals/ebay-item-193778521130/","🔥NEW Nintendo Switch + Neon Joy Cons 32GB Gaming Console +FREE 2-Day Shipping🔥 deal: $329.99 | DealDesk","🔥NEW Nintendo Switch + Neon Joy Cons 32GB Gaming Console +FREE 2-Day Shipping🔥 deal","🔥NEW Nintendo Switch + Neon Joy Cons 32GB Gaming Console +FREE 2-Day Shipping🔥 price | 🔥NEW Nintendo Switch + Neon Joy Cons 32GB Gaming Console +FREE 2-Day Shipping🔥 discount | eBay 🔥NEW Nintendo Switch + Neon Joy Cons 32GB Gaming Console +FREE 2-Day Shipping🔥","67","/merchant/ebay/",""
"ebay-item-285534531688","https://dealdesk.fyi/deals/ebay-item-285534531688/","Nintendo Switch with Neon Blue and Red Joy‑Cons and Super Mario Wonder Bundle deal: $399.99 | DealDesk","Nintendo Switch with Neon Blue and Red Joy‑Cons and Super Mario Wonder Bundle deal","Nintendo Switch with Neon Blue and Red Joy‑Cons and Super Mario Wonder Bundle price | Nintendo Switch with Neon Blue and Red Joy‑Cons and Super Mario Wonder Bundle discount | eBay Nintendo Switch with Neon Blue and Red Joy‑Cons and Super Mario Wonder Bundle","64","/merchant/ebay/",""
"ebay-item-204305524640-504858399017","https://dealdesk.fyi/deals/ebay-item-204305524640-504858399017/","Excellent Nintendo DS Lite Console w/ OEM Charger Pick Your Color Tested Working deal: $179.99 | DealDesk","Excellent Nintendo DS Lite Console w/ OEM Charger Pick Your Color Tested Working deal","Excellent Nintendo DS Lite Console w/ OEM Charger Pick Your Color Tested Working price | Excellent Nintendo DS Lite Console w/ OEM Charger Pick Your Color Tested Working discount | eBay Excellent Nintendo DS Lite Console w/ OEM Charger Pick Your Color Tested Working","70","/merchant/ebay/",""
"ebay-item-203988118331-504430395649","https://dealdesk.fyi/deals/ebay-item-203988118331-504430395649/","Nintendo Game Boy Color System GBC AMOLED OLED Q5 IPS Touchscreen LCD PICK COLOR deal: $199.95 | DealDesk","Nintendo Game Boy Color System GBC AMOLED OLED Q5 IPS Touchscreen LCD PICK COLOR deal","Nintendo Game Boy Color System GBC AMOLED OLED Q5 IPS Touchscreen LCD PICK COLOR price | Nintendo Game Boy Color System GBC AMOLED OLED Q5 IPS Touchscreen LCD PICK COLOR discount | eBay Nintendo Game Boy Color System GBC AMOLED OLED Q5 IPS Touchscreen LCD PICK COLOR","70","/merchant/ebay/",""
"ebay-item-194533221373-494638751595","https://dealdesk.fyi/deals/ebay-item-194533221373-494638751595/","Nintendo Game Boy Advance GBA Backlight V5 IPS System USB-C Rechargeable Battery deal: $234.95 | DealDesk","Nintendo Game Boy Advance GBA Backlight V5 IPS System USB-C Rechargeable Battery deal","Nintendo Game Boy Advance GBA Backlight V5 IPS System USB-C Rechargeable Battery price | Nintendo Game Boy Advance GBA Backlight V5 IPS System USB-C Rechargeable Battery discount | eBay Nintendo Game Boy Advance GBA Backlight V5 IPS System USB-C Rechargeable Battery","70","/merchant/ebay/",""
"ebay-item-192319067694","https://dealdesk.fyi/deals/ebay-item-192319067694/","Nintendo Game Boy Advance GBA SP NES Classic Edition System AGS 101 Brighter deal: $264.95 | DealDesk","Nintendo Game Boy Advance GBA SP NES Classic Edition System AGS 101 Brighter deal","Nintendo Game Boy Advance GBA SP NES Classic Edition System AGS 101 Brighter price | Nintendo Game Boy Advance GBA SP NES Classic Edition System AGS 101 Brighter discount | eBay Nintendo Game Boy Advance GBA SP NES Classic Edition System AGS 101 Brighter","70","/merchant/ebay/",""
"ebay-item-304726320663","https://dealdesk.fyi/deals/ebay-item-304726320663/","Authentic GameBoy Color Cherry Blossom Pink Edition Nintendo System Game Boy GBC deal: $139.95 | DealDesk","Authentic GameBoy Color Cherry Blossom Pink Edition Nintendo System Game Boy GBC deal","Authentic GameBoy Color Cherry Blossom Pink Edition Nintendo System Game Boy GBC price | Authentic GameBoy Color Cherry Blossom Pink Edition Nintendo System Game Boy GBC discount | eBay Authentic GameBoy Color Cherry Blossom Pink Edition Nintendo System Game Boy GBC","70","/merchant/ebay/",""
"ebay-item-193081556053-493270144778","https://dealdesk.fyi/deals/ebay-item-193081556053-493270144778/","Nintendo Game Boy Color GBC System Backlight Backlit Brighter TFT Customized! deal: $194.95 | DealDesk","Nintendo Game Boy Color GBC System Backlight Backlit Brighter TFT Customized! deal","Nintendo Game Boy Color GBC System Backlight Backlit Brighter TFT Customized! price | Nintendo Game Boy Color GBC System Backlight Backlit Brighter TFT Customized! discount | eBay Nintendo Game Boy Color GBC System Backlight Backlit Brighter TFT Customized!","70","/merchant/ebay/",""
"ebay-item-195489338765","https://dealdesk.fyi/deals/ebay-item-195489338765/","Nintendo Game Boy Advance SP System GBA SP IPS LCD Backlight 10 Level Black deal: $219.95 | DealDesk","Nintendo Game Boy Advance SP System GBA SP IPS LCD Backlight 10 Level Black deal","Nintendo Game Boy Advance SP System GBA SP IPS LCD Backlight 10 Level Black price | Nintendo Game Boy Advance SP System GBA SP IPS LCD Backlight 10 Level Black discount | eBay Nintendo Game Boy Advance SP System GBA SP IPS LCD Backlight 10 Level Black","70","/merchant/ebay/",""
"ebay-item-158085992288-459337418101","https://dealdesk.fyi/deals/ebay-item-158085992288-459337418101/","Samsung Galaxy S23 128GB 256GB S911U T-Mobile Only Smartphone - Very Good deal: $189.99 | DealDesk","Samsung Galaxy S23 128GB 256GB S911U T-Mobile Only Smartphone - Very Good deal","Samsung Galaxy S23 128GB 256GB S911U T-Mobile Only Smartphone - Very Good price | Samsung Galaxy S23 128GB 256GB S911U T-Mobile Only Smartphone - Very Good discount | eBay Samsung Galaxy S23 128GB 256GB S911U T-Mobile Only Smartphone - Very Good","80","/merchant/ebay/","/compare/samsung-galaxy-s23/"
"ebay-item-157857931569-459241782963","https://dealdesk.fyi/deals/ebay-item-157857931569-459241782963/","Samsung Galaxy S25 Ultra 512GB AI Smartphone Unlocked - Excellent deal: $758.39 | DealDesk","Samsung Galaxy S25 Ultra 512GB AI Smartphone Unlocked - Excellent deal","Samsung Galaxy S25 Ultra 512GB AI Smartphone Unlocked - Excellent price | Samsung Galaxy S25 Ultra 512GB AI Smartphone Unlocked - Excellent discount | eBay Samsung Galaxy S25 Ultra 512GB AI Smartphone Unlocked - Excellent","80","/merchant/ebay/","/compare/samsung-galaxy-s25-ultra/"
"ebay-item-406895369989-677104250084","https://dealdesk.fyi/deals/ebay-item-406895369989-677104250084/","Samsung Galaxy S23+ Plus 5G, US Version, 256GB - Unlocked - Very Good deal: $265.99 | DealDesk","Samsung Galaxy S23+ Plus 5G, US Version, 256GB - Unlocked - Very Good deal","Samsung Galaxy S23+ Plus 5G, US Version, 256GB - Unlocked - Very Good price | Samsung Galaxy S23+ Plus 5G, US Version, 256GB - Unlocked - Very Good discount | eBay Samsung Galaxy S23+ Plus 5G, US Version, 256GB - Unlocked - Very Good","80","/merchant/ebay/","/compare/samsung-galaxy-s23/"
"ebay-item-257659455587-558240938396","https://dealdesk.fyi/deals/ebay-item-257659455587-558240938396/","Samsung Galaxy A35 5G 128GB A356U AT&T/Unlocked Smartphone - Good deal: $82.39 | DealDesk","Samsung Galaxy A35 5G 128GB A356U AT&T/Unlocked Smartphone - Good deal","Samsung Galaxy A35 5G 128GB A356U AT&T/Unlocked Smartphone - Good price | Samsung Galaxy A35 5G 128GB A356U AT&T/Unlocked Smartphone - Good discount | eBay Samsung Galaxy A35 5G 128GB A356U AT&T/Unlocked Smartphone - Good","70","/merchant/ebay/",""
"ebay-item-286280034824-588418375445","https://dealdesk.fyi/deals/ebay-item-286280034824-588418375445/","Samsung Galaxy S20 S20FE S20 FE S20+ Unlocked T-Mobile TRADE IN PROMO ONLY deal: $129.99 | DealDesk","Samsung Galaxy S20 S20FE S20 FE S20+ Unlocked T-Mobile TRADE IN PROMO ONLY deal","Samsung Galaxy S20 S20FE S20 FE S20+ Unlocked T-Mobile TRADE IN PROMO ONLY price | Samsung Galaxy S20 S20FE S20 FE S20+ Unlocked T-Mobile TRADE IN PROMO ONLY discount | eBay Samsung Galaxy S20 S20FE S20 FE S20+ Unlocked T-Mobile TRADE IN PROMO ONLY","70","/merchant/ebay/",""
"ebay-item-407046288384-677231998110","https://dealdesk.fyi/deals/ebay-item-407046288384-677231998110/","Samsung Galaxy A15 128GB 6.5"" 5G Fully Unlocked Fully Tested - Very Good deal: $100.99 | DealDesk","Samsung Galaxy A15 128GB 6.5"" 5G Fully Unlocked Fully Tested - Very Good deal","Samsung Galaxy A15 128GB 6.5"" 5G Fully Unlocked Fully Tested - Very Good price | Samsung Galaxy A15 128GB 6.5"" 5G Fully Unlocked Fully Tested - Very Good discount | eBay Samsung Galaxy A15 128GB 6.5"" 5G Fully Unlocked Fully Tested - Very Good","70","/merchant/ebay/",""
"ebay-item-198263100155","https://dealdesk.fyi/deals/ebay-item-198263100155/","Apple iPhone 14 128GB Midnight A2649 MPUA3LL/A Unlocked Clean ESN Good (AMX) deal: $249.95 | DealDesk","Apple iPhone 14 128GB Midnight A2649 MPUA3LL/A Unlocked Clean ESN Good (AMX) deal","Apple iPhone 14 128GB Midnight A2649 MPUA3LL/A Unlocked Clean ESN Good (AMX) price | Apple iPhone 14 128GB Midnight A2649 MPUA3LL/A Unlocked Clean ESN Good (AMX) discount | eBay Apple iPhone 14 128GB Midnight A2649 MPUA3LL/A Unlocked Clean ESN Good (AMX)","80","/merchant/ebay/","/compare/apple-iphone-14/"
"ebay-item-358163044422-626505865523","https://dealdesk.fyi/deals/ebay-item-358163044422-626505865523/","Apple iPhone 17 Pro Max A3257 256GB Unlocked Excellent Condition deal: $1,328.31 | DealDesk","Apple iPhone 17 Pro Max A3257 256GB Unlocked Excellent Condition deal","Apple iPhone 17 Pro Max A3257 256GB Unlocked Excellent Condition price | Apple iPhone 17 Pro Max A3257 256GB Unlocked Excellent Condition discount | eBay Apple iPhone 17 Pro Max A3257 256GB Unlocked Excellent Condition","70","/merchant/ebay/",""
"ebay-item-326340406452-515464918267","https://dealdesk.fyi/deals/ebay-item-326340406452-515464918267/","Apple iPhone 13 Mini 128GB - Fully Unlocked - VERY GOOD Condition deal: $220.79 | DealDesk","Apple iPhone 13 Mini 128GB - Fully Unlocked - VERY GOOD Condition deal","Apple iPhone 13 Mini 128GB - Fully Unlocked - VERY GOOD Condition price | Apple iPhone 13 Mini 128GB - Fully Unlocked - VERY GOOD Condition discount | eBay Apple iPhone 13 Mini 128GB - Fully Unlocked - VERY GOOD Condition","80","/merchant/ebay/","/compare/apple-iphone-13-mini/"
"ebay-item-326210377293-515321894895","https://dealdesk.fyi/deals/ebay-item-326210377293-515321894895/","Apple iPhone 14 Plus 128GB Fully Unlocked - VERY GOOD Condition deal: $307.19 | DealDesk","Apple iPhone 14 Plus 128GB Fully Unlocked - VERY GOOD Condition deal","Apple iPhone 14 Plus 128GB Fully Unlocked - VERY GOOD Condition price | Apple iPhone 14 Plus 128GB Fully Unlocked - VERY GOOD Condition discount | eBay Apple iPhone 14 Plus 128GB Fully Unlocked - VERY GOOD Condition","70","/merchant/ebay/",""
"ebay-item-326462815920-515565193150","https://dealdesk.fyi/deals/ebay-item-326462815920-515565193150/","Apple iPhone 15 Plus 128GB - Fully Unlocked - VERY GOOD Condition deal: $414.99 | DealDesk","Apple iPhone 15 Plus 128GB - Fully Unlocked - VERY GOOD Condition deal","Apple iPhone 15 Plus 128GB - Fully Unlocked - VERY GOOD Condition price | Apple iPhone 15 Plus 128GB - Fully Unlocked - VERY GOOD Condition discount | eBay Apple iPhone 15 Plus 128GB - Fully Unlocked - VERY GOOD Condition","70","/merchant/ebay/",""
"ebay-item-226447947273-525635725003","https://dealdesk.fyi/deals/ebay-item-226447947273-525635725003/","Apple iPhone 14 128GB - 5G Fully Unlocked - VERY GOOD Condition deal: $297.59 | DealDesk","Apple iPhone 14 128GB - 5G Fully Unlocked - VERY GOOD Condition deal","Apple iPhone 14 128GB - 5G Fully Unlocked - VERY GOOD Condition price | Apple iPhone 14 128GB - 5G Fully Unlocked - VERY GOOD Condition discount | eBay Apple iPhone 14 128GB - 5G Fully Unlocked - VERY GOOD Condition","80","/merchant/ebay/","/compare/apple-iphone-14/"
"ebay-item-277978845688","https://dealdesk.fyi/deals/ebay-item-277978845688/","Motorola Moto G 5G [XT2213] 64GB - Fully GSM Unlocked - Moonlight Gray - Fair deal: $59.95 | DealDesk","Motorola Moto G 5G [XT2213] 64GB - Fully GSM Unlocked - Moonlight Gray - Fair deal","Motorola Moto G 5G [XT2213] 64GB - Fully GSM Unlocked - Moonlight Gray - Fair price | Motorola Moto G 5G [XT2213] 64GB - Fully GSM Unlocked - Moonlight Gray - Fair discount | eBay Motorola Moto G 5G [XT2213] 64GB - Fully GSM Unlocked - Moonlight Gray - Fair","70","/merchant/ebay/",""
"ebay-item-406809981352-677037216178","https://dealdesk.fyi/deals/ebay-item-406809981352-677037216178/","Apple iPhone 14 128GB 6.1"" Fully Unlocked - 100% Functional - Excellent deal: $294.99 | DealDesk","Apple iPhone 14 128GB 6.1"" Fully Unlocked - 100% Functional - Excellent deal","Apple iPhone 14 128GB 6.1"" Fully Unlocked - 100% Functional - Excellent price | Apple iPhone 14 128GB 6.1"" Fully Unlocked - 100% Functional - Excellent discount | eBay Apple iPhone 14 128GB 6.1"" Fully Unlocked - 100% Functional - Excellent","80","/merchant/ebay/","/compare/apple-iphone-14/"
"ebay-item-226258996651-525426810738","https://dealdesk.fyi/deals/ebay-item-226258996651-525426810738/","Apple iPhone 12 Mini 64GB -Fully Unlocked 5G - VERY GOOD Condition deal: $158.39 | DealDesk","Apple iPhone 12 Mini 64GB -Fully Unlocked 5G - VERY GOOD Condition deal","Apple iPhone 12 Mini 64GB -Fully Unlocked 5G - VERY GOOD Condition price | Apple iPhone 12 Mini 64GB -Fully Unlocked 5G - VERY GOOD Condition discount | eBay Apple iPhone 12 Mini 64GB -Fully Unlocked 5G - VERY GOOD Condition","70","/merchant/ebay/",""
"ebay-item-226523060489-525707284139","https://dealdesk.fyi/deals/ebay-item-226523060489-525707284139/","Apple iPhone 13 128GB Fully Unlocked - Very Good Condition deal: $259.99 | DealDesk","Apple iPhone 13 128GB Fully Unlocked - Very Good Condition deal","Apple iPhone 13 128GB Fully Unlocked - Very Good Condition price | Apple iPhone 13 128GB Fully Unlocked - Very Good Condition discount | eBay Apple iPhone 13 128GB Fully Unlocked - Very Good Condition","80","/merchant/ebay/","/compare/apple-iphone-13/"
"ebay-item-176645538959","https://dealdesk.fyi/deals/ebay-item-176645538959/","Sonim XP8 XP8800 64GB Black Verizon Unlocked Rugged Smartphone Good deal: $59.99 | DealDesk","Sonim XP8 XP8800 64GB Black Verizon Unlocked Rugged Smartphone Good deal","Sonim XP8 XP8800 64GB Black Verizon Unlocked Rugged Smartphone Good price | Sonim XP8 XP8800 64GB Black Verizon Unlocked Rugged Smartphone Good discount | eBay Sonim XP8 XP8800 64GB Black Verizon Unlocked Rugged Smartphone Good","70","/merchant/ebay/",""
"ebay-item-176486241800","https://dealdesk.fyi/deals/ebay-item-176486241800/","Google Pixel 8 Pro G1MNW Unlocked 128GB Obsidian Good deal: $296.99 | DealDesk","Google Pixel 8 Pro G1MNW Unlocked 128GB Obsidian Good deal","Google Pixel 8 Pro G1MNW Unlocked 128GB Obsidian Good price | Google Pixel 8 Pro G1MNW Unlocked 128GB Obsidian Good discount | eBay Google Pixel 8 Pro G1MNW Unlocked 128GB Obsidian Good","70","/merchant/ebay/",""
"ebay-item-326282933769-515409174801","https://dealdesk.fyi/deals/ebay-item-326282933769-515409174801/","Apple iPhone SE 3RD GEN 64GB Fully Unlocked 5G - VERY GOOD Condition deal: $124.79 | DealDesk","Apple iPhone SE 3RD GEN 64GB Fully Unlocked 5G - VERY GOOD Condition deal","Apple iPhone SE 3RD GEN 64GB Fully Unlocked 5G - VERY GOOD Condition price | Apple iPhone SE 3RD GEN 64GB Fully Unlocked 5G - VERY GOOD Condition discount | eBay Apple iPhone SE 3RD GEN 64GB Fully Unlocked 5G - VERY GOOD Condition","70","/merchant/ebay/",""
"ebay-item-136325419316-435332196403","https://dealdesk.fyi/deals/ebay-item-136325419316-435332196403/","Samsung Galaxy S23 256GB SM-S911U1 - 5G - FACTORY UNLOCKED - EXCELLENT deal: $299.48 | DealDesk","Samsung Galaxy S23 256GB SM-S911U1 - 5G - FACTORY UNLOCKED - EXCELLENT deal","Samsung Galaxy S23 256GB SM-S911U1 - 5G - FACTORY UNLOCKED - EXCELLENT price | Samsung Galaxy S23 256GB SM-S911U1 - 5G - FACTORY UNLOCKED - EXCELLENT discount | eBay Samsung Galaxy S23 256GB SM-S911U1 - 5G - FACTORY UNLOCKED - EXCELLENT","80","/merchant/ebay/","/compare/samsung-galaxy-s23/"
"ebay-item-187696934981-695489345780","https://dealdesk.fyi/deals/ebay-item-187696934981-695489345780/","Google Pixel 8 128GB US Version Unlocked - Excellent Refurbished deal: $253.99 | DealDesk","Google Pixel 8 128GB US Version Unlocked - Excellent Refurbished deal","Google Pixel 8 128GB US Version Unlocked - Excellent Refurbished price | Google Pixel 8 128GB US Version Unlocked - Excellent Refurbished discount | eBay Google Pixel 8 128GB US Version Unlocked - Excellent Refurbished","70","/merchant/ebay/",""
"ebay-item-398247907574","https://dealdesk.fyi/deals/ebay-item-398247907574/","Derek Jeter 2026 Topps Chrome Chrome Rivals Black /10 #RVH-1 deal: $499.99 | DealDesk","Derek Jeter 2026 Topps Chrome Chrome Rivals Black /10 #RVH-1 deal","Derek Jeter 2026 Topps Chrome Chrome Rivals Black /10 #RVH-1 price | Derek Jeter 2026 Topps Chrome Chrome Rivals Black /10 #RVH-1 discount | eBay Derek Jeter 2026 Topps Chrome Chrome Rivals Black /10 #RVH-1","67","/merchant/ebay/",""
"ebay-item-366585079261","https://dealdesk.fyi/deals/ebay-item-366585079261/","2025 Bowman Chrome 1st George Lombard Jr Blue Mojo Refractor /150 RC SP PSA 10 deal: $299.99 | DealDesk","2025 Bowman Chrome 1st George Lombard Jr Blue Mojo Refractor /150 RC SP PSA 10 deal","2025 Bowman Chrome 1st George Lombard Jr Blue Mojo Refractor /150 RC SP PSA 10 price | 2025 Bowman Chrome 1st George Lombard Jr Blue Mojo Refractor /150 RC SP PSA 10 discount | eBay 2025 Bowman Chrome 1st George Lombard Jr Blue Mojo Refractor /150 RC SP PSA 10","61","/merchant/ebay/",""
"ebay-item-366584213993","https://dealdesk.fyi/deals/ebay-item-366584213993/","2026 Topps All Kings Roberto Clemente #AK-30 Pittsburgh Pirates Insert deal: $550.00 | DealDesk","2026 Topps All Kings Roberto Clemente #AK-30 Pittsburgh Pirates Insert deal","2026 Topps All Kings Roberto Clemente #AK-30 Pittsburgh Pirates Insert price | 2026 Topps All Kings Roberto Clemente #AK-30 Pittsburgh Pirates Insert discount | eBay 2026 Topps All Kings Roberto Clemente #AK-30 Pittsburgh Pirates Insert","67","/merchant/ebay/",""
"ebay-item-377393050846","https://dealdesk.fyi/deals/ebay-item-377393050846/","Upper Deck 2004 Sweet Spot Frank Robinson Logo Patch SSP-FR /300 deal: $450.00 | DealDesk","Upper Deck 2004 Sweet Spot Frank Robinson Logo Patch SSP-FR /300 deal","Upper Deck 2004 Sweet Spot Frank Robinson Logo Patch SSP-FR /300 price | Upper Deck 2004 Sweet Spot Frank Robinson Logo Patch SSP-FR /300 discount | eBay Upper Deck 2004 Sweet Spot Frank Robinson Logo Patch SSP-FR /300","67","/merchant/ebay/",""
"ebay-item-158152521232","https://dealdesk.fyi/deals/ebay-item-158152521232/","Panini 2025 Prospect Edition Jacob Wilson Kaboom! Insert #9 Oakland A's deal: $300.00 | DealDesk","Panini 2025 Prospect Edition Jacob Wilson Kaboom! Insert #9 Oakland A's deal","Panini 2025 Prospect Edition Jacob Wilson Kaboom! Insert #9 Oakland A's price | Panini 2025 Prospect Edition Jacob Wilson Kaboom! Insert #9 Oakland A's discount | eBay Panini 2025 Prospect Edition Jacob Wilson Kaboom! Insert #9 Oakland A's","67","/merchant/ebay/",""
"ebay-item-236983378226","https://dealdesk.fyi/deals/ebay-item-236983378226/","2010 Topps Chrome - Tom Brady #C80 Refractor deal: $274.99 | DealDesk","2010 Topps Chrome - Tom Brady #C80 Refractor deal","2010 Topps Chrome - Tom Brady #C80 Refractor price | 2010 Topps Chrome - Tom Brady #C80 Refractor discount | eBay 2010 Topps Chrome - Tom Brady #C80 Refractor","61","/merchant/ebay/",""
"ebay-item-188740933187","https://dealdesk.fyi/deals/ebay-item-188740933187/","2026 Panini National NSCC VIP Private Signings PAUL SKENES On Card AUTO deal: $375.00 | DealDesk","2026 Panini National NSCC VIP Private Signings PAUL SKENES On Card AUTO deal","2026 Panini National NSCC VIP Private Signings PAUL SKENES On Card AUTO price | 2026 Panini National NSCC VIP Private Signings PAUL SKENES On Card AUTO discount | eBay 2026 Panini National NSCC VIP Private Signings PAUL SKENES On Card AUTO","70","/merchant/ebay/",""
"ebay-item-117339667282","https://dealdesk.fyi/deals/ebay-item-117339667282/","2024 Select TJ Watt Zebra Shock Prizm PSA 10 #294 SSP Case Hit deal: $249.99 | DealDesk","2024 Select TJ Watt Zebra Shock Prizm PSA 10 #294 SSP Case Hit deal","2024 Select TJ Watt Zebra Shock Prizm PSA 10 #294 SSP Case Hit price | 2024 Select TJ Watt Zebra Shock Prizm PSA 10 #294 SSP Case Hit discount | eBay 2024 Select TJ Watt Zebra Shock Prizm PSA 10 #294 SSP Case Hit","61","/merchant/ebay/",""
"ebay-item-128009742019","https://dealdesk.fyi/deals/ebay-item-128009742019/","2024 Topps Now Olympics #27 Steph Curry Night Night PSA 10 deal: $249.69 | DealDesk","2024 Topps Now Olympics #27 Steph Curry Night Night PSA 10 deal","2024 Topps Now Olympics #27 Steph Curry Night Night PSA 10 price | 2024 Topps Now Olympics #27 Steph Curry Night Night PSA 10 discount | eBay 2024 Topps Now Olympics #27 Steph Curry Night Night PSA 10","64","/merchant/ebay/",""
"ebay-item-168587389992","https://dealdesk.fyi/deals/ebay-item-168587389992/","2026 Topps Chrome Ben Rice #295 White Refractor /30 Yankees deal: $499.99 | DealDesk","2026 Topps Chrome Ben Rice #295 White Refractor /30 Yankees deal","2026 Topps Chrome Ben Rice #295 White Refractor /30 Yankees price | 2026 Topps Chrome Ben Rice #295 White Refractor /30 Yankees discount | eBay 2026 Topps Chrome Ben Rice #295 White Refractor /30 Yankees","67","/merchant/ebay/",""
"ebay-item-267746891604","https://dealdesk.fyi/deals/ebay-item-267746891604/","Parkside 2025 NWSL Vol. 2 Gabrielle Carle Gold 1/1 #339 Washington Spirit deal: $399.99 | DealDesk","Parkside 2025 NWSL Vol. 2 Gabrielle Carle Gold 1/1 #339 Washington Spirit deal","Parkside 2025 NWSL Vol. 2 Gabrielle Carle Gold 1/1 #339 Washington Spirit price | Parkside 2025 NWSL Vol. 2 Gabrielle Carle Gold 1/1 #339 Washington Spirit discount | eBay Parkside 2025 NWSL Vol. 2 Gabrielle Carle Gold 1/1 #339 Washington Spirit","67","/merchant/ebay/",""
"ebay-item-318675467610","https://dealdesk.fyi/deals/ebay-item-318675467610/","Max Clark Gold /50 PSA 10 It Came To The League 2025 Bowman Chrome IT-12 deal: $350.00 | DealDesk","Max Clark Gold /50 PSA 10 It Came To The League 2025 Bowman Chrome IT-12 deal","Max Clark Gold /50 PSA 10 It Came To The League 2025 Bowman Chrome IT-12 price | Max Clark Gold /50 PSA 10 It Came To The League 2025 Bowman Chrome IT-12 discount | eBay Max Clark Gold /50 PSA 10 It Came To The League 2025 Bowman Chrome IT-12","61","/merchant/ebay/",""
"ebay-item-366583980378","https://dealdesk.fyi/deals/ebay-item-366583980378/","2025 Futera Unique TRIO Forwards #1/1 Neymar Jr #GTF33 deal: $250.00 | DealDesk","2025 Futera Unique TRIO Forwards #1/1 Neymar Jr #GTF33 deal","2025 Futera Unique TRIO Forwards #1/1 Neymar Jr #GTF33 price | 2025 Futera Unique TRIO Forwards #1/1 Neymar Jr #GTF33 discount | eBay 2025 Futera Unique TRIO Forwards #1/1 Neymar Jr #GTF33","67","/merchant/ebay/",""
"ebay-item-398247499661","https://dealdesk.fyi/deals/ebay-item-398247499661/","Andre Iguodala 2014-15 Panini Donruss Elite Silver Auto /125 RARE Warriors SSP deal: $399.99 | DealDesk","Andre Iguodala 2014-15 Panini Donruss Elite Silver Auto /125 RARE Warriors SSP deal","Andre Iguodala 2014-15 Panini Donruss Elite Silver Auto /125 RARE Warriors SSP price | Andre Iguodala 2014-15 Panini Donruss Elite Silver Auto /125 RARE Warriors SSP discount | eBay Andre Iguodala 2014-15 Panini Donruss Elite Silver Auto /125 RARE Warriors SSP","67","/merchant/ebay/",""
"ebay-item-278245626696","https://dealdesk.fyi/deals/ebay-item-278245626696/","2024 Panini Donruss Downtown! #11 Jj Mccarthy PSA 8 deal: $299.95 | DealDesk","2024 Panini Donruss Downtown! #11 Jj Mccarthy PSA 8 deal","2024 Panini Donruss Downtown! #11 Jj Mccarthy PSA 8 price | 2024 Panini Donruss Downtown! #11 Jj Mccarthy PSA 8 discount | eBay 2024 Panini Donruss Downtown! #11 Jj Mccarthy PSA 8","61","/merchant/ebay/",""
"ebay-item-298558033016","https://dealdesk.fyi/deals/ebay-item-298558033016/","Topps 2024 Bowman Sterling Roman Anthony Auto /100 PA-RA Red Sox Prospect Auto deal: $300.00 | DealDesk","Topps 2024 Bowman Sterling Roman Anthony Auto /100 PA-RA Red Sox Prospect Auto deal","Topps 2024 Bowman Sterling Roman Anthony Auto /100 PA-RA Red Sox Prospect Auto price | Topps 2024 Bowman Sterling Roman Anthony Auto /100 PA-RA Red Sox Prospect Auto discount | eBay Topps 2024 Bowman Sterling Roman Anthony Auto /100 PA-RA Red Sox Prospect Auto","67","/merchant/ebay/",""
"ebay-item-168587257150","https://dealdesk.fyi/deals/ebay-item-168587257150/","2016 Topps Chrome Giancarlo Stanton Red Refractor /5 deal: $325.00 | DealDesk","2016 Topps Chrome Giancarlo Stanton Red Refractor /5 deal","2016 Topps Chrome Giancarlo Stanton Red Refractor /5 price | 2016 Topps Chrome Giancarlo Stanton Red Refractor /5 discount | eBay 2016 Topps Chrome Giancarlo Stanton Red Refractor /5","67","/merchant/ebay/",""
"ebay-item-800458303848","https://dealdesk.fyi/deals/ebay-item-800458303848/","Panini Donruss Optic 2023 UFC Alex Pereira #9 Downtown! Insert RC Prizm deal: $463.27 | DealDesk","Panini Donruss Optic 2023 UFC Alex Pereira #9 Downtown! Insert RC Prizm deal","Panini Donruss Optic 2023 UFC Alex Pereira #9 Downtown! Insert RC Prizm price | Panini Donruss Optic 2023 UFC Alex Pereira #9 Downtown! Insert RC Prizm discount | eBay Panini Donruss Optic 2023 UFC Alex Pereira #9 Downtown! Insert RC Prizm","67","/merchant/ebay/",""
"ebay-item-158152430733","https://dealdesk.fyi/deals/ebay-item-158152430733/","2206 Topps Finest Kevin McGonigle Common Oil Spill SSP #74 Detroit Tigers RC deal: $375.00 | DealDesk","2206 Topps Finest Kevin McGonigle Common Oil Spill SSP #74 Detroit Tigers RC deal","2206 Topps Finest Kevin McGonigle Common Oil Spill SSP #74 Detroit Tigers RC price | 2206 Topps Finest Kevin McGonigle Common Oil Spill SSP #74 Detroit Tigers RC discount | eBay 2206 Topps Finest Kevin McGonigle Common Oil Spill SSP #74 Detroit Tigers RC","67","/merchant/ebay/",""
"ebay-item-398247841347","https://dealdesk.fyi/deals/ebay-item-398247841347/","2026 Topps Chrome Shohei Ohtani Los Angeles Dodgers Wild Style Refractor 🤯 🔥 deal: $300.00 | DealDesk","2026 Topps Chrome Shohei Ohtani Los Angeles Dodgers Wild Style Refractor 🤯 🔥 deal","2026 Topps Chrome Shohei Ohtani Los Angeles Dodgers Wild Style Refractor 🤯 🔥 price | 2026 Topps Chrome Shohei Ohtani Los Angeles Dodgers Wild Style Refractor 🤯 🔥 discount | eBay 2026 Topps Chrome Shohei Ohtani Los Angeles Dodgers Wild Style Refractor 🤯 🔥","67","/merchant/ebay/",""
"ebay-item-147481722157","https://dealdesk.fyi/deals/ebay-item-147481722157/","Nick Kurtz Rookie 2025 Topps Chrome Update Gold RayWave Refractor #'d 1/50 deal: $350.00 | DealDesk","Nick Kurtz Rookie 2025 Topps Chrome Update Gold RayWave Refractor #'d 1/50 deal","Nick Kurtz Rookie 2025 Topps Chrome Update Gold RayWave Refractor #'d 1/50 price | Nick Kurtz Rookie 2025 Topps Chrome Update Gold RayWave Refractor #'d 1/50 discount | eBay Nick Kurtz Rookie 2025 Topps Chrome Update Gold RayWave Refractor #'d 1/50","70","/merchant/ebay/",""
"ebay-item-407118964445","https://dealdesk.fyi/deals/ebay-item-407118964445/","2010 Topps Chrome - Tim Tebow #C100 Pointing Rookie Auto SGC 10/10 deal: $325.00 | DealDesk","2010 Topps Chrome - Tim Tebow #C100 Pointing Rookie Auto SGC 10/10 deal","2010 Topps Chrome - Tim Tebow #C100 Pointing Rookie Auto SGC 10/10 price | 2010 Topps Chrome - Tim Tebow #C100 Pointing Rookie Auto SGC 10/10 discount | eBay 2010 Topps Chrome - Tim Tebow #C100 Pointing Rookie Auto SGC 10/10","61","/merchant/ebay/",""
"ebay-item-298557875768","https://dealdesk.fyi/deals/ebay-item-298557875768/","Joe Burrow -- PSA 10 -- Meta /25 -- 2021 Spectra #19 -- Gem Beauty deal: $279.00 | DealDesk","Joe Burrow -- PSA 10 -- Meta /25 -- 2021 Spectra #19 -- Gem Beauty deal","Joe Burrow -- PSA 10 -- Meta /25 -- 2021 Spectra #19 -- Gem Beauty price | Joe Burrow -- PSA 10 -- Meta /25 -- 2021 Spectra #19 -- Gem Beauty discount | eBay Joe Burrow -- PSA 10 -- Meta /25 -- 2021 Spectra #19 -- Gem Beauty","64","/merchant/ebay/",""
"ebay-item-267747064017","https://dealdesk.fyi/deals/ebay-item-267747064017/","Lamine Yamal 2023-24 Topps FC Barcelona #/399 AQUA REFRACTOR GOLDEN FUTURE (RC) deal: $289.95 | DealDesk","Lamine Yamal 2023-24 Topps FC Barcelona #/399 AQUA REFRACTOR GOLDEN FUTURE (RC) deal","Lamine Yamal 2023-24 Topps FC Barcelona #/399 AQUA REFRACTOR GOLDEN FUTURE (RC) price | Lamine Yamal 2023-24 Topps FC Barcelona #/399 AQUA REFRACTOR GOLDEN FUTURE (RC) discount | eBay Lamine Yamal 2023-24 Topps FC Barcelona #/399 AQUA REFRACTOR GOLDEN FUTURE (RC)","67","/merchant/ebay/",""
"ebay-item-358881218997","https://dealdesk.fyi/deals/ebay-item-358881218997/","2012 Prizm - Tamba Hali TRUE Gold /10 - Kansas City Chiefs HOF - 1st Year Prizm deal: $600.00 | DealDesk","2012 Prizm - Tamba Hali TRUE Gold /10 - Kansas City Chiefs HOF - 1st Year Prizm deal","2012 Prizm - Tamba Hali TRUE Gold /10 - Kansas City Chiefs HOF - 1st Year Prizm price | 2012 Prizm - Tamba Hali TRUE Gold /10 - Kansas City Chiefs HOF - 1st Year Prizm discount | eBay 2012 Prizm - Tamba Hali TRUE Gold /10 - Kansas City Chiefs HOF - 1st Year Prizm","67","/merchant/ebay/",""
"ebay-item-366584262500","https://dealdesk.fyi/deals/ebay-item-366584262500/","Topps 2024 Series One Ryne Nelson Arizona Diamondbacks foil tractor 1/1 #114 deal: $400.00 | DealDesk","Topps 2024 Series One Ryne Nelson Arizona Diamondbacks foil tractor 1/1 #114 deal","Topps 2024 Series One Ryne Nelson Arizona Diamondbacks foil tractor 1/1 #114 price | Topps 2024 Series One Ryne Nelson Arizona Diamondbacks foil tractor 1/1 #114 discount | eBay Topps 2024 Series One Ryne Nelson Arizona Diamondbacks foil tractor 1/1 #114","67","/merchant/ebay/",""
"ebay-item-336724749650","https://dealdesk.fyi/deals/ebay-item-336724749650/","Topps 2024 Bowman Chrome Prospects Sunflower Seeds George Lombard Jr. Yankees deal: $300.00 | DealDesk","Topps 2024 Bowman Chrome Prospects Sunflower Seeds George Lombard Jr. Yankees deal","Topps 2024 Bowman Chrome Prospects Sunflower Seeds George Lombard Jr. Yankees price | Topps 2024 Bowman Chrome Prospects Sunflower Seeds George Lombard Jr. Yankees discount | eBay Topps 2024 Bowman Chrome Prospects Sunflower Seeds George Lombard Jr. Yankees","67","/merchant/ebay/",""
"ebay-item-318674557721","https://dealdesk.fyi/deals/ebay-item-318674557721/","2021 Panini Prizm Caleb Farley Rookie Black Finite Auto 1/1 #375 Tennessee Titan deal: $325.00 | DealDesk","2021 Panini Prizm Caleb Farley Rookie Black Finite Auto 1/1 #375 Tennessee Titan deal","2021 Panini Prizm Caleb Farley Rookie Black Finite Auto 1/1 #375 Tennessee Titan price | 2021 Panini Prizm Caleb Farley Rookie Black Finite Auto 1/1 #375 Tennessee Titan discount | eBay 2021 Panini Prizm Caleb Farley Rookie Black Finite Auto 1/1 #375 Tennessee Titan","67","/merchant/ebay/",""
"ebay-item-227461266712","https://dealdesk.fyi/deals/ebay-item-227461266712/","2020-21 Topps Chrome UCL Pedri #61 Neon Green Refractor /99 (RC) AUTO deal: $400.00 | DealDesk","2020-21 Topps Chrome UCL Pedri #61 Neon Green Refractor /99 (RC) AUTO deal","2020-21 Topps Chrome UCL Pedri #61 Neon Green Refractor /99 (RC) AUTO price | 2020-21 Topps Chrome UCL Pedri #61 Neon Green Refractor /99 (RC) AUTO discount | eBay 2020-21 Topps Chrome UCL Pedri #61 Neon Green Refractor /99 (RC) AUTO","67","/merchant/ebay/",""
"ebay-item-358881081278","https://dealdesk.fyi/deals/ebay-item-358881081278/","Robert Lewandowski — 2025–26 Panini Select STAINED GLASS CASE HIT deal: $350.00 | DealDesk","Robert Lewandowski — 2025–26 Panini Select STAINED GLASS CASE HIT deal","Robert Lewandowski — 2025–26 Panini Select STAINED GLASS CASE HIT price | Robert Lewandowski — 2025–26 Panini Select STAINED GLASS CASE HIT discount | eBay Robert Lewandowski — 2025–26 Panini Select STAINED GLASS CASE HIT","67","/merchant/ebay/",""
"ebay-item-298558029005","https://dealdesk.fyi/deals/ebay-item-298558029005/","2024 Bowman George Lombard Jr. Auto #CPA-GLO Yankees deal: $279.99 | DealDesk","2024 Bowman George Lombard Jr. Auto #CPA-GLO Yankees deal","2024 Bowman George Lombard Jr. Auto #CPA-GLO Yankees price | 2024 Bowman George Lombard Jr. Auto #CPA-GLO Yankees discount | eBay 2024 Bowman George Lombard Jr. Auto #CPA-GLO Yankees","67","/merchant/ebay/",""
"ebay-item-257660214568","https://dealdesk.fyi/deals/ebay-item-257660214568/","Panini Donruss 2025 Tyler Shough Rookie Downtown! Insert #19 New Orleans Saints deal: $410.00 | DealDesk","Panini Donruss 2025 Tyler Shough Rookie Downtown! Insert #19 New Orleans Saints deal","Panini Donruss 2025 Tyler Shough Rookie Downtown! Insert #19 New Orleans Saints price | Panini Donruss 2025 Tyler Shough Rookie Downtown! Insert #19 New Orleans Saints discount | eBay Panini Donruss 2025 Tyler Shough Rookie Downtown! Insert #19 New Orleans Saints","67","/merchant/ebay/",""
"ebay-item-398247371416","https://dealdesk.fyi/deals/ebay-item-398247371416/","2023 PANINI FLAWLESS BRETT FAVRE SUPER BOWL AUTO AUTOGRAPH 1/20! deal: $299.99 | DealDesk","2023 PANINI FLAWLESS BRETT FAVRE SUPER BOWL AUTO AUTOGRAPH 1/20! deal","2023 PANINI FLAWLESS BRETT FAVRE SUPER BOWL AUTO AUTOGRAPH 1/20! price | 2023 PANINI FLAWLESS BRETT FAVRE SUPER BOWL AUTO AUTOGRAPH 1/20! discount | eBay 2023 PANINI FLAWLESS BRETT FAVRE SUPER BOWL AUTO AUTOGRAPH 1/20!","70","/merchant/ebay/",""
"ebay-item-206463930241","https://dealdesk.fyi/deals/ebay-item-206463930241/","Topps Bowman Draft Chandler Simpson 1st Bowman Auto /50 #CDA-CSN deal: $425.00 | DealDesk","Topps Bowman Draft Chandler Simpson 1st Bowman Auto /50 #CDA-CSN deal","Topps Bowman Draft Chandler Simpson 1st Bowman Auto /50 #CDA-CSN price | Topps Bowman Draft Chandler Simpson 1st Bowman Auto /50 #CDA-CSN discount | eBay Topps Bowman Draft Chandler Simpson 1st Bowman Auto /50 #CDA-CSN","67","/merchant/ebay/",""
"ebay-item-198546211649","https://dealdesk.fyi/deals/ebay-item-198546211649/","2026 Topps Tier One 1 #T1R-JRA Jose Ramirez Game Used Button Patch Relic /5 RARE deal: $300.00 | DealDesk","2026 Topps Tier One 1 #T1R-JRA Jose Ramirez Game Used Button Patch Relic /5 RARE deal","2026 Topps Tier One 1 #T1R-JRA Jose Ramirez Game Used Button Patch Relic /5 RARE price | 2026 Topps Tier One 1 #T1R-JRA Jose Ramirez Game Used Button Patch Relic /5 RARE discount | eBay 2026 Topps Tier One 1 #T1R-JRA Jose Ramirez Game Used Button Patch Relic /5 RARE","70","/merchant/ebay/",""
"ebay-item-398247597956","https://dealdesk.fyi/deals/ebay-item-398247597956/","SkyBox 1997-98 Metal Universe Planet Metal Michael Jordan Bulls #23 Embossed deal: $795.99 | DealDesk","SkyBox 1997-98 Metal Universe Planet Metal Michael Jordan Bulls #23 Embossed deal","SkyBox 1997-98 Metal Universe Planet Metal Michael Jordan Bulls #23 Embossed price | SkyBox 1997-98 Metal Universe Planet Metal Michael Jordan Bulls #23 Embossed discount | eBay SkyBox 1997-98 Metal Universe Planet Metal Michael Jordan Bulls #23 Embossed","67","/merchant/ebay/",""
"ebay-item-257660209002","https://dealdesk.fyi/deals/ebay-item-257660209002/","2024-25 Flawless ZACH LAVINE Championship Tags /10 CHICAGO BULLS deal: $750.00 | DealDesk","2024-25 Flawless ZACH LAVINE Championship Tags /10 CHICAGO BULLS deal","2024-25 Flawless ZACH LAVINE Championship Tags /10 CHICAGO BULLS price | 2024-25 Flawless ZACH LAVINE Championship Tags /10 CHICAGO BULLS discount | eBay 2024-25 Flawless ZACH LAVINE Championship Tags /10 CHICAGO BULLS","67","/merchant/ebay/",""
"ebay-item-257660384163","https://dealdesk.fyi/deals/ebay-item-257660384163/","🔥 2024 Topps Chrome L/E Blue Rookie Auto /150 Jackson Chourio 🔥 deal: $385.00 | DealDesk","🔥 2024 Topps Chrome L/E Blue Rookie Auto /150 Jackson Chourio 🔥 deal","🔥 2024 Topps Chrome L/E Blue Rookie Auto /150 Jackson Chourio 🔥 price | 🔥 2024 Topps Chrome L/E Blue Rookie Auto /150 Jackson Chourio 🔥 discount | eBay 🔥 2024 Topps Chrome L/E Blue Rookie Auto /150 Jackson Chourio 🔥","67","/merchant/ebay/",""
"ebay-item-236983071996","https://dealdesk.fyi/deals/ebay-item-236983071996/","Topps UFC Freedom 250 2026 Sean O'Malley UFC Dollar Insert Black 4/10 UD-20 deal: $295.00 | DealDesk","Topps UFC Freedom 250 2026 Sean O'Malley UFC Dollar Insert Black 4/10 UD-20 deal","Topps UFC Freedom 250 2026 Sean O'Malley UFC Dollar Insert Black 4/10 UD-20 price | Topps UFC Freedom 250 2026 Sean O'Malley UFC Dollar Insert Black 4/10 UD-20 discount | eBay Topps UFC Freedom 250 2026 Sean O'Malley UFC Dollar Insert Black 4/10 UD-20","67","/merchant/ebay/",""
"ebay-item-287502213403","https://dealdesk.fyi/deals/ebay-item-287502213403/","2007 Absolute Brett Favre AP-9 Jumbo Prime Game Worn Patch /25 Packers deal: $295.00 | DealDesk","2007 Absolute Brett Favre AP-9 Jumbo Prime Game Worn Patch /25 Packers deal","2007 Absolute Brett Favre AP-9 Jumbo Prime Game Worn Patch /25 Packers price | 2007 Absolute Brett Favre AP-9 Jumbo Prime Game Worn Patch /25 Packers discount | eBay 2007 Absolute Brett Favre AP-9 Jumbo Prime Game Worn Patch /25 Packers","67","/merchant/ebay/",""
"ebay-item-227456695734","https://dealdesk.fyi/deals/ebay-item-227456695734/","PSA 10 Celebi & Venusaur GX SM167 Full Art Promo - Tag Team Tins Pokémon deal: $655.00 | DealDesk","PSA 10 Celebi & Venusaur GX SM167 Full Art Promo - Tag Team Tins Pokémon deal","PSA 10 Celebi & Venusaur GX SM167 Full Art Promo - Tag Team Tins Pokémon price | PSA 10 Celebi & Venusaur GX SM167 Full Art Promo - Tag Team Tins Pokémon discount | eBay PSA 10 Celebi & Venusaur GX SM167 Full Art Promo - Tag Team Tins Pokémon","61","/merchant/ebay/",""
"ebay-item-336706549083","https://dealdesk.fyi/deals/ebay-item-336706549083/","MEGA GENGAR EX Mega Dream ex Special Art Rare #240 PSA 10 Pokemon deal: $699.99 | DealDesk","MEGA GENGAR EX Mega Dream ex Special Art Rare #240 PSA 10 Pokemon deal","MEGA GENGAR EX Mega Dream ex Special Art Rare #240 PSA 10 Pokemon price | MEGA GENGAR EX Mega Dream ex Special Art Rare #240 PSA 10 Pokemon discount | eBay MEGA GENGAR EX Mega Dream ex Special Art Rare #240 PSA 10 Pokemon","61","/merchant/ebay/",""
"ebay-item-287220081991","https://dealdesk.fyi/deals/ebay-item-287220081991/","Pokemon Cleffa CoroCoro Comics Japanese Glossy Promo #173 PSA 10 Gem Mint deal: $5,000.00 | DealDesk","Pokemon Cleffa CoroCoro Comics Japanese Glossy Promo #173 PSA 10 Gem Mint deal","Pokemon Cleffa CoroCoro Comics Japanese Glossy Promo #173 PSA 10 Gem Mint price | Pokemon Cleffa CoroCoro Comics Japanese Glossy Promo #173 PSA 10 Gem Mint discount | eBay Pokemon Cleffa CoroCoro Comics Japanese Glossy Promo #173 PSA 10 Gem Mint","61","/merchant/ebay/",""
"ebay-item-287479728719","https://dealdesk.fyi/deals/ebay-item-287479728719/","Pokemon Pikachu Cosmic Eclipse 241/236 Secret Rare PSA 10 Gem Mint deal: $1,990.00 | DealDesk","Pokemon Pikachu Cosmic Eclipse 241/236 Secret Rare PSA 10 Gem Mint deal","Pokemon Pikachu Cosmic Eclipse 241/236 Secret Rare PSA 10 Gem Mint price | Pokemon Pikachu Cosmic Eclipse 241/236 Secret Rare PSA 10 Gem Mint discount | eBay Pokemon Pikachu Cosmic Eclipse 241/236 Secret Rare PSA 10 Gem Mint","61","/merchant/ebay/",""
"ebay-item-327271795944","https://dealdesk.fyi/deals/ebay-item-327271795944/","CGC 7 NEAR MINT Team Aqua's Kyogre EX 6/34 Double Crisis Holo Pokemon Card deal: $550.00 | DealDesk","CGC 7 NEAR MINT Team Aqua's Kyogre EX 6/34 Double Crisis Holo Pokemon Card deal","CGC 7 NEAR MINT Team Aqua's Kyogre EX 6/34 Double Crisis Holo Pokemon Card price | CGC 7 NEAR MINT Team Aqua's Kyogre EX 6/34 Double Crisis Holo Pokemon Card discount | eBay CGC 7 NEAR MINT Team Aqua's Kyogre EX 6/34 Double Crisis Holo Pokemon Card","64","/merchant/ebay/",""
"ebay-item-287472365991","https://dealdesk.fyi/deals/ebay-item-287472365991/","Blue Eyes White Dragon GFP2-EN175 Ghost Rare 1st Edition Yugioh PSA 7 *506 deal: $299.99 | DealDesk","Blue Eyes White Dragon GFP2-EN175 Ghost Rare 1st Edition Yugioh PSA 7 *506 deal","Blue Eyes White Dragon GFP2-EN175 Ghost Rare 1st Edition Yugioh PSA 7 *506 price | Blue Eyes White Dragon GFP2-EN175 Ghost Rare 1st Edition Yugioh PSA 7 *506 discount | eBay Blue Eyes White Dragon GFP2-EN175 Ghost Rare 1st Edition Yugioh PSA 7 *506","64","/merchant/ebay/",""
"ebay-item-287463774828","https://dealdesk.fyi/deals/ebay-item-287463774828/","Pokemon Mew Reverse Holo XY Evolutions 53/108 PSA 10 Gem Mint deal: $689.00 | DealDesk","Pokemon Mew Reverse Holo XY Evolutions 53/108 PSA 10 Gem Mint deal","Pokemon Mew Reverse Holo XY Evolutions 53/108 PSA 10 Gem Mint price | Pokemon Mew Reverse Holo XY Evolutions 53/108 PSA 10 Gem Mint discount | eBay Pokemon Mew Reverse Holo XY Evolutions 53/108 PSA 10 Gem Mint","61","/merchant/ebay/",""
"ebay-item-278234146827","https://dealdesk.fyi/deals/ebay-item-278234146827/","Mega Charizard X ex 125/094 ES SPANISH Phantasmal Flames Holo POKEMON deal: $609.99 | DealDesk","Mega Charizard X ex 125/094 ES SPANISH Phantasmal Flames Holo POKEMON deal","Mega Charizard X ex 125/094 ES SPANISH Phantasmal Flames Holo POKEMON price | Mega Charizard X ex 125/094 ES SPANISH Phantasmal Flames Holo POKEMON discount | eBay Mega Charizard X ex 125/094 ES SPANISH Phantasmal Flames Holo POKEMON","70","/merchant/ebay/",""
"ebay-item-287450030119","https://dealdesk.fyi/deals/ebay-item-287450030119/","Pokemon Giratina EX XY Ancient Origins Full Art 93/98 PSA 10 Gem Mint deal: $2,500.00 | DealDesk","Pokemon Giratina EX XY Ancient Origins Full Art 93/98 PSA 10 Gem Mint deal","Pokemon Giratina EX XY Ancient Origins Full Art 93/98 PSA 10 Gem Mint price | Pokemon Giratina EX XY Ancient Origins Full Art 93/98 PSA 10 Gem Mint discount | eBay Pokemon Giratina EX XY Ancient Origins Full Art 93/98 PSA 10 Gem Mint","61","/merchant/ebay/",""
"ebay-item-327253354477","https://dealdesk.fyi/deals/ebay-item-327253354477/","CGC 9 MINT Cubone 103/165 Expedition Reverse Holo Pokemon Card deal: $599.00 | DealDesk","CGC 9 MINT Cubone 103/165 Expedition Reverse Holo Pokemon Card deal","CGC 9 MINT Cubone 103/165 Expedition Reverse Holo Pokemon Card price | CGC 9 MINT Cubone 103/165 Expedition Reverse Holo Pokemon Card discount | eBay CGC 9 MINT Cubone 103/165 Expedition Reverse Holo Pokemon Card","64","/merchant/ebay/",""
"ebay-item-227438210700","https://dealdesk.fyi/deals/ebay-item-227438210700/","2026 POKEMON CHAOS RISING ILLUSTRATION RARE #116 MEGA GRENINJA EX PSA 10 deal: $709.00 | DealDesk","2026 POKEMON CHAOS RISING ILLUSTRATION RARE #116 MEGA GRENINJA EX PSA 10 deal","2026 POKEMON CHAOS RISING ILLUSTRATION RARE #116 MEGA GRENINJA EX PSA 10 price | 2026 POKEMON CHAOS RISING ILLUSTRATION RARE #116 MEGA GRENINJA EX PSA 10 discount | eBay 2026 POKEMON CHAOS RISING ILLUSTRATION RARE #116 MEGA GRENINJA EX PSA 10","61","/merchant/ebay/",""
"ebay-item-327271795878","https://dealdesk.fyi/deals/ebay-item-327271795878/","CGC 7.5 NEAR MINT+ Shining Charizard 107/105 Neo Destiny Holo Pokemon Card deal: $2,799.00 | DealDesk","CGC 7.5 NEAR MINT+ Shining Charizard 107/105 Neo Destiny Holo Pokemon Card deal","CGC 7.5 NEAR MINT+ Shining Charizard 107/105 Neo Destiny Holo Pokemon Card price | CGC 7.5 NEAR MINT+ Shining Charizard 107/105 Neo Destiny Holo Pokemon Card discount | eBay CGC 7.5 NEAR MINT+ Shining Charizard 107/105 Neo Destiny Holo Pokemon Card","64","/merchant/ebay/",""
"ebay-item-227456669630","https://dealdesk.fyi/deals/ebay-item-227456669630/","2019 Pokemon Sun Moon Team Up Celebi Venusaur GX #1/181 PSA 10 deal: $399.00 | DealDesk","2019 Pokemon Sun Moon Team Up Celebi Venusaur GX #1/181 PSA 10 deal","2019 Pokemon Sun Moon Team Up Celebi Venusaur GX #1/181 PSA 10 price | 2019 Pokemon Sun Moon Team Up Celebi Venusaur GX #1/181 PSA 10 discount | eBay 2019 Pokemon Sun Moon Team Up Celebi Venusaur GX #1/181 PSA 10","61","/merchant/ebay/",""
"ebay-item-227437045858","https://dealdesk.fyi/deals/ebay-item-227437045858/","2024 Pokemon TWM EN Special Illustration Rare #214 Greninja ex PSA 10 GEM MINT deal: $880.00 | DealDesk","2024 Pokemon TWM EN Special Illustration Rare #214 Greninja ex PSA 10 GEM MINT deal","2024 Pokemon TWM EN Special Illustration Rare #214 Greninja ex PSA 10 GEM MINT price | 2024 Pokemon TWM EN Special Illustration Rare #214 Greninja ex PSA 10 GEM MINT discount | eBay 2024 Pokemon TWM EN Special Illustration Rare #214 Greninja ex PSA 10 GEM MINT","61","/merchant/ebay/",""
"ebay-item-287479728690","https://dealdesk.fyi/deals/ebay-item-287479728690/","Pokemon Tyranitar Holo Expedition 29/165 PSA 7 deal: $800.00 | DealDesk","Pokemon Tyranitar Holo Expedition 29/165 PSA 7 deal","Pokemon Tyranitar Holo Expedition 29/165 PSA 7 price | Pokemon Tyranitar Holo Expedition 29/165 PSA 7 discount | eBay Pokemon Tyranitar Holo Expedition 29/165 PSA 7","61","/merchant/ebay/",""
"ebay-item-327271795967","https://dealdesk.fyi/deals/ebay-item-327271795967/","CGC 9 MINT Lugia Gold, Silver, To A New World Holo Japanese Neo Pokemon Card deal: $699.00 | DealDesk","CGC 9 MINT Lugia Gold, Silver, To A New World Holo Japanese Neo Pokemon Card deal","CGC 9 MINT Lugia Gold, Silver, To A New World Holo Japanese Neo Pokemon Card price | CGC 9 MINT Lugia Gold, Silver, To A New World Holo Japanese Neo Pokemon Card discount | eBay CGC 9 MINT Lugia Gold, Silver, To A New World Holo Japanese Neo Pokemon Card","70","/merchant/ebay/",""
"ebay-item-327245412904","https://dealdesk.fyi/deals/ebay-item-327245412904/","CGC 9 MINT Tyranitar 40/147 Aquapolis Reverse Holo Pokemon Card deal: $550.00 | DealDesk","CGC 9 MINT Tyranitar 40/147 Aquapolis Reverse Holo Pokemon Card deal","CGC 9 MINT Tyranitar 40/147 Aquapolis Reverse Holo Pokemon Card price | CGC 9 MINT Tyranitar 40/147 Aquapolis Reverse Holo Pokemon Card discount | eBay CGC 9 MINT Tyranitar 40/147 Aquapolis Reverse Holo Pokemon Card","64","/merchant/ebay/",""
"ebay-item-287450230616","https://dealdesk.fyi/deals/ebay-item-287450230616/","Pokemon Mewtwo EX XY Breakthrough 163/162 Secret Rare PSA 10 Gem Mint deal: $9,000.00 | DealDesk","Pokemon Mewtwo EX XY Breakthrough 163/162 Secret Rare PSA 10 Gem Mint deal","Pokemon Mewtwo EX XY Breakthrough 163/162 Secret Rare PSA 10 Gem Mint price | Pokemon Mewtwo EX XY Breakthrough 163/162 Secret Rare PSA 10 Gem Mint discount | eBay Pokemon Mewtwo EX XY Breakthrough 163/162 Secret Rare PSA 10 Gem Mint","61","/merchant/ebay/",""
"ebay-item-227459510730","https://dealdesk.fyi/deals/ebay-item-227459510730/","Pokemon Galarian Moltres V Chilling Reign Full Alt Art 177/198 PSA 10 Gem Mint deal: $499.00 | DealDesk","Pokemon Galarian Moltres V Chilling Reign Full Alt Art 177/198 PSA 10 Gem Mint deal","Pokemon Galarian Moltres V Chilling Reign Full Alt Art 177/198 PSA 10 Gem Mint price | Pokemon Galarian Moltres V Chilling Reign Full Alt Art 177/198 PSA 10 Gem Mint discount | eBay Pokemon Galarian Moltres V Chilling Reign Full Alt Art 177/198 PSA 10 Gem Mint","61","/merchant/ebay/",""
"ebay-item-327245566423","https://dealdesk.fyi/deals/ebay-item-327245566423/","CGC 10 GEM MINT Raichu 12/108 EX Power Keepers Holo Pokemon Card deal: $299.00 | DealDesk","CGC 10 GEM MINT Raichu 12/108 EX Power Keepers Holo Pokemon Card deal","CGC 10 GEM MINT Raichu 12/108 EX Power Keepers Holo Pokemon Card price | CGC 10 GEM MINT Raichu 12/108 EX Power Keepers Holo Pokemon Card discount | eBay CGC 10 GEM MINT Raichu 12/108 EX Power Keepers Holo Pokemon Card","64","/merchant/ebay/",""
"ebay-item-336580549702","https://dealdesk.fyi/deals/ebay-item-336580549702/","PIKACHU WOTC Black Star Promo #27 PSA 10 Vintage Pokemon deal: $499.99 | DealDesk","PIKACHU WOTC Black Star Promo #27 PSA 10 Vintage Pokemon deal","PIKACHU WOTC Black Star Promo #27 PSA 10 Vintage Pokemon price | PIKACHU WOTC Black Star Promo #27 PSA 10 Vintage Pokemon discount | eBay PIKACHU WOTC Black Star Promo #27 PSA 10 Vintage Pokemon","61","/merchant/ebay/",""
"ebay-item-327275294399","https://dealdesk.fyi/deals/ebay-item-327275294399/","CGC 8 NM/MINT Squirtle 83/112 EX Fire Red & Leaf Green Reverse Holo Pokemon Card deal: $499.00 | DealDesk","CGC 8 NM/MINT Squirtle 83/112 EX Fire Red & Leaf Green Reverse Holo Pokemon Card deal","CGC 8 NM/MINT Squirtle 83/112 EX Fire Red & Leaf Green Reverse Holo Pokemon Card price | CGC 8 NM/MINT Squirtle 83/112 EX Fire Red & Leaf Green Reverse Holo Pokemon Card discount | eBay CGC 8 NM/MINT Squirtle 83/112 EX Fire Red & Leaf Green Reverse Holo Pokemon Card","64","/merchant/ebay/",""
"ebay-item-327288975441","https://dealdesk.fyi/deals/ebay-item-327288975441/","CGC 7 Hitmonchan 7/102 Base Set 1st Edition Shadowless Holo Pokemon Card deal: $499.00 | DealDesk","CGC 7 Hitmonchan 7/102 Base Set 1st Edition Shadowless Holo Pokemon Card deal","CGC 7 Hitmonchan 7/102 Base Set 1st Edition Shadowless Holo Pokemon Card price | CGC 7 Hitmonchan 7/102 Base Set 1st Edition Shadowless Holo Pokemon Card discount | eBay CGC 7 Hitmonchan 7/102 Base Set 1st Edition Shadowless Holo Pokemon Card","64","/merchant/ebay/",""
"ebay-item-327271795899","https://dealdesk.fyi/deals/ebay-item-327271795899/","CGC 8 Rocket's Snorlax EX 104/109 EX Team Rocket Returns Holo Pokemon Card deal: $2,500.00 | DealDesk","CGC 8 Rocket's Snorlax EX 104/109 EX Team Rocket Returns Holo Pokemon Card deal","CGC 8 Rocket's Snorlax EX 104/109 EX Team Rocket Returns Holo Pokemon Card price | CGC 8 Rocket's Snorlax EX 104/109 EX Team Rocket Returns Holo Pokemon Card discount | eBay CGC 8 Rocket's Snorlax EX 104/109 EX Team Rocket Returns Holo Pokemon Card","64","/merchant/ebay/",""
"ebay-item-287449771308","https://dealdesk.fyi/deals/ebay-item-287449771308/","Pokemon Kingdra ex Holo EX Dragon 92/97 PSA 10 Gem Mint deal: $3,100.00 | DealDesk","Pokemon Kingdra ex Holo EX Dragon 92/97 PSA 10 Gem Mint deal","Pokemon Kingdra ex Holo EX Dragon 92/97 PSA 10 Gem Mint price | Pokemon Kingdra ex Holo EX Dragon 92/97 PSA 10 Gem Mint discount | eBay Pokemon Kingdra ex Holo EX Dragon 92/97 PSA 10 Gem Mint","61","/merchant/ebay/",""
"ebay-item-327253354513","https://dealdesk.fyi/deals/ebay-item-327253354513/","CGC 9 MINT Mewtwo 9/100 Majestic Dawn Holo Pokemon Card deal: $299.00 | DealDesk","CGC 9 MINT Mewtwo 9/100 Majestic Dawn Holo Pokemon Card deal","CGC 9 MINT Mewtwo 9/100 Majestic Dawn Holo Pokemon Card price | CGC 9 MINT Mewtwo 9/100 Majestic Dawn Holo Pokemon Card discount | eBay CGC 9 MINT Mewtwo 9/100 Majestic Dawn Holo Pokemon Card","64","/merchant/ebay/",""
"ebay-item-287479728691","https://dealdesk.fyi/deals/ebay-item-287479728691/","Pokemon Pikachu Holo Black Star Promo 012 PSA 9 Mint deal: $850.00 | DealDesk","Pokemon Pikachu Holo Black Star Promo 012 PSA 9 Mint deal","Pokemon Pikachu Holo Black Star Promo 012 PSA 9 Mint price | Pokemon Pikachu Holo Black Star Promo 012 PSA 9 Mint discount | eBay Pokemon Pikachu Holo Black Star Promo 012 PSA 9 Mint","61","/merchant/ebay/",""
"ebay-item-327275294413","https://dealdesk.fyi/deals/ebay-item-327275294413/","CGC 8.5 Pikachu 78/110 EX Holon Phantoms Reverse Holo Stamped Pokemon Card deal: $399.00 | DealDesk","CGC 8.5 Pikachu 78/110 EX Holon Phantoms Reverse Holo Stamped Pokemon Card deal","CGC 8.5 Pikachu 78/110 EX Holon Phantoms Reverse Holo Stamped Pokemon Card price | CGC 8.5 Pikachu 78/110 EX Holon Phantoms Reverse Holo Stamped Pokemon Card discount | eBay CGC 8.5 Pikachu 78/110 EX Holon Phantoms Reverse Holo Stamped Pokemon Card","64","/merchant/ebay/",""
"ebay-item-327277014029","https://dealdesk.fyi/deals/ebay-item-327277014029/","CGC 8 NM/MINT Dark Raichu 83/82 Team Rocket 1st Edition Holo Swirl Pokemon Card deal: $350.00 | DealDesk","CGC 8 NM/MINT Dark Raichu 83/82 Team Rocket 1st Edition Holo Swirl Pokemon Card deal","CGC 8 NM/MINT Dark Raichu 83/82 Team Rocket 1st Edition Holo Swirl Pokemon Card price | CGC 8 NM/MINT Dark Raichu 83/82 Team Rocket 1st Edition Holo Swirl Pokemon Card discount | eBay CGC 8 NM/MINT Dark Raichu 83/82 Team Rocket 1st Edition Holo Swirl Pokemon Card","64","/merchant/ebay/",""
"ebay-item-287491018713","https://dealdesk.fyi/deals/ebay-item-287491018713/","Pokemon Charmeleon Holo EX Dragon 99/97 PSA 9 Mint deal: $474.99 | DealDesk","Pokemon Charmeleon Holo EX Dragon 99/97 PSA 9 Mint deal","Pokemon Charmeleon Holo EX Dragon 99/97 PSA 9 Mint price | Pokemon Charmeleon Holo EX Dragon 99/97 PSA 9 Mint discount | eBay Pokemon Charmeleon Holo EX Dragon 99/97 PSA 9 Mint","61","/merchant/ebay/",""
"ebay-item-287487665999","https://dealdesk.fyi/deals/ebay-item-287487665999/","Son Goku Super Dragon Ball Heroes Meteor Mission 3 014 Dramatic Art PSA 9 deal: $250.00 | DealDesk","Son Goku Super Dragon Ball Heroes Meteor Mission 3 014 Dramatic Art PSA 9 deal","Son Goku Super Dragon Ball Heroes Meteor Mission 3 014 Dramatic Art PSA 9 price | Son Goku Super Dragon Ball Heroes Meteor Mission 3 014 Dramatic Art PSA 9 discount | eBay Son Goku Super Dragon Ball Heroes Meteor Mission 3 014 Dramatic Art PSA 9","61","/merchant/ebay/",""
"ebay-item-227451364505","https://dealdesk.fyi/deals/ebay-item-227451364505/","2019 POKEMON SUN & MOON UNIFIED MINDS #35 SLOWPOKE & PSYDUCK GX PSA 10 deal: $699.00 | DealDesk","2019 POKEMON SUN & MOON UNIFIED MINDS #35 SLOWPOKE & PSYDUCK GX PSA 10 deal","2019 POKEMON SUN & MOON UNIFIED MINDS #35 SLOWPOKE & PSYDUCK GX PSA 10 price | 2019 POKEMON SUN & MOON UNIFIED MINDS #35 SLOWPOKE & PSYDUCK GX PSA 10 discount | eBay 2019 POKEMON SUN & MOON UNIFIED MINDS #35 SLOWPOKE & PSYDUCK GX PSA 10","61","/merchant/ebay/",""
"ebay-item-327253354504","https://dealdesk.fyi/deals/ebay-item-327253354504/","CGC 8 NM/MINT Charizard 146/144 Skyridge Holo Pokemon Card deal: $17,999.00 | DealDesk","CGC 8 NM/MINT Charizard 146/144 Skyridge Holo Pokemon Card deal","CGC 8 NM/MINT Charizard 146/144 Skyridge Holo Pokemon Card price | CGC 8 NM/MINT Charizard 146/144 Skyridge Holo Pokemon Card discount | eBay CGC 8 NM/MINT Charizard 146/144 Skyridge Holo Pokemon Card","64","/merchant/ebay/",""
"ebay-item-327285384959","https://dealdesk.fyi/deals/ebay-item-327285384959/","CGC 9.5 MINT+ Tyranitar 12/75 Neo Discovery Holo Swirl Pokemon Card deal: $450.00 | DealDesk","CGC 9.5 MINT+ Tyranitar 12/75 Neo Discovery Holo Swirl Pokemon Card deal","CGC 9.5 MINT+ Tyranitar 12/75 Neo Discovery Holo Swirl Pokemon Card price | CGC 9.5 MINT+ Tyranitar 12/75 Neo Discovery Holo Swirl Pokemon Card discount | eBay CGC 9.5 MINT+ Tyranitar 12/75 Neo Discovery Holo Swirl Pokemon Card","64","/merchant/ebay/",""
"ebay-item-287491018806","https://dealdesk.fyi/deals/ebay-item-287491018806/","Pokemon Dark Machamp Holo Team Rocket 10 1st Edition PSA 9 Mint deal: $390.00 | DealDesk","Pokemon Dark Machamp Holo Team Rocket 10 1st Edition PSA 9 Mint deal","Pokemon Dark Machamp Holo Team Rocket 10 1st Edition PSA 9 Mint price | Pokemon Dark Machamp Holo Team Rocket 10 1st Edition PSA 9 Mint discount | eBay Pokemon Dark Machamp Holo Team Rocket 10 1st Edition PSA 9 Mint","61","/merchant/ebay/",""
"ebay-item-287493408060","https://dealdesk.fyi/deals/ebay-item-287493408060/","Pokemon M Charizard EX XY Evolutions 101/108 Ultra Rare CGC 10 Gem Mint deal: $379.00 | DealDesk","Pokemon M Charizard EX XY Evolutions 101/108 Ultra Rare CGC 10 Gem Mint deal","Pokemon M Charizard EX XY Evolutions 101/108 Ultra Rare CGC 10 Gem Mint price | Pokemon M Charizard EX XY Evolutions 101/108 Ultra Rare CGC 10 Gem Mint discount | eBay Pokemon M Charizard EX XY Evolutions 101/108 Ultra Rare CGC 10 Gem Mint","61","/merchant/ebay/",""
"ebay-item-227447530389","https://dealdesk.fyi/deals/ebay-item-227447530389/","2026 POKEMON CHAOS RISING ILLUSTRATION RARE #116 MEGA GRENINJA EX PSA 10 deal: $709.00 | DealDesk","2026 POKEMON CHAOS RISING ILLUSTRATION RARE #116 MEGA GRENINJA EX PSA 10 deal","2026 POKEMON CHAOS RISING ILLUSTRATION RARE #116 MEGA GRENINJA EX PSA 10 price | 2026 POKEMON CHAOS RISING ILLUSTRATION RARE #116 MEGA GRENINJA EX PSA 10 discount | eBay 2026 POKEMON CHAOS RISING ILLUSTRATION RARE #116 MEGA GRENINJA EX PSA 10","61","/merchant/ebay/",""
"ebay-item-327290708802","https://dealdesk.fyi/deals/ebay-item-327290708802/","Yugioh Blue-Eyes White Dragon GFP2-EN175 Ghost Rare 1st Ed NM deal: $349.99 | DealDesk","Yugioh Blue-Eyes White Dragon GFP2-EN175 Ghost Rare 1st Ed NM deal","Yugioh Blue-Eyes White Dragon GFP2-EN175 Ghost Rare 1st Ed NM price | Yugioh Blue-Eyes White Dragon GFP2-EN175 Ghost Rare 1st Ed NM discount | eBay Yugioh Blue-Eyes White Dragon GFP2-EN175 Ghost Rare 1st Ed NM","70","/merchant/ebay/",""
"ebay-item-287478122379","https://dealdesk.fyi/deals/ebay-item-287478122379/","Pokemon Celebi Reverse Holo Shining Fates 003/072 PSA 10 Gem Mint deal: $300.00 | DealDesk","Pokemon Celebi Reverse Holo Shining Fates 003/072 PSA 10 Gem Mint deal","Pokemon Celebi Reverse Holo Shining Fates 003/072 PSA 10 Gem Mint price | Pokemon Celebi Reverse Holo Shining Fates 003/072 PSA 10 Gem Mint discount | eBay Pokemon Celebi Reverse Holo Shining Fates 003/072 PSA 10 Gem Mint","61","/merchant/ebay/",""
"ebay-item-327285384962","https://dealdesk.fyi/deals/ebay-item-327285384962/","CGC 9 MINT Espeon 1/75 Neo Discovery Holo Pokemon Card deal: $599.00 | DealDesk","CGC 9 MINT Espeon 1/75 Neo Discovery Holo Pokemon Card deal","CGC 9 MINT Espeon 1/75 Neo Discovery Holo Pokemon Card price | CGC 9 MINT Espeon 1/75 Neo Discovery Holo Pokemon Card discount | eBay CGC 9 MINT Espeon 1/75 Neo Discovery Holo Pokemon Card","64","/merchant/ebay/",""
"ebay-item-327283849822","https://dealdesk.fyi/deals/ebay-item-327283849822/","CGC 7 NEAR MINT Umbreon Prime 86/90 Undaunted Holo Pokemon Card deal: $699.00 | DealDesk","CGC 7 NEAR MINT Umbreon Prime 86/90 Undaunted Holo Pokemon Card deal","CGC 7 NEAR MINT Umbreon Prime 86/90 Undaunted Holo Pokemon Card price | CGC 7 NEAR MINT Umbreon Prime 86/90 Undaunted Holo Pokemon Card discount | eBay CGC 7 NEAR MINT Umbreon Prime 86/90 Undaunted Holo Pokemon Card","64","/merchant/ebay/",""
"ebay-item-227455564619","https://dealdesk.fyi/deals/ebay-item-227455564619/","2025 POKEMON PFL EN-PHANTASMAL FLAMES #125 MEGA CHARIZARD X EX PSA 9 deal: $789.00 | DealDesk","2025 POKEMON PFL EN-PHANTASMAL FLAMES #125 MEGA CHARIZARD X EX PSA 9 deal","2025 POKEMON PFL EN-PHANTASMAL FLAMES #125 MEGA CHARIZARD X EX PSA 9 price | 2025 POKEMON PFL EN-PHANTASMAL FLAMES #125 MEGA CHARIZARD X EX PSA 9 discount | eBay 2025 POKEMON PFL EN-PHANTASMAL FLAMES #125 MEGA CHARIZARD X EX PSA 9","61","/merchant/ebay/",""
"ebay-item-287481749032","https://dealdesk.fyi/deals/ebay-item-287481749032/","Pokemon Charizard ex Holo EX Fire Red & Leaf Green 105 PSA 9 Mint deal: $6,500.00 | DealDesk","Pokemon Charizard ex Holo EX Fire Red & Leaf Green 105 PSA 9 Mint deal","Pokemon Charizard ex Holo EX Fire Red & Leaf Green 105 PSA 9 Mint price | Pokemon Charizard ex Holo EX Fire Red & Leaf Green 105 PSA 9 Mint discount | eBay Pokemon Charizard ex Holo EX Fire Red & Leaf Green 105 PSA 9 Mint","61","/merchant/ebay/",""
"ebay-item-327279033041","https://dealdesk.fyi/deals/ebay-item-327279033041/","PROWORKS 84"" 7 FT 3 Point Land Leveler Plane Grader Implement Cat 1 Tractors USA deal: $1,549.99 | DealDesk","PROWORKS 84"" 7 FT 3 Point Land Leveler Plane Grader Implement Cat 1 Tractors USA deal","PROWORKS 84"" 7 FT 3 Point Land Leveler Plane Grader Implement Cat 1 Tractors USA price | PROWORKS 84"" 7 FT 3 Point Land Leveler Plane Grader Implement Cat 1 Tractors USA discount | eBay PROWORKS 84"" 7 FT 3 Point Land Leveler Plane Grader Implement Cat 1 Tractors USA","64","/merchant/ebay/",""
"ebay-item-327285745905","https://dealdesk.fyi/deals/ebay-item-327285745905/","PROWORKS 42"" Land Plane Grading Leveler Scarifier Teeth Fits Mini Skid Steer USA deal: $999.99 | DealDesk","PROWORKS 42"" Land Plane Grading Leveler Scarifier Teeth Fits Mini Skid Steer USA deal","PROWORKS 42"" Land Plane Grading Leveler Scarifier Teeth Fits Mini Skid Steer USA price | PROWORKS 42"" Land Plane Grading Leveler Scarifier Teeth Fits Mini Skid Steer USA discount | eBay PROWORKS 42"" Land Plane Grading Leveler Scarifier Teeth Fits Mini Skid Steer USA","64","/merchant/ebay/",""
"ebay-item-203615307852","https://dealdesk.fyi/deals/ebay-item-203615307852/","Danuser Python Fence Wire Winder for Auger Post Hole Digger, 2"" Hex Shaft deal: $749.99 | DealDesk","Danuser Python Fence Wire Winder for Auger Post Hole Digger, 2"" Hex Shaft deal","Danuser Python Fence Wire Winder for Auger Post Hole Digger, 2"" Hex Shaft price | Danuser Python Fence Wire Winder for Auger Post Hole Digger, 2"" Hex Shaft discount | eBay Danuser Python Fence Wire Winder for Auger Post Hole Digger, 2"" Hex Shaft","64","/merchant/ebay/",""
"ebay-item-204658924475","https://dealdesk.fyi/deals/ebay-item-204658924475/","3 Tine Ripper Soil Conditioner Attachment Fits Toro Dingo Mini Skid Steer Loader deal: $259.99 | DealDesk","3 Tine Ripper Soil Conditioner Attachment Fits Toro Dingo Mini Skid Steer Loader deal","3 Tine Ripper Soil Conditioner Attachment Fits Toro Dingo Mini Skid Steer Loader price | 3 Tine Ripper Soil Conditioner Attachment Fits Toro Dingo Mini Skid Steer Loader discount | eBay 3 Tine Ripper Soil Conditioner Attachment Fits Toro Dingo Mini Skid Steer Loader","64","/merchant/ebay/",""
"ebay-item-195425001260","https://dealdesk.fyi/deals/ebay-item-195425001260/","Danuser 10"" Hex Stump Auger Planer With Steel Cutting Blades and Pilot 190127 deal: $824.99 | DealDesk","Danuser 10"" Hex Stump Auger Planer With Steel Cutting Blades and Pilot 190127 deal","Danuser 10"" Hex Stump Auger Planer With Steel Cutting Blades and Pilot 190127 price | Danuser 10"" Hex Stump Auger Planer With Steel Cutting Blades and Pilot 190127 discount | eBay Danuser 10"" Hex Stump Auger Planer With Steel Cutting Blades and Pilot 190127","61","/merchant/ebay/",""
"ebay-item-298409332039","https://dealdesk.fyi/deals/ebay-item-298409332039/","Tool-Tuff Post Hole Digger Gearbox deal: $279.99 | DealDesk","Tool-Tuff Post Hole Digger Gearbox deal","Tool-Tuff Post Hole Digger Gearbox price | Tool-Tuff Post Hole Digger Gearbox discount | eBay Tool-Tuff Post Hole Digger Gearbox","64","/merchant/ebay/",""
"ebay-item-292455788016","https://dealdesk.fyi/deals/ebay-item-292455788016/","PTO Drive Line Replacement, SpeeCo Model 65 Post Hole Digger 1-3/8x6 to 1-1/4 Rd deal: $139.99 | DealDesk","PTO Drive Line Replacement, SpeeCo Model 65 Post Hole Digger 1-3/8x6 to 1-1/4 Rd deal","PTO Drive Line Replacement, SpeeCo Model 65 Post Hole Digger 1-3/8x6 to 1-1/4 Rd price | PTO Drive Line Replacement, SpeeCo Model 65 Post Hole Digger 1-3/8x6 to 1-1/4 Rd discount | eBay PTO Drive Line Replacement, SpeeCo Model 65 Post Hole Digger 1-3/8x6 to 1-1/4 Rd","64","/merchant/ebay/",""
"ebay-item-202389180211","https://dealdesk.fyi/deals/ebay-item-202389180211/","Lowe 2"" Female Hex to 2"" Male Round Auger Bit Adapter Conversion Heavy Duty deal: $230.99 | DealDesk","Lowe 2"" Female Hex to 2"" Male Round Auger Bit Adapter Conversion Heavy Duty deal","Lowe 2"" Female Hex to 2"" Male Round Auger Bit Adapter Conversion Heavy Duty price | Lowe 2"" Female Hex to 2"" Male Round Auger Bit Adapter Conversion Heavy Duty discount | eBay Lowe 2"" Female Hex to 2"" Male Round Auger Bit Adapter Conversion Heavy Duty","64","/merchant/ebay/",""
"ebay-item-323921628259","https://dealdesk.fyi/deals/ebay-item-323921628259/","Lowe 14"" Auger Extension Attachment Fits 2-9/16"" Round Collar Post Hole Digger deal: $131.99 | DealDesk","Lowe 14"" Auger Extension Attachment Fits 2-9/16"" Round Collar Post Hole Digger deal","Lowe 14"" Auger Extension Attachment Fits 2-9/16"" Round Collar Post Hole Digger price | Lowe 14"" Auger Extension Attachment Fits 2-9/16"" Round Collar Post Hole Digger discount | eBay Lowe 14"" Auger Extension Attachment Fits 2-9/16"" Round Collar Post Hole Digger","61","/merchant/ebay/",""
"ebay-item-192622379291","https://dealdesk.fyi/deals/ebay-item-192622379291/","Lowe 2 9/16"" Female Round to 2"" Male Hex Auger Bit Adapter Conversion Heavy Duty deal: $179.99 | DealDesk","Lowe 2 9/16"" Female Round to 2"" Male Hex Auger Bit Adapter Conversion Heavy Duty deal","Lowe 2 9/16"" Female Round to 2"" Male Hex Auger Bit Adapter Conversion Heavy Duty price | Lowe 2 9/16"" Female Round to 2"" Male Hex Auger Bit Adapter Conversion Heavy Duty discount | eBay Lowe 2 9/16"" Female Round to 2"" Male Hex Auger Bit Adapter Conversion Heavy Duty","64","/merchant/ebay/",""
"ebay-item-202590872685","https://dealdesk.fyi/deals/ebay-item-202590872685/","Lowe 36"" Length 2"" Hex Shaft Auger Bit Post Hole Digger Extension Attachment deal: $284.99 | DealDesk","Lowe 36"" Length 2"" Hex Shaft Auger Bit Post Hole Digger Extension Attachment deal","Lowe 36"" Length 2"" Hex Shaft Auger Bit Post Hole Digger Extension Attachment price | Lowe 36"" Length 2"" Hex Shaft Auger Bit Post Hole Digger Extension Attachment discount | eBay Lowe 36"" Length 2"" Hex Shaft Auger Bit Post Hole Digger Extension Attachment","61","/merchant/ebay/",""
"ebay-item-198523662918","https://dealdesk.fyi/deals/ebay-item-198523662918/","PROWORKS 72″ 6 ft Rotary Cutter Bush Hog Cat 1 Hitch Tractor Mower 40 HP USA deal: $2,399.99 | DealDesk","PROWORKS 72″ 6 ft Rotary Cutter Bush Hog Cat 1 Hitch Tractor Mower 40 HP USA deal","PROWORKS 72″ 6 ft Rotary Cutter Bush Hog Cat 1 Hitch Tractor Mower 40 HP USA price | PROWORKS 72″ 6 ft Rotary Cutter Bush Hog Cat 1 Hitch Tractor Mower 40 HP USA discount | eBay PROWORKS 72″ 6 ft Rotary Cutter Bush Hog Cat 1 Hitch Tractor Mower 40 HP USA","64","/merchant/ebay/",""
"ebay-item-202960882640","https://dealdesk.fyi/deals/ebay-item-202960882640/","42"" 2,200 Pound Pallet Forks For Toro Dingo Ditch Witch Vermeer Mini Skid Steer deal: $849.99 | DealDesk","42"" 2,200 Pound Pallet Forks For Toro Dingo Ditch Witch Vermeer Mini Skid Steer deal","42"" 2,200 Pound Pallet Forks For Toro Dingo Ditch Witch Vermeer Mini Skid Steer price | 42"" 2,200 Pound Pallet Forks For Toro Dingo Ditch Witch Vermeer Mini Skid Steer discount | eBay 42"" 2,200 Pound Pallet Forks For Toro Dingo Ditch Witch Vermeer Mini Skid Steer","64","/merchant/ebay/",""
"ebay-item-327239634064","https://dealdesk.fyi/deals/ebay-item-327239634064/","80″ Boom Pole Straight Jib Hoist Lift Attachment Fits Skid Steer Quick Attach deal: $799.99 | DealDesk","80″ Boom Pole Straight Jib Hoist Lift Attachment Fits Skid Steer Quick Attach deal","80″ Boom Pole Straight Jib Hoist Lift Attachment Fits Skid Steer Quick Attach price | 80″ Boom Pole Straight Jib Hoist Lift Attachment Fits Skid Steer Quick Attach discount | eBay 80″ Boom Pole Straight Jib Hoist Lift Attachment Fits Skid Steer Quick Attach","64","/merchant/ebay/",""
"ebay-item-196250172215","https://dealdesk.fyi/deals/ebay-item-196250172215/","5 Tine Ripper Soil Tiller Fits Skid Steer Quick Attach - Free Shipping deal: $624.99 | DealDesk","5 Tine Ripper Soil Tiller Fits Skid Steer Quick Attach - Free Shipping deal","5 Tine Ripper Soil Tiller Fits Skid Steer Quick Attach - Free Shipping price | 5 Tine Ripper Soil Tiller Fits Skid Steer Quick Attach - Free Shipping discount | eBay 5 Tine Ripper Soil Tiller Fits Skid Steer Quick Attach - Free Shipping","64","/merchant/ebay/",""
"ebay-item-202641976366","https://dealdesk.fyi/deals/ebay-item-202641976366/","Danuser 2"" Round to 2"" Hex Shaft Auger Bit Adapter Conversion Part 10925 deal: $184.99 | DealDesk","Danuser 2"" Round to 2"" Hex Shaft Auger Bit Adapter Conversion Part 10925 deal","Danuser 2"" Round to 2"" Hex Shaft Auger Bit Adapter Conversion Part 10925 price | Danuser 2"" Round to 2"" Hex Shaft Auger Bit Adapter Conversion Part 10925 discount | eBay Danuser 2"" Round to 2"" Hex Shaft Auger Bit Adapter Conversion Part 10925","64","/merchant/ebay/",""
"ebay-item-203643760982","https://dealdesk.fyi/deals/ebay-item-203643760982/","Danuser 2 9/16"" Round to 2"" Hex Shaft Auger Bit Adapter Conversion Part 10923 deal: $199.99 | DealDesk","Danuser 2 9/16"" Round to 2"" Hex Shaft Auger Bit Adapter Conversion Part 10923 deal","Danuser 2 9/16"" Round to 2"" Hex Shaft Auger Bit Adapter Conversion Part 10923 price | Danuser 2 9/16"" Round to 2"" Hex Shaft Auger Bit Adapter Conversion Part 10923 discount | eBay Danuser 2 9/16"" Round to 2"" Hex Shaft Auger Bit Adapter Conversion Part 10923","64","/merchant/ebay/",""
"ebay-item-327283134376","https://dealdesk.fyi/deals/ebay-item-327283134376/","PROWORKS 60"" 5 FT 3 Point Land Leveler Plane Grader Implement Cat 1 Tractors USA deal: $1,349.99 | DealDesk","PROWORKS 60"" 5 FT 3 Point Land Leveler Plane Grader Implement Cat 1 Tractors USA deal","PROWORKS 60"" 5 FT 3 Point Land Leveler Plane Grader Implement Cat 1 Tractors USA price | PROWORKS 60"" 5 FT 3 Point Land Leveler Plane Grader Implement Cat 1 Tractors USA discount | eBay PROWORKS 60"" 5 FT 3 Point Land Leveler Plane Grader Implement Cat 1 Tractors USA","64","/merchant/ebay/",""
"ebay-item-202705568602","https://dealdesk.fyi/deals/ebay-item-202705568602/","Lowe 24"" Length 2"" Hex Shaft Auger Bit Drive Extension Attachment Heavy Duty USA deal: $199.99 | DealDesk","Lowe 24"" Length 2"" Hex Shaft Auger Bit Drive Extension Attachment Heavy Duty USA deal","Lowe 24"" Length 2"" Hex Shaft Auger Bit Drive Extension Attachment Heavy Duty USA price | Lowe 24"" Length 2"" Hex Shaft Auger Bit Drive Extension Attachment Heavy Duty USA discount | eBay Lowe 24"" Length 2"" Hex Shaft Auger Bit Drive Extension Attachment Heavy Duty USA","61","/merchant/ebay/",""
"ebay-item-323878244875","https://dealdesk.fyi/deals/ebay-item-323878244875/","48"" Root Rake Grapple Attachment Fits John Deere Compact Tractor Loader deal: $1,599.99 | DealDesk","48"" Root Rake Grapple Attachment Fits John Deere Compact Tractor Loader deal","48"" Root Rake Grapple Attachment Fits John Deere Compact Tractor Loader price | 48"" Root Rake Grapple Attachment Fits John Deere Compact Tractor Loader discount | eBay 48"" Root Rake Grapple Attachment Fits John Deere Compact Tractor Loader","64","/merchant/ebay/",""
"ebay-item-325351383059","https://dealdesk.fyi/deals/ebay-item-325351383059/","Tree Boom Pole Material Jib Hoist Attachment Fits Mini Skid Steer Toro Vermeer deal: $509.99 | DealDesk","Tree Boom Pole Material Jib Hoist Attachment Fits Mini Skid Steer Toro Vermeer deal","Tree Boom Pole Material Jib Hoist Attachment Fits Mini Skid Steer Toro Vermeer price | Tree Boom Pole Material Jib Hoist Attachment Fits Mini Skid Steer Toro Vermeer discount | eBay Tree Boom Pole Material Jib Hoist Attachment Fits Mini Skid Steer Toro Vermeer","64","/merchant/ebay/",""
"ebay-item-324158821246","https://dealdesk.fyi/deals/ebay-item-324158821246/","Hydraulic Backhoe Attachment with 12"" Bucket Fits Toro Dingo Mini Skid Steer USA deal: $1,099.99 | DealDesk","Hydraulic Backhoe Attachment with 12"" Bucket Fits Toro Dingo Mini Skid Steer USA deal","Hydraulic Backhoe Attachment with 12"" Bucket Fits Toro Dingo Mini Skid Steer USA price | Hydraulic Backhoe Attachment with 12"" Bucket Fits Toro Dingo Mini Skid Steer USA discount | eBay Hydraulic Backhoe Attachment with 12"" Bucket Fits Toro Dingo Mini Skid Steer USA","61","/merchant/ebay/",""
"ebay-item-195983154078","https://dealdesk.fyi/deals/ebay-item-195983154078/","Lowe SQ-4-3 Skid Steer Auger Bit 4"" Wide, 2"" Hex Collar Shaft, 36"" Tall deal: $259.99 | DealDesk","Lowe SQ-4-3 Skid Steer Auger Bit 4"" Wide, 2"" Hex Collar Shaft, 36"" Tall deal","Lowe SQ-4-3 Skid Steer Auger Bit 4"" Wide, 2"" Hex Collar Shaft, 36"" Tall price | Lowe SQ-4-3 Skid Steer Auger Bit 4"" Wide, 2"" Hex Collar Shaft, 36"" Tall discount | eBay Lowe SQ-4-3 Skid Steer Auger Bit 4"" Wide, 2"" Hex Collar Shaft, 36"" Tall","71","/merchant/ebay/","/compare/lowe-sq-skid-steer/"
"ebay-item-203685684184","https://dealdesk.fyi/deals/ebay-item-203685684184/","72"" Dual Cylinder Root Grapple Bucket Attachment Fits Kubota Kioti Quick Attach deal: $1,594.99 | DealDesk","72"" Dual Cylinder Root Grapple Bucket Attachment Fits Kubota Kioti Quick Attach deal","72"" Dual Cylinder Root Grapple Bucket Attachment Fits Kubota Kioti Quick Attach price | 72"" Dual Cylinder Root Grapple Bucket Attachment Fits Kubota Kioti Quick Attach discount | eBay 72"" Dual Cylinder Root Grapple Bucket Attachment Fits Kubota Kioti Quick Attach","61","/merchant/ebay/",""
"ebay-item-327277972481","https://dealdesk.fyi/deals/ebay-item-327277972481/","PROWORKS 72″ 6 ft Rotary Cutter Bush Hog Cat 1 2 Hitch Tractor Mower 90 HP USA deal: $2,999.99 | DealDesk","PROWORKS 72″ 6 ft Rotary Cutter Bush Hog Cat 1 2 Hitch Tractor Mower 90 HP USA deal","PROWORKS 72″ 6 ft Rotary Cutter Bush Hog Cat 1 2 Hitch Tractor Mower 90 HP USA price | PROWORKS 72″ 6 ft Rotary Cutter Bush Hog Cat 1 2 Hitch Tractor Mower 90 HP USA discount | eBay PROWORKS 72″ 6 ft Rotary Cutter Bush Hog Cat 1 2 Hitch Tractor Mower 90 HP USA","64","/merchant/ebay/",""
"ebay-item-202629670594","https://dealdesk.fyi/deals/ebay-item-202629670594/","Lowe SQ-4-3 Skid Steer Auger Bit 4"" Wide, 2-9/16"" Round Collar Shaft, 36"" Tall deal: $259.99 | DealDesk","Lowe SQ-4-3 Skid Steer Auger Bit 4"" Wide, 2-9/16"" Round Collar Shaft, 36"" Tall deal","Lowe SQ-4-3 Skid Steer Auger Bit 4"" Wide, 2-9/16"" Round Collar Shaft, 36"" Tall price | Lowe SQ-4-3 Skid Steer Auger Bit 4"" Wide, 2-9/16"" Round Collar Shaft, 36"" Tall discount | eBay Lowe SQ-4-3 Skid Steer Auger Bit 4"" Wide, 2-9/16"" Round Collar Shaft, 36"" Tall","71","/merchant/ebay/","/compare/lowe-sq-skid-steer/"
"ebay-item-194427559918","https://dealdesk.fyi/deals/ebay-item-194427559918/","Danuser 24"" Length 2"" Hex Shaft Auger Bit Extension Attachment Heavy Duty 10911 deal: $224.99 | DealDesk","Danuser 24"" Length 2"" Hex Shaft Auger Bit Extension Attachment Heavy Duty 10911 deal","Danuser 24"" Length 2"" Hex Shaft Auger Bit Extension Attachment Heavy Duty 10911 price | Danuser 24"" Length 2"" Hex Shaft Auger Bit Extension Attachment Heavy Duty 10911 discount | eBay Danuser 24"" Length 2"" Hex Shaft Auger Bit Extension Attachment Heavy Duty 10911","61","/merchant/ebay/",""
"ebay-item-323832713279","https://dealdesk.fyi/deals/ebay-item-323832713279/","Lowe 14"" Length Extension for 2"" Hex Male Female Auger Drive Bit Attachment deal: $175.99 | DealDesk","Lowe 14"" Length Extension for 2"" Hex Male Female Auger Drive Bit Attachment deal","Lowe 14"" Length Extension for 2"" Hex Male Female Auger Drive Bit Attachment price | Lowe 14"" Length Extension for 2"" Hex Male Female Auger Drive Bit Attachment discount | eBay Lowe 14"" Length Extension for 2"" Hex Male Female Auger Drive Bit Attachment","61","/merchant/ebay/",""
"ebay-item-276785201004","https://dealdesk.fyi/deals/ebay-item-276785201004/","9"" Compact Industrial Duty Earth Auger 2 9/16"" Round Drive Interchangeable Edges deal: $299.99 | DealDesk","9"" Compact Industrial Duty Earth Auger 2 9/16"" Round Drive Interchangeable Edges deal","9"" Compact Industrial Duty Earth Auger 2 9/16"" Round Drive Interchangeable Edges price | 9"" Compact Industrial Duty Earth Auger 2 9/16"" Round Drive Interchangeable Edges discount | eBay 9"" Compact Industrial Duty Earth Auger 2 9/16"" Round Drive Interchangeable Edges","64","/merchant/ebay/",""
"ebay-item-198502183315","https://dealdesk.fyi/deals/ebay-item-198502183315/","PROWORKS 48″ 4 ft Rotary Cutter Bush Hog Cat 1 Hitch Tractor Mower 40 HP USA deal: $1,899.99 | DealDesk","PROWORKS 48″ 4 ft Rotary Cutter Bush Hog Cat 1 Hitch Tractor Mower 40 HP USA deal","PROWORKS 48″ 4 ft Rotary Cutter Bush Hog Cat 1 Hitch Tractor Mower 40 HP USA price | PROWORKS 48″ 4 ft Rotary Cutter Bush Hog Cat 1 Hitch Tractor Mower 40 HP USA discount | eBay PROWORKS 48″ 4 ft Rotary Cutter Bush Hog Cat 1 Hitch Tractor Mower 40 HP USA","64","/merchant/ebay/",""
"ebay-item-194260544047","https://dealdesk.fyi/deals/ebay-item-194260544047/","Lowe SQ-12-3 Skid Steer Auger Bit 12"" Diameter, 2-9/16"" Round Drive, 36"" Tall deal: $467.49 | DealDesk","Lowe SQ-12-3 Skid Steer Auger Bit 12"" Diameter, 2-9/16"" Round Drive, 36"" Tall deal","Lowe SQ-12-3 Skid Steer Auger Bit 12"" Diameter, 2-9/16"" Round Drive, 36"" Tall price | Lowe SQ-12-3 Skid Steer Auger Bit 12"" Diameter, 2-9/16"" Round Drive, 36"" Tall discount | eBay Lowe SQ-12-3 Skid Steer Auger Bit 12"" Diameter, 2-9/16"" Round Drive, 36"" Tall","71","/merchant/ebay/","/compare/lowe-sq-12-skid/"
"ebay-item-198279506139","https://dealdesk.fyi/deals/ebay-item-198279506139/","Proworks 72"" Root Rake Clam Grapple Attachment John Deere Compact Tractor Loader deal: $2,124.99 | DealDesk","Proworks 72"" Root Rake Clam Grapple Attachment John Deere Compact Tractor Loader deal","Proworks 72"" Root Rake Clam Grapple Attachment John Deere Compact Tractor Loader price | Proworks 72"" Root Rake Clam Grapple Attachment John Deere Compact Tractor Loader discount | eBay Proworks 72"" Root Rake Clam Grapple Attachment John Deere Compact Tractor Loader","64","/merchant/ebay/",""
"ebay-item-202938231425","https://dealdesk.fyi/deals/ebay-item-202938231425/","Danuser 9"" x 48"" Fab Auger Bit 2"" Hex Collar Skid Steer Attachment Part 10609 deal: $474.99 | DealDesk","Danuser 9"" x 48"" Fab Auger Bit 2"" Hex Collar Skid Steer Attachment Part 10609 deal","Danuser 9"" x 48"" Fab Auger Bit 2"" Hex Collar Skid Steer Attachment Part 10609 price | Danuser 9"" x 48"" Fab Auger Bit 2"" Hex Collar Skid Steer Attachment Part 10609 discount | eBay Danuser 9"" x 48"" Fab Auger Bit 2"" Hex Collar Skid Steer Attachment Part 10609","61","/merchant/ebay/",""
"ebay-item-198323675786","https://dealdesk.fyi/deals/ebay-item-198323675786/","Danuser 4"" Wobble Auger 2"" Hex 48"" Dirtless Digging Post Hole Auger Bit 20600 deal: $536.99 | DealDesk","Danuser 4"" Wobble Auger 2"" Hex 48"" Dirtless Digging Post Hole Auger Bit 20600 deal","Danuser 4"" Wobble Auger 2"" Hex 48"" Dirtless Digging Post Hole Auger Bit 20600 price | Danuser 4"" Wobble Auger 2"" Hex 48"" Dirtless Digging Post Hole Auger Bit 20600 discount | eBay Danuser 4"" Wobble Auger 2"" Hex 48"" Dirtless Digging Post Hole Auger Bit 20600","64","/merchant/ebay/",""
"ebay-item-323864662397","https://dealdesk.fyi/deals/ebay-item-323864662397/","48"" Long 5,500 lb Capacity Pallet Forks Attachment Fits Skid Steer Quick Attach deal: $1,000.00 | DealDesk","48"" Long 5,500 lb Capacity Pallet Forks Attachment Fits Skid Steer Quick Attach deal","48"" Long 5,500 lb Capacity Pallet Forks Attachment Fits Skid Steer Quick Attach price | 48"" Long 5,500 lb Capacity Pallet Forks Attachment Fits Skid Steer Quick Attach discount | eBay 48"" Long 5,500 lb Capacity Pallet Forks Attachment Fits Skid Steer Quick Attach","64","/merchant/ebay/",""
"ebay-item-325292410689","https://dealdesk.fyi/deals/ebay-item-325292410689/","48"" Replacement Pallet Fork Blade 4,000 LB Capacity Attachment Class II ITA deal: $149.99 | DealDesk","48"" Replacement Pallet Fork Blade 4,000 LB Capacity Attachment Class II ITA deal","48"" Replacement Pallet Fork Blade 4,000 LB Capacity Attachment Class II ITA price | 48"" Replacement Pallet Fork Blade 4,000 LB Capacity Attachment Class II ITA discount | eBay 48"" Replacement Pallet Fork Blade 4,000 LB Capacity Attachment Class II ITA","61","/merchant/ebay/",""
"ebay-item-205472258721","https://dealdesk.fyi/deals/ebay-item-205472258721/","Quad Large Square Bale Hay Spear with Guard Attachment Fits Skid Steer Loader deal: $899.99 | DealDesk","Quad Large Square Bale Hay Spear with Guard Attachment Fits Skid Steer Loader deal","Quad Large Square Bale Hay Spear with Guard Attachment Fits Skid Steer Loader price | Quad Large Square Bale Hay Spear with Guard Attachment Fits Skid Steer Loader discount | eBay Quad Large Square Bale Hay Spear with Guard Attachment Fits Skid Steer Loader","61","/merchant/ebay/",""
"ebay-item-193451224712","https://dealdesk.fyi/deals/ebay-item-193451224712/","Lowe SQ-9-3H Skid Steer Auger Bit 9"" Diameter, 2"" Hex Collar Shaft, 36"" Tall deal: $395.99 | DealDesk","Lowe SQ-9-3H Skid Steer Auger Bit 9"" Diameter, 2"" Hex Collar Shaft, 36"" Tall deal","Lowe SQ-9-3H Skid Steer Auger Bit 9"" Diameter, 2"" Hex Collar Shaft, 36"" Tall price | Lowe SQ-9-3H Skid Steer Auger Bit 9"" Diameter, 2"" Hex Collar Shaft, 36"" Tall discount | eBay Lowe SQ-9-3H Skid Steer Auger Bit 9"" Diameter, 2"" Hex Collar Shaft, 36"" Tall","71","/merchant/ebay/","/compare/lowe-sq-skid-steer/"
"ebay-item-323150824781","https://dealdesk.fyi/deals/ebay-item-323150824781/","Lowe SQ-12H Skid Steer Auger Bit 12"" Diameter, 2"" Hex Collar, 48"" Tall deal: $504.99 | DealDesk","Lowe SQ-12H Skid Steer Auger Bit 12"" Diameter, 2"" Hex Collar, 48"" Tall deal","Lowe SQ-12H Skid Steer Auger Bit 12"" Diameter, 2"" Hex Collar, 48"" Tall price | Lowe SQ-12H Skid Steer Auger Bit 12"" Diameter, 2"" Hex Collar, 48"" Tall discount | eBay Lowe SQ-12H Skid Steer Auger Bit 12"" Diameter, 2"" Hex Collar, 48"" Tall","71","/merchant/ebay/","/compare/lowe-sq-12-skid/"
"ebay-item-325582240710","https://dealdesk.fyi/deals/ebay-item-325582240710/","Lowe SQ-12-3H Skid Steer Auger Bit 12"" Diameter, 2"" Hex Collar Shaft, 36"" Tall deal: $467.49 | DealDesk","Lowe SQ-12-3H Skid Steer Auger Bit 12"" Diameter, 2"" Hex Collar Shaft, 36"" Tall deal","Lowe SQ-12-3H Skid Steer Auger Bit 12"" Diameter, 2"" Hex Collar Shaft, 36"" Tall price | Lowe SQ-12-3H Skid Steer Auger Bit 12"" Diameter, 2"" Hex Collar Shaft, 36"" Tall discount | eBay Lowe SQ-12-3H Skid Steer Auger Bit 12"" Diameter, 2"" Hex Collar Shaft, 36"" Tall","71","/merchant/ebay/","/compare/lowe-sq-12-skid/"
"ebay-item-205346790808","https://dealdesk.fyi/deals/ebay-item-205346790808/","60"" Dual Tine Root Rake Clam Grapple Attachment Fits Universal Quick Attach deal: $1,549.99 | DealDesk","60"" Dual Tine Root Rake Clam Grapple Attachment Fits Universal Quick Attach deal","60"" Dual Tine Root Rake Clam Grapple Attachment Fits Universal Quick Attach price | 60"" Dual Tine Root Rake Clam Grapple Attachment Fits Universal Quick Attach discount | eBay 60"" Dual Tine Root Rake Clam Grapple Attachment Fits Universal Quick Attach","61","/merchant/ebay/",""
"ebay-item-325809210306","https://dealdesk.fyi/deals/ebay-item-325809210306/","Danuser 2"" Round to 2 9/16'' Round Shaft Auger Bit Adapter Conversion Part 10926 deal: $186.99 | DealDesk","Danuser 2"" Round to 2 9/16'' Round Shaft Auger Bit Adapter Conversion Part 10926 deal","Danuser 2"" Round to 2 9/16'' Round Shaft Auger Bit Adapter Conversion Part 10926 price | Danuser 2"" Round to 2 9/16'' Round Shaft Auger Bit Adapter Conversion Part 10926 discount | eBay Danuser 2"" Round to 2 9/16'' Round Shaft Auger Bit Adapter Conversion Part 10926","64","/merchant/ebay/",""
"ebay-item-324234098769","https://dealdesk.fyi/deals/ebay-item-324234098769/","60"" Dual Cylinder Root Grapple Bucket Attachment Fits Skid Steer Quick Attach deal: $1,699.99 | DealDesk","60"" Dual Cylinder Root Grapple Bucket Attachment Fits Skid Steer Quick Attach deal","60"" Dual Cylinder Root Grapple Bucket Attachment Fits Skid Steer Quick Attach price | 60"" Dual Cylinder Root Grapple Bucket Attachment Fits Skid Steer Quick Attach discount | eBay 60"" Dual Cylinder Root Grapple Bucket Attachment Fits Skid Steer Quick Attach","61","/merchant/ebay/",""
"ebay-item-326534543512","https://dealdesk.fyi/deals/ebay-item-326534543512/","Skid Steer Mount Plate Quick Attach Attachment w/ 2"" Trailer Hitch Receiver USA deal: $349.99 | DealDesk","Skid Steer Mount Plate Quick Attach Attachment w/ 2"" Trailer Hitch Receiver USA deal","Skid Steer Mount Plate Quick Attach Attachment w/ 2"" Trailer Hitch Receiver USA price | Skid Steer Mount Plate Quick Attach Attachment w/ 2"" Trailer Hitch Receiver USA discount | eBay Skid Steer Mount Plate Quick Attach Attachment w/ 2"" Trailer Hitch Receiver USA","64","/merchant/ebay/",""
"ebay-item-193187622442","https://dealdesk.fyi/deals/ebay-item-193187622442/","Lowe 24"" Auger Bit for Skid Steer, 2"" Hex Collar, 48"" Long, Heavy Duty USA deal: $879.99 | DealDesk","Lowe 24"" Auger Bit for Skid Steer, 2"" Hex Collar, 48"" Long, Heavy Duty USA deal","Lowe 24"" Auger Bit for Skid Steer, 2"" Hex Collar, 48"" Long, Heavy Duty USA price | Lowe 24"" Auger Bit for Skid Steer, 2"" Hex Collar, 48"" Long, Heavy Duty USA discount | eBay Lowe 24"" Auger Bit for Skid Steer, 2"" Hex Collar, 48"" Long, Heavy Duty USA","61","/merchant/ebay/",""
"ebay-item-325204609137","https://dealdesk.fyi/deals/ebay-item-325204609137/","42"" Long 2200 Pound Pallet Forks Fits Kubota Kioti Tractor Loader Quick Attach deal: $539.99 | DealDesk","42"" Long 2200 Pound Pallet Forks Fits Kubota Kioti Tractor Loader Quick Attach deal","42"" Long 2200 Pound Pallet Forks Fits Kubota Kioti Tractor Loader Quick Attach price | 42"" Long 2200 Pound Pallet Forks Fits Kubota Kioti Tractor Loader Quick Attach discount | eBay 42"" Long 2200 Pound Pallet Forks Fits Kubota Kioti Tractor Loader Quick Attach","61","/merchant/ebay/",""
"ebay-item-206214886546","https://dealdesk.fyi/deals/ebay-item-206214886546/","PROWORKS 60"" Box Blade 3 Point Hitch Tractor Scraper Grader 5ft USA 4 Ripper deal: $1,160.99 | DealDesk","PROWORKS 60"" Box Blade 3 Point Hitch Tractor Scraper Grader 5ft USA 4 Ripper deal","PROWORKS 60"" Box Blade 3 Point Hitch Tractor Scraper Grader 5ft USA 4 Ripper price | PROWORKS 60"" Box Blade 3 Point Hitch Tractor Scraper Grader 5ft USA 4 Ripper discount | eBay PROWORKS 60"" Box Blade 3 Point Hitch Tractor Scraper Grader 5ft USA 4 Ripper","64","/merchant/ebay/",""
"ebay-item-325328436501","https://dealdesk.fyi/deals/ebay-item-325328436501/","Lowe 4"" x 48"" Auger Bit 2"" Hex Collar Skid Steer Post Hole Digger Attachment SQ deal: $329.99 | DealDesk","Lowe 4"" x 48"" Auger Bit 2"" Hex Collar Skid Steer Post Hole Digger Attachment SQ deal","Lowe 4"" x 48"" Auger Bit 2"" Hex Collar Skid Steer Post Hole Digger Attachment SQ price | Lowe 4"" x 48"" Auger Bit 2"" Hex Collar Skid Steer Post Hole Digger Attachment SQ discount | eBay Lowe 4"" x 48"" Auger Bit 2"" Hex Collar Skid Steer Post Hole Digger Attachment SQ","61","/merchant/ebay/",""
"ebay-item-800458436452","https://dealdesk.fyi/deals/ebay-item-800458436452/","2025 Adidas SpongeBob SquarePants Drivers License Rejected Freizeit Promo Card deal: $499.99 | DealDesk","2025 Adidas SpongeBob SquarePants Drivers License Rejected Freizeit Promo Card deal","2025 Adidas SpongeBob SquarePants Drivers License Rejected Freizeit Promo Card price | 2025 Adidas SpongeBob SquarePants Drivers License Rejected Freizeit Promo Card discount | eBay 2025 Adidas SpongeBob SquarePants Drivers License Rejected Freizeit Promo Card","67","/merchant/ebay/",""
"ebay-item-800452608617","https://dealdesk.fyi/deals/ebay-item-800452608617/","HINTERLAND MUISC FESTIVAL MULTIPLE ARTISTS CAN BE SOLD SEPARATELY deal: $500.00 | DealDesk","HINTERLAND MUISC FESTIVAL MULTIPLE ARTISTS CAN BE SOLD SEPARATELY deal","HINTERLAND MUISC FESTIVAL MULTIPLE ARTISTS CAN BE SOLD SEPARATELY price | HINTERLAND MUISC FESTIVAL MULTIPLE ARTISTS CAN BE SOLD SEPARATELY discount | eBay HINTERLAND MUISC FESTIVAL MULTIPLE ARTISTS CAN BE SOLD SEPARATELY","67","/merchant/ebay/",""
"ebay-item-158152433809","https://dealdesk.fyi/deals/ebay-item-158152433809/","KAYOU CR Kpop Demon Hunters Rumi London KPDH01-CR-001 Auto Serial #1401/2026 deal: $449.99 | DealDesk","KAYOU CR Kpop Demon Hunters Rumi London KPDH01-CR-001 Auto Serial #1401/2026 deal","KAYOU CR Kpop Demon Hunters Rumi London KPDH01-CR-001 Auto Serial #1401/2026 price | KAYOU CR Kpop Demon Hunters Rumi London KPDH01-CR-001 Auto Serial #1401/2026 discount | eBay KAYOU CR Kpop Demon Hunters Rumi London KPDH01-CR-001 Auto Serial #1401/2026","67","/merchant/ebay/",""
"ebay-item-188735109382","https://dealdesk.fyi/deals/ebay-item-188735109382/","Hobbyist Rock 'N Baseball Autographed Kyle Kravitz Card #00 NYC July 2026 deal: $399.99 | DealDesk","Hobbyist Rock 'N Baseball Autographed Kyle Kravitz Card #00 NYC July 2026 deal","Hobbyist Rock 'N Baseball Autographed Kyle Kravitz Card #00 NYC July 2026 price | Hobbyist Rock 'N Baseball Autographed Kyle Kravitz Card #00 NYC July 2026 discount | eBay Hobbyist Rock 'N Baseball Autographed Kyle Kravitz Card #00 NYC July 2026","67","/merchant/ebay/",""
"ebay-item-137583429798","https://dealdesk.fyi/deals/ebay-item-137583429798/","Walt Disney and Mickey Mouse 1931 W.D. & H.O. Wills #24 Cinema Stars RC SGC 3 deal: $1,350.00 | DealDesk","Walt Disney and Mickey Mouse 1931 W.D. & H.O. Wills #24 Cinema Stars RC SGC 3 deal","Walt Disney and Mickey Mouse 1931 W.D. & H.O. Wills #24 Cinema Stars RC SGC 3 price | Walt Disney and Mickey Mouse 1931 W.D. & H.O. Wills #24 Cinema Stars RC SGC 3 discount | eBay Walt Disney and Mickey Mouse 1931 W.D. & H.O. Wills #24 Cinema Stars RC SGC 3","61","/merchant/ebay/",""
"ebay-item-158152379559","https://dealdesk.fyi/deals/ebay-item-158152379559/","2026 Topps Disney Neon Chrome Etch Autos SULLEY Black Speckle Refractors /10 deal: $2,225.00 | DealDesk","2026 Topps Disney Neon Chrome Etch Autos SULLEY Black Speckle Refractors /10 deal","2026 Topps Disney Neon Chrome Etch Autos SULLEY Black Speckle Refractors /10 price | 2026 Topps Disney Neon Chrome Etch Autos SULLEY Black Speckle Refractors /10 discount | eBay 2026 Topps Disney Neon Chrome Etch Autos SULLEY Black Speckle Refractors /10","67","/merchant/ebay/",""
"ebay-item-267747080764","https://dealdesk.fyi/deals/ebay-item-267747080764/","Doraemon CCG 2024 SSP N01.05 Serialized card 103/750 deal: $400.00 | DealDesk","Doraemon CCG 2024 SSP N01.05 Serialized card 103/750 deal","Doraemon CCG 2024 SSP N01.05 Serialized card 103/750 price | Doraemon CCG 2024 SSP N01.05 Serialized card 103/750 discount | eBay Doraemon CCG 2024 SSP N01.05 Serialized card 103/750","67","/merchant/ebay/",""
"ebay-item-318675439377","https://dealdesk.fyi/deals/ebay-item-318675439377/","VEEFRIENDS #2 THE ORIGIN OF FEARLESS FAIRY COMIC CUT Cc-2 deal: $1,000.00 | DealDesk","VEEFRIENDS #2 THE ORIGIN OF FEARLESS FAIRY COMIC CUT Cc-2 deal","VEEFRIENDS #2 THE ORIGIN OF FEARLESS FAIRY COMIC CUT Cc-2 price | VEEFRIENDS #2 THE ORIGIN OF FEARLESS FAIRY COMIC CUT Cc-2 discount | eBay VEEFRIENDS #2 THE ORIGIN OF FEARLESS FAIRY COMIC CUT Cc-2","67","/merchant/ebay/",""
"ebay-item-366584895339","https://dealdesk.fyi/deals/ebay-item-366584895339/","2023 Topps Chrome Star Wars Galaxy the Dark Side /10. Please Read Description deal: $500.00 | DealDesk","2023 Topps Chrome Star Wars Galaxy the Dark Side /10. Please Read Description deal","2023 Topps Chrome Star Wars Galaxy the Dark Side /10. Please Read Description price | 2023 Topps Chrome Star Wars Galaxy the Dark Side /10. Please Read Description discount | eBay 2023 Topps Chrome Star Wars Galaxy the Dark Side /10. Please Read Description","67","/merchant/ebay/",""
"ebay-item-358881434179","https://dealdesk.fyi/deals/ebay-item-358881434179/","2024 KKW Phantom Harry Potter Hogwarts Acceptance Letter Harry Potter /625 J21 deal: $250.00 | DealDesk","2024 KKW Phantom Harry Potter Hogwarts Acceptance Letter Harry Potter /625 J21 deal","2024 KKW Phantom Harry Potter Hogwarts Acceptance Letter Harry Potter /625 J21 price | 2024 KKW Phantom Harry Potter Hogwarts Acceptance Letter Harry Potter /625 J21 discount | eBay 2024 KKW Phantom Harry Potter Hogwarts Acceptance Letter Harry Potter /625 J21","70","/merchant/ebay/",""
"ebay-item-137583314540","https://dealdesk.fyi/deals/ebay-item-137583314540/","PAUL TIBBIT DOODLE BOB 2025 TOPPS CHROME SPONGEBOB AUTO #SA-DO PSA 9 Q4244 deal: $265.00 | DealDesk","PAUL TIBBIT DOODLE BOB 2025 TOPPS CHROME SPONGEBOB AUTO #SA-DO PSA 9 Q4244 deal","PAUL TIBBIT DOODLE BOB 2025 TOPPS CHROME SPONGEBOB AUTO #SA-DO PSA 9 Q4244 price | PAUL TIBBIT DOODLE BOB 2025 TOPPS CHROME SPONGEBOB AUTO #SA-DO PSA 9 Q4244 discount | eBay PAUL TIBBIT DOODLE BOB 2025 TOPPS CHROME SPONGEBOB AUTO #SA-DO PSA 9 Q4244","61","/merchant/ebay/",""
"ebay-item-307098926277","https://dealdesk.fyi/deals/ebay-item-307098926277/","DeForest Kelley Autographs deal: $2,500.00 | DealDesk","DeForest Kelley Autographs deal","DeForest Kelley Autographs price | DeForest Kelley Autographs discount | eBay DeForest Kelley Autographs","67","/merchant/ebay/",""
"ebay-item-278245522961","https://dealdesk.fyi/deals/ebay-item-278245522961/","2025 Topps Chrome Disney MICKEY MOUSE 190 Sorcerer’s Apprentice Refractor PSA 10 deal: $299.00 | DealDesk","2025 Topps Chrome Disney MICKEY MOUSE 190 Sorcerer’s Apprentice Refractor PSA 10 deal","2025 Topps Chrome Disney MICKEY MOUSE 190 Sorcerer’s Apprentice Refractor PSA 10 price | 2025 Topps Chrome Disney MICKEY MOUSE 190 Sorcerer’s Apprentice Refractor PSA 10 discount | eBay 2025 Topps Chrome Disney MICKEY MOUSE 190 Sorcerer’s Apprentice Refractor PSA 10","61","/merchant/ebay/",""
"ebay-item-287502233297","https://dealdesk.fyi/deals/ebay-item-287502233297/","2023 TOPPS CHROME DISNEY 100 PINK REFRACTOR #96 LUCA PAGURO /399 PSA 10 deal: $500.00 | DealDesk","2023 TOPPS CHROME DISNEY 100 PINK REFRACTOR #96 LUCA PAGURO /399 PSA 10 deal","2023 TOPPS CHROME DISNEY 100 PINK REFRACTOR #96 LUCA PAGURO /399 PSA 10 price | 2023 TOPPS CHROME DISNEY 100 PINK REFRACTOR #96 LUCA PAGURO /399 PSA 10 discount | eBay 2023 TOPPS CHROME DISNEY 100 PINK REFRACTOR #96 LUCA PAGURO /399 PSA 10","71","/merchant/ebay/","/compare/2023-topps-chrome-disney/"
"ebay-item-287502239971","https://dealdesk.fyi/deals/ebay-item-287502239971/","2023 TOPPS CHROME DISNEY 100 PINK REFRACTOR #50 BRUNO MADRIGAL /399 PSA 10 ENCAN deal: $500.00 | DealDesk","2023 TOPPS CHROME DISNEY 100 PINK REFRACTOR #50 BRUNO MADRIGAL /399 PSA 10 ENCAN deal","2023 TOPPS CHROME DISNEY 100 PINK REFRACTOR #50 BRUNO MADRIGAL /399 PSA 10 ENCAN price | 2023 TOPPS CHROME DISNEY 100 PINK REFRACTOR #50 BRUNO MADRIGAL /399 PSA 10 ENCAN discount | eBay 2023 TOPPS CHROME DISNEY 100 PINK REFRACTOR #50 BRUNO MADRIGAL /399 PSA 10 ENCAN","71","/merchant/ebay/","/compare/2023-topps-chrome-disney/"
"ebay-item-227461082181","https://dealdesk.fyi/deals/ebay-item-227461082181/","Wizards Pokémon Base Set Charizard Holo 4/102 1999 English Mitsuhiro Arita deal: $429.99 | DealDesk","Wizards Pokémon Base Set Charizard Holo 4/102 1999 English Mitsuhiro Arita deal","Wizards Pokémon Base Set Charizard Holo 4/102 1999 English Mitsuhiro Arita price | Wizards Pokémon Base Set Charizard Holo 4/102 1999 English Mitsuhiro Arita discount | eBay Wizards Pokémon Base Set Charizard Holo 4/102 1999 English Mitsuhiro Arita","70","/merchant/ebay/",""
"ebay-item-278245385457","https://dealdesk.fyi/deals/ebay-item-278245385457/","2025 Topps Sapphire Marvel Studios Vincent D'Onofrio/Mayor Wilson Fisk Auto /25 deal: $350.00 | DealDesk","2025 Topps Sapphire Marvel Studios Vincent D'Onofrio/Mayor Wilson Fisk Auto /25 deal","2025 Topps Sapphire Marvel Studios Vincent D'Onofrio/Mayor Wilson Fisk Auto /25 price | 2025 Topps Sapphire Marvel Studios Vincent D'Onofrio/Mayor Wilson Fisk Auto /25 discount | eBay 2025 Topps Sapphire Marvel Studios Vincent D'Onofrio/Mayor Wilson Fisk Auto /25","67","/merchant/ebay/",""
"ebay-item-257659393558","https://dealdesk.fyi/deals/ebay-item-257659393558/","Star Wars Unlimited Luke Skywalker Galactic Championship 2026 Card deal: $300.00 | DealDesk","Star Wars Unlimited Luke Skywalker Galactic Championship 2026 Card deal","Star Wars Unlimited Luke Skywalker Galactic Championship 2026 Card price | Star Wars Unlimited Luke Skywalker Galactic Championship 2026 Card discount | eBay Star Wars Unlimited Luke Skywalker Galactic Championship 2026 Card","67","/merchant/ebay/",""
"ebay-item-287502247993","https://dealdesk.fyi/deals/ebay-item-287502247993/","2023 TOPPS CHROME DISNEY 100 PINK REFRACTOR #80 EDNA MODE /399 PSA 10 INCREDIBLE deal: $500.00 | DealDesk","2023 TOPPS CHROME DISNEY 100 PINK REFRACTOR #80 EDNA MODE /399 PSA 10 INCREDIBLE deal","2023 TOPPS CHROME DISNEY 100 PINK REFRACTOR #80 EDNA MODE /399 PSA 10 INCREDIBLE price | 2023 TOPPS CHROME DISNEY 100 PINK REFRACTOR #80 EDNA MODE /399 PSA 10 INCREDIBLE discount | eBay 2023 TOPPS CHROME DISNEY 100 PINK REFRACTOR #80 EDNA MODE /399 PSA 10 INCREDIBLE","71","/merchant/ebay/","/compare/2023-topps-chrome-disney/"
"ebay-item-287502242619","https://dealdesk.fyi/deals/ebay-item-287502242619/","2023 TOPPS CHROME DISNEY 100 PINK REFRACTOR #24 BARLEY LIGHTFOOT /399 PSA 10 ONW deal: $500.00 | DealDesk","2023 TOPPS CHROME DISNEY 100 PINK REFRACTOR #24 BARLEY LIGHTFOOT /399 PSA 10 ONW deal","2023 TOPPS CHROME DISNEY 100 PINK REFRACTOR #24 BARLEY LIGHTFOOT /399 PSA 10 ONW price | 2023 TOPPS CHROME DISNEY 100 PINK REFRACTOR #24 BARLEY LIGHTFOOT /399 PSA 10 ONW discount | eBay 2023 TOPPS CHROME DISNEY 100 PINK REFRACTOR #24 BARLEY LIGHTFOOT /399 PSA 10 ONW","71","/merchant/ebay/","/compare/2023-topps-chrome-disney/"
"ebay-item-287502224043","https://dealdesk.fyi/deals/ebay-item-287502224043/","2023 TOPPS CHROME DISNEY 100 PINK REFRACTOR #73 HEIMLICH /399 PSA 10 BUGS LIFE deal: $500.00 | DealDesk","2023 TOPPS CHROME DISNEY 100 PINK REFRACTOR #73 HEIMLICH /399 PSA 10 BUGS LIFE deal","2023 TOPPS CHROME DISNEY 100 PINK REFRACTOR #73 HEIMLICH /399 PSA 10 BUGS LIFE price | 2023 TOPPS CHROME DISNEY 100 PINK REFRACTOR #73 HEIMLICH /399 PSA 10 BUGS LIFE discount | eBay 2023 TOPPS CHROME DISNEY 100 PINK REFRACTOR #73 HEIMLICH /399 PSA 10 BUGS LIFE","71","/merchant/ebay/","/compare/2023-topps-chrome-disney/"
"ebay-item-206464007379","https://dealdesk.fyi/deals/ebay-item-206464007379/","Original Mars Attacks 1962 Card #21 Prize Captive Topps Bubbles Inc. deal: $350.00 | DealDesk","Original Mars Attacks 1962 Card #21 Prize Captive Topps Bubbles Inc. deal","Original Mars Attacks 1962 Card #21 Prize Captive Topps Bubbles Inc. price | Original Mars Attacks 1962 Card #21 Prize Captive Topps Bubbles Inc. discount | eBay Original Mars Attacks 1962 Card #21 Prize Captive Topps Bubbles Inc.","67","/merchant/ebay/",""
"ebay-item-377392987680","https://dealdesk.fyi/deals/ebay-item-377392987680/","[IN HAND] Lord of the Eagles (Book Cover) (Surge Foil) (MTG) (HOC) (The Hobbit) deal: $269.99 | DealDesk","[IN HAND] Lord of the Eagles (Book Cover) (Surge Foil) (MTG) (HOC) (The Hobbit) deal","[IN HAND] Lord of the Eagles (Book Cover) (Surge Foil) (MTG) (HOC) (The Hobbit) price | [IN HAND] Lord of the Eagles (Book Cover) (Surge Foil) (MTG) (HOC) (The Hobbit) discount | eBay [IN HAND] Lord of the Eagles (Book Cover) (Surge Foil) (MTG) (HOC) (The Hobbit)","67","/merchant/ebay/",""
"ebay-item-178372250705","https://dealdesk.fyi/deals/ebay-item-178372250705/","SERIALIZED KAYOU KPop Demon Hunters Huntrix CR Mira KPDH01 CR-002 #’d /2026 deal: $399.95 | DealDesk","SERIALIZED KAYOU KPop Demon Hunters Huntrix CR Mira KPDH01 CR-002 #’d /2026 deal","SERIALIZED KAYOU KPop Demon Hunters Huntrix CR Mira KPDH01 CR-002 #’d /2026 price | SERIALIZED KAYOU KPop Demon Hunters Huntrix CR Mira KPDH01 CR-002 #’d /2026 discount | eBay SERIALIZED KAYOU KPop Demon Hunters Huntrix CR Mira KPDH01 CR-002 #’d /2026","70","/merchant/ebay/",""
"ebay-item-178372081669","https://dealdesk.fyi/deals/ebay-item-178372081669/","Last March of the Ents Borderless SURGE Foil MTG The Hobbit Sleeved Immediately deal: $349.99 | DealDesk","Last March of the Ents Borderless SURGE Foil MTG The Hobbit Sleeved Immediately deal","Last March of the Ents Borderless SURGE Foil MTG The Hobbit Sleeved Immediately price | Last March of the Ents Borderless SURGE Foil MTG The Hobbit Sleeved Immediately discount | eBay Last March of the Ents Borderless SURGE Foil MTG The Hobbit Sleeved Immediately","70","/merchant/ebay/",""
"ebay-item-168587102265","https://dealdesk.fyi/deals/ebay-item-168587102265/","2023 Topps Chrome Disney Minnie Mouse 23 Silver Refractor deal: $250.00 | DealDesk","2023 Topps Chrome Disney Minnie Mouse 23 Silver Refractor deal","2023 Topps Chrome Disney Minnie Mouse 23 Silver Refractor price | 2023 Topps Chrome Disney Minnie Mouse 23 Silver Refractor discount | eBay 2023 Topps Chrome Disney Minnie Mouse 23 Silver Refractor","77","/merchant/ebay/","/compare/2023-topps-chrome-disney/"
"ebay-item-336724792333","https://dealdesk.fyi/deals/ebay-item-336724792333/","2024 TOPPS CHROME DISNEY | REFRACTOR #63 WOODY PSA 10 deal: $499.00 | DealDesk","2024 TOPPS CHROME DISNEY | REFRACTOR #63 WOODY PSA 10 deal","2024 TOPPS CHROME DISNEY | REFRACTOR #63 WOODY PSA 10 price | 2024 TOPPS CHROME DISNEY | REFRACTOR #63 WOODY PSA 10 discount | eBay 2024 TOPPS CHROME DISNEY | REFRACTOR #63 WOODY PSA 10","61","/merchant/ebay/",""
"ebay-item-800457683579","https://dealdesk.fyi/deals/ebay-item-800457683579/","2024 Upper Deck Marvel Masterpieces Nahuel Grego #89 Magneto Tier 4 Base /99 deal: $500.00 | DealDesk","2024 Upper Deck Marvel Masterpieces Nahuel Grego #89 Magneto Tier 4 Base /99 deal","2024 Upper Deck Marvel Masterpieces Nahuel Grego #89 Magneto Tier 4 Base /99 price | 2024 Upper Deck Marvel Masterpieces Nahuel Grego #89 Magneto Tier 4 Base /99 discount | eBay 2024 Upper Deck Marvel Masterpieces Nahuel Grego #89 Magneto Tier 4 Base /99","67","/merchant/ebay/",""
"ebay-item-278245428716","https://dealdesk.fyi/deals/ebay-item-278245428716/","Anti Venom /25 Orange Marvel Chrome 2026 deal: $350.00 | DealDesk","Anti Venom /25 Orange Marvel Chrome 2026 deal","Anti Venom /25 Orange Marvel Chrome 2026 price | Anti Venom /25 Orange Marvel Chrome 2026 discount | eBay Anti Venom /25 Orange Marvel Chrome 2026","67","/merchant/ebay/",""
"ebay-item-147468569252","https://dealdesk.fyi/deals/ebay-item-147468569252/","Lorcana TCG Rapunzel Escaping The Tower Top 8 Promo 16/P4 Pack Fresh- NM deal: $350.00 | DealDesk","Lorcana TCG Rapunzel Escaping The Tower Top 8 Promo 16/P4 Pack Fresh- NM deal","Lorcana TCG Rapunzel Escaping The Tower Top 8 Promo 16/P4 Pack Fresh- NM price | Lorcana TCG Rapunzel Escaping The Tower Top 8 Promo 16/P4 Pack Fresh- NM discount | eBay Lorcana TCG Rapunzel Escaping The Tower Top 8 Promo 16/P4 Pack Fresh- NM","67","/merchant/ebay/",""
"ebay-item-158152484313","https://dealdesk.fyi/deals/ebay-item-158152484313/","Topps 2020 Topps Chrome Marvel Carnage #022 Serial Numbered 15/20 deal: $799.00 | DealDesk","Topps 2020 Topps Chrome Marvel Carnage #022 Serial Numbered 15/20 deal","Topps 2020 Topps Chrome Marvel Carnage #022 Serial Numbered 15/20 price | Topps 2020 Topps Chrome Marvel Carnage #022 Serial Numbered 15/20 discount | eBay Topps 2020 Topps Chrome Marvel Carnage #022 Serial Numbered 15/20","67","/merchant/ebay/",""
"ebay-item-327294308501","https://dealdesk.fyi/deals/ebay-item-327294308501/","2023 Topps Chrome Disney 100 Caption Hook Pink Refractor/399 #11 PSA 9 deal: $299.99 | DealDesk","2023 Topps Chrome Disney 100 Caption Hook Pink Refractor/399 #11 PSA 9 deal","2023 Topps Chrome Disney 100 Caption Hook Pink Refractor/399 #11 PSA 9 price | 2023 Topps Chrome Disney 100 Caption Hook Pink Refractor/399 #11 PSA 9 discount | eBay 2023 Topps Chrome Disney 100 Caption Hook Pink Refractor/399 #11 PSA 9","71","/merchant/ebay/","/compare/2023-topps-chrome-disney/"
"ebay-item-236982788671","https://dealdesk.fyi/deals/ebay-item-236982788671/","1995 Marvel Pepsi Mexico Prismatic 💎 SPIDER-MAN 💎 BGS 9.5 💎 POP 1 (NONE ^) 💎 deal: $725.00 | DealDesk","1995 Marvel Pepsi Mexico Prismatic 💎 SPIDER-MAN 💎 BGS 9.5 💎 POP 1 (NONE ^) 💎 deal","1995 Marvel Pepsi Mexico Prismatic 💎 SPIDER-MAN 💎 BGS 9.5 💎 POP 1 (NONE ^) 💎 price | 1995 Marvel Pepsi Mexico Prismatic 💎 SPIDER-MAN 💎 BGS 9.5 💎 POP 1 (NONE ^) 💎 discount | eBay 1995 Marvel Pepsi Mexico Prismatic 💎 SPIDER-MAN 💎 BGS 9.5 💎 POP 1 (NONE ^) 💎","64","/merchant/ebay/",""
"ebay-item-377392987674","https://dealdesk.fyi/deals/ebay-item-377392987674/","[IN HAND] The Gaffer (Surge Foil) (MTG) (HOC) (The Hobbit) deal: $399.99 | DealDesk","[IN HAND] The Gaffer (Surge Foil) (MTG) (HOC) (The Hobbit) deal","[IN HAND] The Gaffer (Surge Foil) (MTG) (HOC) (The Hobbit) price | [IN HAND] The Gaffer (Surge Foil) (MTG) (HOC) (The Hobbit) discount | eBay [IN HAND] The Gaffer (Surge Foil) (MTG) (HOC) (The Hobbit)","67","/merchant/ebay/",""
"ebay-item-398246613455","https://dealdesk.fyi/deals/ebay-item-398246613455/","2025 Topps Chrome Disney Hercules Auto /28 #10 Mickey PSA 10 deal: $600.00 | DealDesk","2025 Topps Chrome Disney Hercules Auto /28 #10 Mickey PSA 10 deal","2025 Topps Chrome Disney Hercules Auto /28 #10 Mickey PSA 10 price | 2025 Topps Chrome Disney Hercules Auto /28 #10 Mickey PSA 10 discount | eBay 2025 Topps Chrome Disney Hercules Auto /28 #10 Mickey PSA 10","61","/merchant/ebay/",""
"ebay-item-366584299285","https://dealdesk.fyi/deals/ebay-item-366584299285/","Topps Chrome Disney 2026 Elsa Orange Refractor 12/25 Iconic moments deal: $300.00 | DealDesk","Topps Chrome Disney 2026 Elsa Orange Refractor 12/25 Iconic moments deal","Topps Chrome Disney 2026 Elsa Orange Refractor 12/25 Iconic moments price | Topps Chrome Disney 2026 Elsa Orange Refractor 12/25 Iconic moments discount | eBay Topps Chrome Disney 2026 Elsa Orange Refractor 12/25 Iconic moments","70","/merchant/ebay/",""
"ebay-item-800452337172","https://dealdesk.fyi/deals/ebay-item-800452337172/","SDCC 2026 X-MEN ‘97 Death Gambit Tarot Trading Card PANEL Exclusive! deal: $299.99 | DealDesk","SDCC 2026 X-MEN ‘97 Death Gambit Tarot Trading Card PANEL Exclusive! deal","SDCC 2026 X-MEN ‘97 Death Gambit Tarot Trading Card PANEL Exclusive! price | SDCC 2026 X-MEN ‘97 Death Gambit Tarot Trading Card PANEL Exclusive! discount | eBay SDCC 2026 X-MEN ‘97 Death Gambit Tarot Trading Card PANEL Exclusive!","67","/merchant/ebay/",""
"ebay-item-407118170049","https://dealdesk.fyi/deals/ebay-item-407118170049/","Monkey D. Luffy Round 1 English Promo Op16-095 One Piece Card Game ENGLISH deal: $299.99 | DealDesk","Monkey D. Luffy Round 1 English Promo Op16-095 One Piece Card Game ENGLISH deal","Monkey D. Luffy Round 1 English Promo Op16-095 One Piece Card Game ENGLISH price | Monkey D. Luffy Round 1 English Promo Op16-095 One Piece Card Game ENGLISH discount | eBay Monkey D. Luffy Round 1 English Promo Op16-095 One Piece Card Game ENGLISH","70","/merchant/ebay/",""
"ebay-item-146716529274","https://dealdesk.fyi/deals/ebay-item-146716529274/","Hazbin Hotel Card - Alastor GOOD TO BE BACK ON THE AIR Cracked Ice Promo PR-05 deal: $499.99 | DealDesk","Hazbin Hotel Card - Alastor GOOD TO BE BACK ON THE AIR Cracked Ice Promo PR-05 deal","Hazbin Hotel Card - Alastor GOOD TO BE BACK ON THE AIR Cracked Ice Promo PR-05 price | Hazbin Hotel Card - Alastor GOOD TO BE BACK ON THE AIR Cracked Ice Promo PR-05 discount | eBay Hazbin Hotel Card - Alastor GOOD TO BE BACK ON THE AIR Cracked Ice Promo PR-05","70","/merchant/ebay/",""
"ebay-item-287502261667","https://dealdesk.fyi/deals/ebay-item-287502261667/","2023 TOPPS CHROME DISNEY 100 PINK REFRACTOR #91 MIGUEL /399 PSA 10 COCO deal: $600.00 | DealDesk","2023 TOPPS CHROME DISNEY 100 PINK REFRACTOR #91 MIGUEL /399 PSA 10 COCO deal","2023 TOPPS CHROME DISNEY 100 PINK REFRACTOR #91 MIGUEL /399 PSA 10 COCO price | 2023 TOPPS CHROME DISNEY 100 PINK REFRACTOR #91 MIGUEL /399 PSA 10 COCO discount | eBay 2023 TOPPS CHROME DISNEY 100 PINK REFRACTOR #91 MIGUEL /399 PSA 10 COCO","71","/merchant/ebay/","/compare/2023-topps-chrome-disney/"
"ebay-item-158152074866","https://dealdesk.fyi/deals/ebay-item-158152074866/","2026 Dodgers x One Piece Night Promo Card Monkey D Luffy deal: $950.00 | DealDesk","2026 Dodgers x One Piece Night Promo Card Monkey D Luffy deal","2026 Dodgers x One Piece Night Promo Card Monkey D Luffy price | 2026 Dodgers x One Piece Night Promo Card Monkey D Luffy discount | eBay 2026 Dodgers x One Piece Night Promo Card Monkey D Luffy","67","/merchant/ebay/",""
"ebay-item-257660244408","https://dealdesk.fyi/deals/ebay-item-257660244408/","Omega Red Clawed Chrome/20 Topps Marvel Chrome 2026 deal: $250.00 | DealDesk","Omega Red Clawed Chrome/20 Topps Marvel Chrome 2026 deal","Omega Red Clawed Chrome/20 Topps Marvel Chrome 2026 price | Omega Red Clawed Chrome/20 Topps Marvel Chrome 2026 discount | eBay Omega Red Clawed Chrome/20 Topps Marvel Chrome 2026","70","/merchant/ebay/",""
"ebay-item-336724750856","https://dealdesk.fyi/deals/ebay-item-336724750856/","2023 TOPPS CHROME DISNEY100 REFRACTOR #19 ARIEL PSA 10 deal: $399.00 | DealDesk","2023 TOPPS CHROME DISNEY100 REFRACTOR #19 ARIEL PSA 10 deal","2023 TOPPS CHROME DISNEY100 REFRACTOR #19 ARIEL PSA 10 price | 2023 TOPPS CHROME DISNEY100 REFRACTOR #19 ARIEL PSA 10 discount | eBay 2023 TOPPS CHROME DISNEY100 REFRACTOR #19 ARIEL PSA 10","71","/merchant/ebay/","/compare/2023-topps-chrome-disney/"
"ebay-item-366574688324","https://dealdesk.fyi/deals/ebay-item-366574688324/","2026 Kim Kardashian Complex x GAS Limited CRACKED ICE FOIL PSA 10 GEM /500 deal: $1,299.00 | DealDesk","2026 Kim Kardashian Complex x GAS Limited CRACKED ICE FOIL PSA 10 GEM /500 deal","2026 Kim Kardashian Complex x GAS Limited CRACKED ICE FOIL PSA 10 GEM /500 price | 2026 Kim Kardashian Complex x GAS Limited CRACKED ICE FOIL PSA 10 GEM /500 discount | eBay 2026 Kim Kardashian Complex x GAS Limited CRACKED ICE FOIL PSA 10 GEM /500","64","/merchant/ebay/",""
"ebay-item-236983277642","https://dealdesk.fyi/deals/ebay-item-236983277642/","2024 TOPPS CHROME DISNEY SAPPHIRE EDITION #93 STITCH PSA 10 deal: $599.00 | DealDesk","2024 TOPPS CHROME DISNEY SAPPHIRE EDITION #93 STITCH PSA 10 deal","2024 TOPPS CHROME DISNEY SAPPHIRE EDITION #93 STITCH PSA 10 price | 2024 TOPPS CHROME DISNEY SAPPHIRE EDITION #93 STITCH PSA 10 discount | eBay 2024 TOPPS CHROME DISNEY SAPPHIRE EDITION #93 STITCH PSA 10","61","/merchant/ebay/",""
"ebay-item-176534653994","https://dealdesk.fyi/deals/ebay-item-176534653994/","Jumpstart 2025 Booster Box Foundations FDN MTG deal: $89.99 | DealDesk","Jumpstart 2025 Booster Box Foundations FDN MTG deal","Jumpstart 2025 Booster Box Foundations FDN MTG price | Jumpstart 2025 Booster Box Foundations FDN MTG discount | eBay Jumpstart 2025 Booster Box Foundations FDN MTG","64","/merchant/ebay/",""
"ebay-item-336532582331","https://dealdesk.fyi/deals/ebay-item-336532582331/","Yugioh LEGENDARY DECKS 2 II BOX SET BRAND NEW FACTORY SEALED! IN HAND! deal: $39.99 | DealDesk","Yugioh LEGENDARY DECKS 2 II BOX SET BRAND NEW FACTORY SEALED! IN HAND! deal","Yugioh LEGENDARY DECKS 2 II BOX SET BRAND NEW FACTORY SEALED! IN HAND! price | Yugioh LEGENDARY DECKS 2 II BOX SET BRAND NEW FACTORY SEALED! IN HAND! discount | eBay Yugioh LEGENDARY DECKS 2 II BOX SET BRAND NEW FACTORY SEALED! IN HAND!","70","/merchant/ebay/",""
"ebay-item-187367803877","https://dealdesk.fyi/deals/ebay-item-187367803877/","Play Booster Box Marvel's Spider-Man SPM MTG deal: $124.99 | DealDesk","Play Booster Box Marvel's Spider-Man SPM MTG deal","Play Booster Box Marvel's Spider-Man SPM MTG price | Play Booster Box Marvel's Spider-Man SPM MTG discount | eBay Play Booster Box Marvel's Spider-Man SPM MTG","64","/merchant/ebay/",""
"ebay-item-326822444517","https://dealdesk.fyi/deals/ebay-item-326822444517/","Yugioh The Chronicles Deck: The Fallen & The Virtuous All-Foil 3-Deck Set deal: $46.95 | DealDesk","Yugioh The Chronicles Deck: The Fallen & The Virtuous All-Foil 3-Deck Set deal","Yugioh The Chronicles Deck: The Fallen & The Virtuous All-Foil 3-Deck Set price | Yugioh The Chronicles Deck: The Fallen & The Virtuous All-Foil 3-Deck Set discount | eBay Yugioh The Chronicles Deck: The Fallen & The Virtuous All-Foil 3-Deck Set","64","/merchant/ebay/",""
"ebay-item-188216719857","https://dealdesk.fyi/deals/ebay-item-188216719857/","-Set of 2- Scene Box Marvel Super Heroes MSH MTG deal: $49.99 | DealDesk","-Set of 2- Scene Box Marvel Super Heroes MSH MTG deal","-Set of 2- Scene Box Marvel Super Heroes MSH MTG price | -Set of 2- Scene Box Marvel Super Heroes MSH MTG discount | eBay -Set of 2- Scene Box Marvel Super Heroes MSH MTG","64","/merchant/ebay/",""
"ebay-item-178252138847","https://dealdesk.fyi/deals/ebay-item-178252138847/","Hololive Official TCG: Summer hologram (EB01) (ENG) Extra Booster Box 9/25 deal: $43.95 | DealDesk","Hololive Official TCG: Summer hologram (EB01) (ENG) Extra Booster Box 9/25 deal","Hololive Official TCG: Summer hologram (EB01) (ENG) Extra Booster Box 9/25 price | Hololive Official TCG: Summer hologram (EB01) (ENG) Extra Booster Box 9/25 discount | eBay Hololive Official TCG: Summer hologram (EB01) (ENG) Extra Booster Box 9/25","64","/merchant/ebay/",""
"ebay-item-326915813481","https://dealdesk.fyi/deals/ebay-item-326915813481/","Yugioh Dimension Force Booster Box 1st Edition Brand New Factory Sealed deal: $34.99 | DealDesk","Yugioh Dimension Force Booster Box 1st Edition Brand New Factory Sealed deal","Yugioh Dimension Force Booster Box 1st Edition Brand New Factory Sealed price | Yugioh Dimension Force Booster Box 1st Edition Brand New Factory Sealed discount | eBay Yugioh Dimension Force Booster Box 1st Edition Brand New Factory Sealed","70","/merchant/ebay/",""
"ebay-item-188216719889","https://dealdesk.fyi/deals/ebay-item-188216719889/","Kpop Demon Hunters: World Tour Collectible Cards Energy Edition Booster Box deal: $49.99 | DealDesk","Kpop Demon Hunters: World Tour Collectible Cards Energy Edition Booster Box deal","Kpop Demon Hunters: World Tour Collectible Cards Energy Edition Booster Box price | Kpop Demon Hunters: World Tour Collectible Cards Energy Edition Booster Box discount | eBay Kpop Demon Hunters: World Tour Collectible Cards Energy Edition Booster Box","64","/merchant/ebay/",""
"ebay-item-177813705674","https://dealdesk.fyi/deals/ebay-item-177813705674/","Bundle Secrets of Strixhaven SOS MTG deal: $46.95 | DealDesk","Bundle Secrets of Strixhaven SOS MTG deal","Bundle Secrets of Strixhaven SOS MTG price | Bundle Secrets of Strixhaven SOS MTG discount | eBay Bundle Secrets of Strixhaven SOS MTG","64","/merchant/ebay/",""
"ebay-item-306904952496","https://dealdesk.fyi/deals/ebay-item-306904952496/","Abyss Eye M5 Booster Box Mega Evolution EX Pokémon Japanese US Seller SHIPS NOW! deal: $99.99 | DealDesk","Abyss Eye M5 Booster Box Mega Evolution EX Pokémon Japanese US Seller SHIPS NOW! deal","Abyss Eye M5 Booster Box Mega Evolution EX Pokémon Japanese US Seller SHIPS NOW! price | Abyss Eye M5 Booster Box Mega Evolution EX Pokémon Japanese US Seller SHIPS NOW! discount | eBay Abyss Eye M5 Booster Box Mega Evolution EX Pokémon Japanese US Seller SHIPS NOW!","64","/merchant/ebay/",""
"ebay-item-178170116929","https://dealdesk.fyi/deals/ebay-item-178170116929/","Bundle The Hobbit HOB MTG PRESALE 8/7 deal: $79.99 | DealDesk","Bundle The Hobbit HOB MTG PRESALE 8/7 deal","Bundle The Hobbit HOB MTG PRESALE 8/7 price | Bundle The Hobbit HOB MTG PRESALE 8/7 discount | eBay Bundle The Hobbit HOB MTG PRESALE 8/7","64","/merchant/ebay/",""
"ebay-item-187873422536","https://dealdesk.fyi/deals/ebay-item-187873422536/","Extra Booster: One Piece TCG Heroines Edition Box (EB-03) w/ Dash Pack deal: $319.99 | DealDesk","Extra Booster: One Piece TCG Heroines Edition Box (EB-03) w/ Dash Pack deal","Extra Booster: One Piece TCG Heroines Edition Box (EB-03) w/ Dash Pack price | Extra Booster: One Piece TCG Heroines Edition Box (EB-03) w/ Dash Pack discount | eBay Extra Booster: One Piece TCG Heroines Edition Box (EB-03) w/ Dash Pack","64","/merchant/ebay/",""
"ebay-item-178170116941","https://dealdesk.fyi/deals/ebay-item-178170116941/","Yu-Gi-Oh! Legendary ARC-V Decks PRESALE 8/7 deal: $28.79 | DealDesk","Yu-Gi-Oh! Legendary ARC-V Decks PRESALE 8/7 deal","Yu-Gi-Oh! Legendary ARC-V Decks PRESALE 8/7 price | Yu-Gi-Oh! Legendary ARC-V Decks PRESALE 8/7 discount | eBay Yu-Gi-Oh! Legendary ARC-V Decks PRESALE 8/7","64","/merchant/ebay/",""
"ebay-item-188431327254","https://dealdesk.fyi/deals/ebay-item-188431327254/","Star Wars: Unlimited - Ashes of the Empire: Booster Box deal: $74.99 | DealDesk","Star Wars: Unlimited - Ashes of the Empire: Booster Box deal","Star Wars: Unlimited - Ashes of the Empire: Booster Box price | Star Wars: Unlimited - Ashes of the Empire: Booster Box discount | eBay Star Wars: Unlimited - Ashes of the Empire: Booster Box","64","/merchant/ebay/",""
"ebay-item-178086954118","https://dealdesk.fyi/deals/ebay-item-178086954118/","Riftbound - League of Legends TCG: Vendetta Showdown Decks - Zed Vs Shen deal: $16.00 | DealDesk","Riftbound - League of Legends TCG: Vendetta Showdown Decks - Zed Vs Shen deal","Riftbound - League of Legends TCG: Vendetta Showdown Decks - Zed Vs Shen price | Riftbound - League of Legends TCG: Vendetta Showdown Decks - Zed Vs Shen discount | eBay Riftbound - League of Legends TCG: Vendetta Showdown Decks - Zed Vs Shen","64","/merchant/ebay/",""
"ebay-item-173723840096","https://dealdesk.fyi/deals/ebay-item-173723840096/","Classic Clear 100ct Dragon Shield Sleeves Standard Size deal: $11.30 | DealDesk","Classic Clear 100ct Dragon Shield Sleeves Standard Size deal","Classic Clear 100ct Dragon Shield Sleeves Standard Size price | Classic Clear 100ct Dragon Shield Sleeves Standard Size discount | eBay Classic Clear 100ct Dragon Shield Sleeves Standard Size","64","/merchant/ebay/",""
"ebay-item-177609873952","https://dealdesk.fyi/deals/ebay-item-177609873952/","Collector Booster Box Teenage Mutant Ninja Turtles TMT MTG deal: $429.99 | DealDesk","Collector Booster Box Teenage Mutant Ninja Turtles TMT MTG deal","Collector Booster Box Teenage Mutant Ninja Turtles TMT MTG price | Collector Booster Box Teenage Mutant Ninja Turtles TMT MTG discount | eBay Collector Booster Box Teenage Mutant Ninja Turtles TMT MTG","64","/merchant/ebay/",""
"ebay-item-326370200686","https://dealdesk.fyi/deals/ebay-item-326370200686/","Yugioh Speed Duel Battle City FINALS Brand New Factory Sealed deal: $41.99 | DealDesk","Yugioh Speed Duel Battle City FINALS Brand New Factory Sealed deal","Yugioh Speed Duel Battle City FINALS Brand New Factory Sealed price | Yugioh Speed Duel Battle City FINALS Brand New Factory Sealed discount | eBay Yugioh Speed Duel Battle City FINALS Brand New Factory Sealed","70","/merchant/ebay/",""
"ebay-item-336138243581","https://dealdesk.fyi/deals/ebay-item-336138243581/","Yugioh YUGI'S LEGENDARY DECKS 1 Box (YGLD) - EXODIA DECK & EGYPTIAN GODS SET! deal: $94.99 | DealDesk","Yugioh YUGI'S LEGENDARY DECKS 1 Box (YGLD) - EXODIA DECK & EGYPTIAN GODS SET! deal","Yugioh YUGI'S LEGENDARY DECKS 1 Box (YGLD) - EXODIA DECK & EGYPTIAN GODS SET! price | Yugioh YUGI'S LEGENDARY DECKS 1 Box (YGLD) - EXODIA DECK & EGYPTIAN GODS SET! discount | eBay Yugioh YUGI'S LEGENDARY DECKS 1 Box (YGLD) - EXODIA DECK & EGYPTIAN GODS SET!","70","/merchant/ebay/",""
"ebay-item-178252138855","https://dealdesk.fyi/deals/ebay-item-178252138855/","Weiss Schwarz: Goddess of Victory: NIKKE vol. 2 (English) Booster Box 9/25 deal: $44.95 | DealDesk","Weiss Schwarz: Goddess of Victory: NIKKE vol. 2 (English) Booster Box 9/25 deal","Weiss Schwarz: Goddess of Victory: NIKKE vol. 2 (English) Booster Box 9/25 price | Weiss Schwarz: Goddess of Victory: NIKKE vol. 2 (English) Booster Box 9/25 discount | eBay Weiss Schwarz: Goddess of Victory: NIKKE vol. 2 (English) Booster Box 9/25","64","/merchant/ebay/",""
"ebay-item-178116986335","https://dealdesk.fyi/deals/ebay-item-178116986335/","SEALED DISPLAY CASE! 8x Starter Decks Rise of the Floodborn Disney Lorcana TCG deal: $31.92 | DealDesk","SEALED DISPLAY CASE! 8x Starter Decks Rise of the Floodborn Disney Lorcana TCG deal","SEALED DISPLAY CASE! 8x Starter Decks Rise of the Floodborn Disney Lorcana TCG price | SEALED DISPLAY CASE! 8x Starter Decks Rise of the Floodborn Disney Lorcana TCG discount | eBay SEALED DISPLAY CASE! 8x Starter Decks Rise of the Floodborn Disney Lorcana TCG","64","/merchant/ebay/",""
"ebay-item-306589505191","https://dealdesk.fyi/deals/ebay-item-306589505191/","Mega Dream ex Booster Box Sealed Pokémon Japanese Mega US SELLER SHIPS NOW! deal: $128.99 | DealDesk","Mega Dream ex Booster Box Sealed Pokémon Japanese Mega US SELLER SHIPS NOW! deal","Mega Dream ex Booster Box Sealed Pokémon Japanese Mega US SELLER SHIPS NOW! price | Mega Dream ex Booster Box Sealed Pokémon Japanese Mega US SELLER SHIPS NOW! discount | eBay Mega Dream ex Booster Box Sealed Pokémon Japanese Mega US SELLER SHIPS NOW!","64","/merchant/ebay/",""
"ebay-item-307048071635","https://dealdesk.fyi/deals/ebay-item-307048071635/","Storm Emeralda Booster Box M6 Japanese Pokemon Mega Evolution EX US Seller PSL deal: $184.99 | DealDesk","Storm Emeralda Booster Box M6 Japanese Pokemon Mega Evolution EX US Seller PSL deal","Storm Emeralda Booster Box M6 Japanese Pokemon Mega Evolution EX US Seller PSL price | Storm Emeralda Booster Box M6 Japanese Pokemon Mega Evolution EX US Seller PSL discount | eBay Storm Emeralda Booster Box M6 Japanese Pokemon Mega Evolution EX US Seller PSL","64","/merchant/ebay/",""
"ebay-item-178086954117","https://dealdesk.fyi/deals/ebay-item-178086954117/","Yu-Gi-Oh! Chaos Origins Booster Box deal: $74.95 | DealDesk","Yu-Gi-Oh! Chaos Origins Booster Box deal","Yu-Gi-Oh! Chaos Origins Booster Box price | Yu-Gi-Oh! Chaos Origins Booster Box discount | eBay Yu-Gi-Oh! Chaos Origins Booster Box","64","/merchant/ebay/",""
"ebay-item-336325157397","https://dealdesk.fyi/deals/ebay-item-336325157397/","Yugioh Legendary 5D's Decks Box Set Brand New Factory Sealed! IN HAND! deal: $28.95 | DealDesk","Yugioh Legendary 5D's Decks Box Set Brand New Factory Sealed! IN HAND! deal","Yugioh Legendary 5D's Decks Box Set Brand New Factory Sealed! IN HAND! price | Yugioh Legendary 5D's Decks Box Set Brand New Factory Sealed! IN HAND! discount | eBay Yugioh Legendary 5D's Decks Box Set Brand New Factory Sealed! IN HAND!","70","/merchant/ebay/",""
"ebay-item-186852040063","https://dealdesk.fyi/deals/ebay-item-186852040063/","Play Booster Box Aetherdrift DFT MTG deal: $109.99 | DealDesk","Play Booster Box Aetherdrift DFT MTG deal","Play Booster Box Aetherdrift DFT MTG price | Play Booster Box Aetherdrift DFT MTG discount | eBay Play Booster Box Aetherdrift DFT MTG","64","/merchant/ebay/",""
"ebay-item-188555872179","https://dealdesk.fyi/deals/ebay-item-188555872179/","SEALED CASE 12 Weiss Schwarz Goddess of Victory NIKKE vol 2 English Booster 9/25 deal: $495.95 | DealDesk","SEALED CASE 12 Weiss Schwarz Goddess of Victory NIKKE vol 2 English Booster 9/25 deal","SEALED CASE 12 Weiss Schwarz Goddess of Victory NIKKE vol 2 English Booster 9/25 price | SEALED CASE 12 Weiss Schwarz Goddess of Victory NIKKE vol 2 English Booster 9/25 discount | eBay SEALED CASE 12 Weiss Schwarz Goddess of Victory NIKKE vol 2 English Booster 9/25","64","/merchant/ebay/",""
"ebay-item-187773392107","https://dealdesk.fyi/deals/ebay-item-187773392107/","SEALED CASE! 6x Collector Booster Box Teenage Mutant Ninja Turtles TMT MTG deal: $2,579.94 | DealDesk","SEALED CASE! 6x Collector Booster Box Teenage Mutant Ninja Turtles TMT MTG deal","SEALED CASE! 6x Collector Booster Box Teenage Mutant Ninja Turtles TMT MTG price | SEALED CASE! 6x Collector Booster Box Teenage Mutant Ninja Turtles TMT MTG discount | eBay SEALED CASE! 6x Collector Booster Box Teenage Mutant Ninja Turtles TMT MTG","64","/merchant/ebay/",""
"ebay-item-188431847139","https://dealdesk.fyi/deals/ebay-item-188431847139/","Weiss Schwarz: Re:ZERO Starting Life in Another World Vol.3 English Booster 8/28 deal: $49.95 | DealDesk","Weiss Schwarz: Re:ZERO Starting Life in Another World Vol.3 English Booster 8/28 deal","Weiss Schwarz: Re:ZERO Starting Life in Another World Vol.3 English Booster 8/28 price | Weiss Schwarz: Re:ZERO Starting Life in Another World Vol.3 English Booster 8/28 discount | eBay Weiss Schwarz: Re:ZERO Starting Life in Another World Vol.3 English Booster 8/28","64","/merchant/ebay/",""
"ebay-item-178310743106","https://dealdesk.fyi/deals/ebay-item-178310743106/","Kuriboh ARTY Bag by Gatherers' Tavern Yu-Gi-Oh deal: $17.99 | DealDesk","Kuriboh ARTY Bag by Gatherers' Tavern Yu-Gi-Oh deal","Kuriboh ARTY Bag by Gatherers' Tavern Yu-Gi-Oh price | Kuriboh ARTY Bag by Gatherers' Tavern Yu-Gi-Oh discount | eBay Kuriboh ARTY Bag by Gatherers' Tavern Yu-Gi-Oh","64","/merchant/ebay/",""
"ebay-item-186793888039","https://dealdesk.fyi/deals/ebay-item-186793888039/","Outer Sleeves: Matte Clear Dragon Shield 100 ct. deal: $12.68 | DealDesk","Outer Sleeves: Matte Clear Dragon Shield 100 ct. deal","Outer Sleeves: Matte Clear Dragon Shield 100 ct. price | Outer Sleeves: Matte Clear Dragon Shield 100 ct. discount | eBay Outer Sleeves: Matte Clear Dragon Shield 100 ct.","64","/merchant/ebay/",""
"ebay-item-325691521731","https://dealdesk.fyi/deals/ebay-item-325691521731/","Yugioh Ghosts From The Past The 2nd Haunting Factory Sealed Display Box! deal: $113.99 | DealDesk","Yugioh Ghosts From The Past The 2nd Haunting Factory Sealed Display Box! deal","Yugioh Ghosts From The Past The 2nd Haunting Factory Sealed Display Box! price | Yugioh Ghosts From The Past The 2nd Haunting Factory Sealed Display Box! discount | eBay Yugioh Ghosts From The Past The 2nd Haunting Factory Sealed Display Box!","64","/merchant/ebay/",""
"ebay-item-187268912284","https://dealdesk.fyi/deals/ebay-item-187268912284/","Weiss Schwarz: Girls Band Cry (English) Premium Booster deal: $21.99 | DealDesk","Weiss Schwarz: Girls Band Cry (English) Premium Booster deal","Weiss Schwarz: Girls Band Cry (English) Premium Booster price | Weiss Schwarz: Girls Band Cry (English) Premium Booster discount | eBay Weiss Schwarz: Girls Band Cry (English) Premium Booster","64","/merchant/ebay/",""
"ebay-item-186703810346","https://dealdesk.fyi/deals/ebay-item-186703810346/","Booster Box Azurite Sea Disney Lorcana deal: $112.99 | DealDesk","Booster Box Azurite Sea Disney Lorcana deal","Booster Box Azurite Sea Disney Lorcana price | Booster Box Azurite Sea Disney Lorcana discount | eBay Booster Box Azurite Sea Disney Lorcana","64","/merchant/ebay/",""
"ebay-item-306998769759","https://dealdesk.fyi/deals/ebay-item-306998769759/","Pokemon TCG: Gemstone Gem Pack Volume.5 Booster Box (Chinese) US SELLER deal: $49.99 | DealDesk","Pokemon TCG: Gemstone Gem Pack Volume.5 Booster Box (Chinese) US SELLER deal","Pokemon TCG: Gemstone Gem Pack Volume.5 Booster Box (Chinese) US SELLER price | Pokemon TCG: Gemstone Gem Pack Volume.5 Booster Box (Chinese) US SELLER discount | eBay Pokemon TCG: Gemstone Gem Pack Volume.5 Booster Box (Chinese) US SELLER","64","/merchant/ebay/",""
"ebay-item-177998816956","https://dealdesk.fyi/deals/ebay-item-177998816956/","Play Booster Box Marvel Super Heroes MSH MTG deal: $124.95 | DealDesk","Play Booster Box Marvel Super Heroes MSH MTG deal","Play Booster Box Marvel Super Heroes MSH MTG price | Play Booster Box Marvel Super Heroes MSH MTG discount | eBay Play Booster Box Marvel Super Heroes MSH MTG","64","/merchant/ebay/",""
"ebay-item-178252138852","https://dealdesk.fyi/deals/ebay-item-178252138852/","Weiss Schwarz: Goddess of Victory: NIKKE vol. 2 (Japanese) Booster Box 9/18 deal: $44.95 | DealDesk","Weiss Schwarz: Goddess of Victory: NIKKE vol. 2 (Japanese) Booster Box 9/18 deal","Weiss Schwarz: Goddess of Victory: NIKKE vol. 2 (Japanese) Booster Box 9/18 price | Weiss Schwarz: Goddess of Victory: NIKKE vol. 2 (Japanese) Booster Box 9/18 discount | eBay Weiss Schwarz: Goddess of Victory: NIKKE vol. 2 (Japanese) Booster Box 9/18","64","/merchant/ebay/",""
"ebay-item-174313988318","https://dealdesk.fyi/deals/ebay-item-174313988318/","Perfect Fit Clear 100 ct Dragon Shield Sleeves Standard Size deal: $8.00 | DealDesk","Perfect Fit Clear 100 ct Dragon Shield Sleeves Standard Size deal","Perfect Fit Clear 100 ct Dragon Shield Sleeves Standard Size price | Perfect Fit Clear 100 ct Dragon Shield Sleeves Standard Size discount | eBay Perfect Fit Clear 100 ct Dragon Shield Sleeves Standard Size","64","/merchant/ebay/",""
"ebay-item-178170116936","https://dealdesk.fyi/deals/ebay-item-178170116936/","Draft Night Box The Hobbit HOB MTG PRESALE 8/7 deal: $134.99 | DealDesk","Draft Night Box The Hobbit HOB MTG PRESALE 8/7 deal","Draft Night Box The Hobbit HOB MTG PRESALE 8/7 price | Draft Night Box The Hobbit HOB MTG PRESALE 8/7 discount | eBay Draft Night Box The Hobbit HOB MTG PRESALE 8/7","64","/merchant/ebay/",""
"ebay-item-173488876775","https://dealdesk.fyi/deals/ebay-item-173488876775/","Matte Clear 100 ct Dragon Shield Sleeves Standard Size deal: $11.30 | DealDesk","Matte Clear 100 ct Dragon Shield Sleeves Standard Size deal","Matte Clear 100 ct Dragon Shield Sleeves Standard Size price | Matte Clear 100 ct Dragon Shield Sleeves Standard Size discount | eBay Matte Clear 100 ct Dragon Shield Sleeves Standard Size","64","/merchant/ebay/",""
"ebay-item-178116976414","https://dealdesk.fyi/deals/ebay-item-178116976414/","Set of 2 - 1 of Each - Starter Decks Rise of the Floodborn Disney Lorcana TCG deal: $15.98 | DealDesk","Set of 2 - 1 of Each - Starter Decks Rise of the Floodborn Disney Lorcana TCG deal","Set of 2 - 1 of Each - Starter Decks Rise of the Floodborn Disney Lorcana TCG price | Set of 2 - 1 of Each - Starter Decks Rise of the Floodborn Disney Lorcana TCG discount | eBay Set of 2 - 1 of Each - Starter Decks Rise of the Floodborn Disney Lorcana TCG","64","/merchant/ebay/",""
"ebay-item-176745905720","https://dealdesk.fyi/deals/ebay-item-176745905720/","SEALED CASE! 6x Play Booster Box Aetherdrift DFT MTG deal: $639.99 | DealDesk","SEALED CASE! 6x Play Booster Box Aetherdrift DFT MTG deal","SEALED CASE! 6x Play Booster Box Aetherdrift DFT MTG price | SEALED CASE! 6x Play Booster Box Aetherdrift DFT MTG discount | eBay SEALED CASE! 6x Play Booster Box Aetherdrift DFT MTG","64","/merchant/ebay/",""
"ebay-item-177998816960","https://dealdesk.fyi/deals/ebay-item-177998816960/","-Set of 4- Commander Decks Marvel Super Heroes MSH MTG deal: $199.99 | DealDesk","-Set of 4- Commander Decks Marvel Super Heroes MSH MTG deal","-Set of 4- Commander Decks Marvel Super Heroes MSH MTG price | -Set of 4- Commander Decks Marvel Super Heroes MSH MTG discount | eBay -Set of 4- Commander Decks Marvel Super Heroes MSH MTG","64","/merchant/ebay/",""
"ebay-item-398124643338","https://dealdesk.fyi/deals/ebay-item-398124643338/","Makita XUX02SM1X1-R 18V LXT Couple Shaft Power Head (4 Ah) Certified Refurbished deal: $197.99 | DealDesk","Makita XUX02SM1X1-R 18V LXT Couple Shaft Power Head (4 Ah) Certified Refurbished deal","Makita XUX02SM1X1-R 18V LXT Couple Shaft Power Head (4 Ah) Certified Refurbished price | Makita XUX02SM1X1-R 18V LXT Couple Shaft Power Head (4 Ah) Certified Refurbished discount | eBay Makita XUX02SM1X1-R 18V LXT Couple Shaft Power Head (4 Ah) Certified Refurbished","70","/merchant/ebay/",""
"ebay-item-294948352137","https://dealdesk.fyi/deals/ebay-item-294948352137/","Makita XDT13Z 18V LXT Li-Ion Brushless Impact Driver, Certified Refurbished deal: $121.77 | DealDesk","Makita XDT13Z 18V LXT Li-Ion Brushless Impact Driver, Certified Refurbished deal","Makita XDT13Z 18V LXT Li-Ion Brushless Impact Driver, Certified Refurbished price | Makita XDT13Z 18V LXT Li-Ion Brushless Impact Driver, Certified Refurbished discount | eBay Makita XDT13Z 18V LXT Li-Ion Brushless Impact Driver, Certified Refurbished","70","/merchant/ebay/",""
"ebay-item-398124643377","https://dealdesk.fyi/deals/ebay-item-398124643377/","Makita XUX02SM1X3-R 18V LXT Couple Shaft Power Head (4 Ah) Certified Refurbished deal: $307.07 | DealDesk","Makita XUX02SM1X3-R 18V LXT Couple Shaft Power Head (4 Ah) Certified Refurbished deal","Makita XUX02SM1X3-R 18V LXT Couple Shaft Power Head (4 Ah) Certified Refurbished price | Makita XUX02SM1X3-R 18V LXT Couple Shaft Power Head (4 Ah) Certified Refurbished discount | eBay Makita XUX02SM1X3-R 18V LXT Couple Shaft Power Head (4 Ah) Certified Refurbished","70","/merchant/ebay/",""
"ebay-item-168310739877-467834930787","https://dealdesk.fyi/deals/ebay-item-168310739877-467834930787/","Samsung Galaxy Watch 8 LTE 40mm Unlocked Smartwatch L325U - Excellent deal: $180.49 | DealDesk","Samsung Galaxy Watch 8 LTE 40mm Unlocked Smartwatch L325U - Excellent deal","Samsung Galaxy Watch 8 LTE 40mm Unlocked Smartwatch L325U - Excellent price | Samsung Galaxy Watch 8 LTE 40mm Unlocked Smartwatch L325U - Excellent discount | eBay Samsung Galaxy Watch 8 LTE 40mm Unlocked Smartwatch L325U - Excellent","70","/merchant/ebay/",""
"ebay-item-168187160154","https://dealdesk.fyi/deals/ebay-item-168187160154/","Apple AirPods Pro 3 (3rd Generation) Wireless Earbuds Type C - Excellent deal: $182.39 | DealDesk","Apple AirPods Pro 3 (3rd Generation) Wireless Earbuds Type C - Excellent deal","Apple AirPods Pro 3 (3rd Generation) Wireless Earbuds Type C - Excellent price | Apple AirPods Pro 3 (3rd Generation) Wireless Earbuds Type C - Excellent discount | eBay Apple AirPods Pro 3 (3rd Generation) Wireless Earbuds Type C - Excellent","70","/merchant/ebay/",""
"ebay-item-227273246661-526478756771","https://dealdesk.fyi/deals/ebay-item-227273246661-526478756771/","Apple iPhone 16e 128GB Unlocked Excellent Condition deal: $398.00 | DealDesk","Apple iPhone 16e 128GB Unlocked Excellent Condition deal","Apple iPhone 16e 128GB Unlocked Excellent Condition price | Apple iPhone 16e 128GB Unlocked Excellent Condition discount | eBay Apple iPhone 16e 128GB Unlocked Excellent Condition","70","/merchant/ebay/",""
"ebay-item-157695402900-459161028965","https://dealdesk.fyi/deals/ebay-item-157695402900-459161028965/","Apple Watch SE 3 40MM [GPS + Cellular ] Aluminu Case - Smartwatch - Excellent deal: $182.39 | DealDesk","Apple Watch SE 3 40MM [GPS + Cellular ] Aluminu Case - Smartwatch - Excellent deal","Apple Watch SE 3 40MM [GPS + Cellular ] Aluminu Case - Smartwatch - Excellent price | Apple Watch SE 3 40MM [GPS + Cellular ] Aluminu Case - Smartwatch - Excellent discount | eBay Apple Watch SE 3 40MM [GPS + Cellular ] Aluminu Case - Smartwatch - Excellent","70","/merchant/ebay/",""
"ebay-item-226668851790","https://dealdesk.fyi/deals/ebay-item-226668851790/","Apple iPad Pro 11-inch M4 Chip 256GB Wi-Fi Black MVV83LL/A Excellent Condition deal: $736.00 | DealDesk","Apple iPad Pro 11-inch M4 Chip 256GB Wi-Fi Black MVV83LL/A Excellent Condition deal","Apple iPad Pro 11-inch M4 Chip 256GB Wi-Fi Black MVV83LL/A Excellent Condition price | Apple iPad Pro 11-inch M4 Chip 256GB Wi-Fi Black MVV83LL/A Excellent Condition discount | eBay Apple iPad Pro 11-inch M4 Chip 256GB Wi-Fi Black MVV83LL/A Excellent Condition","70","/merchant/ebay/",""
"ebay-item-145471295759","https://dealdesk.fyi/deals/ebay-item-145471295759/","Excellent Callaway 300 Pro Slope Enhanced Model Golf Rangefinder 1 Year Warranty deal: $115.26 | DealDesk","Excellent Callaway 300 Pro Slope Enhanced Model Golf Rangefinder 1 Year Warranty deal","Excellent Callaway 300 Pro Slope Enhanced Model Golf Rangefinder 1 Year Warranty price | Excellent Callaway 300 Pro Slope Enhanced Model Golf Rangefinder 1 Year Warranty discount | eBay Excellent Callaway 300 Pro Slope Enhanced Model Golf Rangefinder 1 Year Warranty","70","/merchant/ebay/",""
"ebay-item-227124277310","https://dealdesk.fyi/deals/ebay-item-227124277310/","HUS726060ALA640 HGST Ultrastar 6TB SATA 6Gbps 7.2K 3.5"" Hard Drive OF21860 deal: $129.99 | DealDesk","HUS726060ALA640 HGST Ultrastar 6TB SATA 6Gbps 7.2K 3.5"" Hard Drive OF21860 deal","HUS726060ALA640 HGST Ultrastar 6TB SATA 6Gbps 7.2K 3.5"" Hard Drive OF21860 price | HUS726060ALA640 HGST Ultrastar 6TB SATA 6Gbps 7.2K 3.5"" Hard Drive OF21860 discount | eBay HUS726060ALA640 HGST Ultrastar 6TB SATA 6Gbps 7.2K 3.5"" Hard Drive OF21860","70","/merchant/ebay/",""
"ebay-item-227450972184","https://dealdesk.fyi/deals/ebay-item-227450972184/","Seagate Exos ST10000NM0226 10TB 3.5 12Gb/s SAS Enterprise HDD 4KN hard drive deal: $189.99 | DealDesk","Seagate Exos ST10000NM0226 10TB 3.5 12Gb/s SAS Enterprise HDD 4KN hard drive deal","Seagate Exos ST10000NM0226 10TB 3.5 12Gb/s SAS Enterprise HDD 4KN hard drive price | Seagate Exos ST10000NM0226 10TB 3.5 12Gb/s SAS Enterprise HDD 4KN hard drive discount | eBay Seagate Exos ST10000NM0226 10TB 3.5 12Gb/s SAS Enterprise HDD 4KN hard drive","70","/merchant/ebay/",""
